sales_fact_id,order_id,order_line_number,customer_key,customer_id,product_key,product_id,product_name,category,date_key,order_date,order_timestamp,region_key,region_name,customer_segment,quantity,unit_price,discount_amount,gross_amount,net_amount,payment_method
1,ORD_100001,1,79,CUST_0079,13,PROD_0013,Coffee Makers Pro-Series 1,Home & Kitchen,20260304,2026-03-04,2026-03-04 09:00:00,3,APAC,Premium,2,177.25,53.17,354.5,301.33,PayPal
2,ORD_100002,1,336,CUST_0336,44,PROD_0044,Audiobooks Pro-Series 2,Books & Media,20260527,2026-05-27,2026-05-27 17:00:00,3,APAC,Premium,3,86.85,39.08,260.55,221.47,Debit Card
3,ORD_100003,1,376,CUST_0376,23,PROD_0023,Robotic Vacuums Pro-Series 2,Home & Kitchen,20260417,2026-04-17,2026-04-17 05:00:00,2,EMEA,Standard,2,80.72,24.22,161.44,137.22,PayPal
4,ORD_100004,1,491,CUST_0491,4,PROD_0004,Laptops Pro-Series 1,Consumer Electronics,20260710,2026-07-10,2026-07-10 20:00:00,1,North America,Standard,1,328.32,0.0,328.32,328.32,Credit Card
5,ORD_100005,1,432,CUST_0432,41,PROD_0041,Tech Guides Pro-Series 2,Books & Media,20260227,2026-02-27,2026-02-27 04:00:00,2,EMEA,Standard,1,539.9,27.0,539.9,512.9,Credit Card
6,ORD_100006,1,234,CUST_0234,24,PROD_0024,Robotic Vacuums Pro-Series 3,Home & Kitchen,20250812,2025-08-12,2025-08-12 16:00:00,1,North America,VIP,5,106.82,80.11,534.1,453.99,Debit Card
7,ORD_100007,1,273,CUST_0273,36,PROD_0036,Watches Pro-Series 3,Apparel & Fashion,20250117,2025-01-17,2025-01-17 00:00:00,4,LATAM,Premium,1,387.69,0.0,387.69,387.69,Apple Pay
8,ORD_100008,1,9,CUST_0009,33,PROD_0033,Sportswear Pro-Series 3,Apparel & Fashion,20260703,2026-07-03,2026-07-03 09:00:00,4,LATAM,Premium,2,230.01,0.0,460.02,460.02,Credit Card
9,ORD_100009,1,124,CUST_0124,13,PROD_0013,Coffee Makers Pro-Series 1,Home & Kitchen,20260621,2026-06-21,2026-06-21 04:00:00,3,APAC,VIP,3,177.25,53.18,531.75,478.57,Debit Card
10,ORD_100010,1,492,CUST_0492,26,PROD_0026,Men's Jackets Pro-Series 2,Apparel & Fashion,20250322,2025-03-22,2025-03-22 11:00:00,4,LATAM,Standard,5,387.88,96.97,1939.4,1842.43,PayPal
11,ORD_100011,1,424,CUST_0424,6,PROD_0006,Laptops Pro-Series 3,Consumer Electronics,20251104,2025-11-04,2025-11-04 21:00:00,1,North America,Standard,1,304.52,45.68,304.52,258.84,Debit Card
12,ORD_100012,1,244,CUST_0244,4,PROD_0004,Laptops Pro-Series 1,Consumer Electronics,20260122,2026-01-22,2026-01-22 17:00:00,1,North America,Premium,2,328.32,0.0,656.64,656.64,Debit Card
13,ORD_100013,1,402,CUST_0402,22,PROD_0022,Robotic Vacuums Pro-Series 1,Home & Kitchen,20260321,2026-03-21,2026-03-21 20:00:00,1,North America,Standard,5,573.0,0.0,2865.0,2865.0,PayPal
14,ORD_100014,1,455,CUST_0455,37,PROD_0037,Hardcover Novels Pro-Series 1,Books & Media,20250805,2025-08-05,2025-08-05 22:00:00,4,LATAM,Standard,3,271.24,0.0,813.72,813.72,Credit Card
15,ORD_100015,1,289,CUST_0289,43,PROD_0043,Audiobooks Pro-Series 1,Books & Media,20251015,2025-10-15,2025-10-15 17:00:00,1,North America,Premium,2,262.83,52.57,525.66,473.09,Credit Card
16,ORD_100016,1,74,CUST_0074,26,PROD_0026,Men's Jackets Pro-Series 2,Apparel & Fashion,20250801,2025-08-01,2025-08-01 18:00:00,1,North America,Premium,3,387.88,58.18,1163.64,1105.46,PayPal
17,ORD_100017,1,347,CUST_0347,35,PROD_0035,Watches Pro-Series 2,Apparel & Fashion,20260804,2026-08-04,2026-08-04 12:00:00,3,APAC,Standard,4,495.6,99.12,1982.4,1883.28,Credit Card
18,ORD_100018,1,499,CUST_0499,23,PROD_0023,Robotic Vacuums Pro-Series 2,Home & Kitchen,20260528,2026-05-28,2026-05-28 23:00:00,1,North America,Standard,1,80.72,12.11,80.72,68.61,PayPal
19,ORD_100019,1,310,CUST_0310,40,PROD_0040,Tech Guides Pro-Series 1,Books & Media,20250319,2025-03-19,2025-03-19 10:00:00,4,LATAM,Standard,3,507.6,0.0,1522.8,1522.8,Apple Pay
20,ORD_100020,1,117,CUST_0117,23,PROD_0023,Robotic Vacuums Pro-Series 2,Home & Kitchen,20260407,2026-04-07,2026-04-07 15:00:00,4,LATAM,Standard,4,80.72,16.14,322.88,306.74,Debit Card
21,ORD_100021,1,152,CUST_0152,16,PROD_0016,Air Fryers Pro-Series 1,Home & Kitchen,20250329,2025-03-29,2025-03-29 19:00:00,1,North America,Premium,1,403.75,40.38,403.75,363.37,PayPal
22,ORD_100022,1,402,CUST_0402,41,PROD_0041,Tech Guides Pro-Series 2,Books & Media,20260125,2026-01-25,2026-01-25 22:00:00,2,EMEA,Standard,4,539.9,215.96,2159.6,1943.64,Apple Pay
23,ORD_100023,1,3,CUST_0003,20,PROD_0020,Blenders Pro-Series 2,Home & Kitchen,20250420,2025-04-20,2025-04-20 02:00:00,4,LATAM,Standard,3,80.82,24.25,242.46,218.21,Credit Card
24,ORD_100024,1,96,CUST_0096,28,PROD_0028,Women's Sneakers Pro-Series 1,Apparel & Fashion,20250516,2025-05-16,2025-05-16 02:00:00,4,LATAM,Standard,5,301.74,226.31,1508.7,1282.39,Credit Card
25,ORD_100025,1,182,CUST_0182,36,PROD_0036,Watches Pro-Series 3,Apparel & Fashion,20250127,2025-01-27,2025-01-27 02:00:00,1,North America,Standard,5,387.69,193.85,1938.45,1744.6,Debit Card
26,ORD_100026,1,212,CUST_0212,25,PROD_0025,Men's Jackets Pro-Series 1,Apparel & Fashion,20250113,2025-01-13,2025-01-13 09:00:00,1,North America,Premium,5,381.42,95.36,1907.1,1811.74,PayPal
27,ORD_100027,1,72,CUST_0072,18,PROD_0018,Air Fryers Pro-Series 3,Home & Kitchen,20260125,2026-01-25,2026-01-25 05:00:00,3,APAC,Premium,3,497.95,224.08,1493.85,1269.77,PayPal
28,ORD_100028,1,223,CUST_0223,18,PROD_0018,Air Fryers Pro-Series 3,Home & Kitchen,20250306,2025-03-06,2025-03-06 05:00:00,4,LATAM,Standard,3,497.95,224.08,1493.85,1269.77,Credit Card
29,ORD_100029,1,484,CUST_0484,16,PROD_0016,Air Fryers Pro-Series 1,Home & Kitchen,20260105,2026-01-05,2026-01-05 08:00:00,4,LATAM,Standard,5,403.75,100.94,2018.75,1917.81,Debit Card
30,ORD_100030,1,156,CUST_0156,1,PROD_0001,Smartphones Pro-Series 1,Consumer Electronics,20250420,2025-04-20,2025-04-20 04:00:00,4,LATAM,Standard,3,247.49,111.37,742.47,631.1,Apple Pay
31,ORD_100031,1,221,CUST_0221,42,PROD_0042,Tech Guides Pro-Series 3,Books & Media,20260327,2026-03-27,2026-03-27 10:00:00,2,EMEA,Standard,3,201.79,60.54,605.37,544.83,PayPal
32,ORD_100032,1,91,CUST_0091,26,PROD_0026,Men's Jackets Pro-Series 2,Apparel & Fashion,20260506,2026-05-06,2026-05-06 10:00:00,3,APAC,Standard,3,387.88,174.55,1163.64,989.09,PayPal
33,ORD_100033,1,144,CUST_0144,26,PROD_0026,Men's Jackets Pro-Series 2,Apparel & Fashion,20251130,2025-11-30,2025-11-30 12:00:00,3,APAC,Premium,1,387.88,19.39,387.88,368.49,PayPal
34,ORD_100034,1,488,CUST_0488,30,PROD_0030,Women's Sneakers Pro-Series 3,Apparel & Fashion,20260718,2026-07-18,2026-07-18 00:00:00,2,EMEA,VIP,4,378.05,151.22,1512.2,1360.98,Credit Card
35,ORD_100035,1,256,CUST_0256,9,PROD_0009,Audio Headphones Pro-Series 3,Consumer Electronics,20260223,2026-02-23,2026-02-23 21:00:00,3,APAC,Premium,2,512.06,102.41,1024.12,921.71,PayPal
36,ORD_100036,1,38,CUST_0038,29,PROD_0029,Women's Sneakers Pro-Series 2,Apparel & Fashion,20260310,2026-03-10,2026-03-10 12:00:00,4,LATAM,Standard,5,420.39,315.29,2101.95,1786.66,Debit Card
37,ORD_100037,1,405,CUST_0405,24,PROD_0024,Robotic Vacuums Pro-Series 3,Home & Kitchen,20260711,2026-07-11,2026-07-11 01:00:00,1,North America,Standard,1,106.82,5.34,106.82,101.48,Apple Pay
38,ORD_100038,1,314,CUST_0314,3,PROD_0003,Smartphones Pro-Series 3,Consumer Electronics,20250620,2025-06-20,2025-06-20 20:00:00,4,LATAM,VIP,3,194.64,87.59,583.92,496.33,Credit Card
39,ORD_100039,1,133,CUST_0133,15,PROD_0015,Coffee Makers Pro-Series 3,Home & Kitchen,20250111,2025-01-11,2025-01-11 03:00:00,2,EMEA,VIP,4,397.04,158.82,1588.16,1429.34,Debit Card
40,ORD_100040,1,302,CUST_0302,45,PROD_0045,Audiobooks Pro-Series 3,Books & Media,20260420,2026-04-20,2026-04-20 21:00:00,2,EMEA,Standard,3,512.51,0.0,1537.53,1537.53,Debit Card
41,ORD_100041,1,213,CUST_0213,6,PROD_0006,Laptops Pro-Series 3,Consumer Electronics,20250418,2025-04-18,2025-04-18 09:00:00,1,North America,VIP,2,304.52,60.9,609.04,548.14,Apple Pay
42,ORD_100042,1,402,CUST_0402,14,PROD_0014,Coffee Makers Pro-Series 2,Home & Kitchen,20251218,2025-12-18,2025-12-18 14:00:00,4,LATAM,Standard,3,94.28,42.43,282.84,240.41,Credit Card
43,ORD_100043,1,357,CUST_0357,29,PROD_0029,Women's Sneakers Pro-Series 2,Apparel & Fashion,20260325,2026-03-25,2026-03-25 23:00:00,3,APAC,Premium,1,420.39,42.04,420.39,378.35,Credit Card
44,ORD_100044,1,435,CUST_0435,22,PROD_0022,Robotic Vacuums Pro-Series 1,Home & Kitchen,20250428,2025-04-28,2025-04-28 00:00:00,1,North America,Standard,2,573.0,57.3,1146.0,1088.7,PayPal
45,ORD_100045,1,170,CUST_0170,36,PROD_0036,Watches Pro-Series 3,Apparel & Fashion,20260720,2026-07-20,2026-07-20 05:00:00,4,LATAM,Premium,4,387.69,77.54,1550.76,1473.22,Debit Card
46,ORD_100046,1,328,CUST_0328,43,PROD_0043,Audiobooks Pro-Series 1,Books & Media,20250708,2025-07-08,2025-07-08 05:00:00,4,LATAM,Standard,4,262.83,0.0,1051.32,1051.32,PayPal
47,ORD_100047,1,220,CUST_0220,25,PROD_0025,Men's Jackets Pro-Series 1,Apparel & Fashion,20260406,2026-04-06,2026-04-06 18:00:00,1,North America,Premium,2,381.42,38.14,762.84,724.7,Apple Pay
48,ORD_100048,1,53,CUST_0053,35,PROD_0035,Watches Pro-Series 2,Apparel & Fashion,20250306,2025-03-06,2025-03-06 18:00:00,2,EMEA,Standard,3,495.6,148.68,1486.8,1338.12,PayPal
49,ORD_100049,1,135,CUST_0135,43,PROD_0043,Audiobooks Pro-Series 1,Books & Media,20260414,2026-04-14,2026-04-14 03:00:00,4,LATAM,Standard,5,262.83,131.41,1314.15,1182.74,Debit Card
50,ORD_100050,1,59,CUST_0059,23,PROD_0023,Robotic Vacuums Pro-Series 2,Home & Kitchen,20260206,2026-02-06,2026-02-06 18:00:00,3,APAC,Standard,4,80.72,16.14,322.88,306.74,Apple Pay
51,ORD_100051,1,69,CUST_0069,21,PROD_0021,Blenders Pro-Series 3,Home & Kitchen,20250328,2025-03-28,2025-03-28 21:00:00,1,North America,Standard,2,137.29,27.46,274.58,247.12,Credit Card
52,ORD_100052,1,356,CUST_0356,10,PROD_0010,Smartwatches Pro-Series 1,Consumer Electronics,20250707,2025-07-07,2025-07-07 11:00:00,4,LATAM,Premium,4,238.77,47.75,955.08,907.33,Debit Card
53,ORD_100053,1,250,CUST_0250,41,PROD_0041,Tech Guides Pro-Series 2,Books & Media,20260310,2026-03-10,2026-03-10 05:00:00,2,EMEA,Standard,5,539.9,134.97,2699.5,2564.53,Debit Card
54,ORD_100054,1,96,CUST_0096,21,PROD_0021,Blenders Pro-Series 3,Home & Kitchen,20251023,2025-10-23,2025-10-23 04:00:00,4,LATAM,Standard,5,137.29,0.0,686.45,686.45,Apple Pay
55,ORD_100055,1,70,CUST_0070,13,PROD_0013,Coffee Makers Pro-Series 1,Home & Kitchen,20250110,2025-01-10,2025-01-10 15:00:00,4,LATAM,Standard,5,177.25,132.94,886.25,753.31,Debit Card
56,ORD_100056,1,364,CUST_0364,29,PROD_0029,Women's Sneakers Pro-Series 2,Apparel & Fashion,20260519,2026-05-19,2026-05-19 13:00:00,4,LATAM,VIP,2,420.39,0.0,840.78,840.78,Credit Card
57,ORD_100057,1,17,CUST_0017,18,PROD_0018,Air Fryers Pro-Series 3,Home & Kitchen,20250814,2025-08-14,2025-08-14 09:00:00,2,EMEA,Premium,5,497.95,248.98,2489.75,2240.77,PayPal
58,ORD_100058,1,381,CUST_0381,32,PROD_0032,Sportswear Pro-Series 2,Apparel & Fashion,20260414,2026-04-14,2026-04-14 18:00:00,1,North America,Standard,5,106.55,0.0,532.75,532.75,Apple Pay
59,ORD_100059,1,278,CUST_0278,3,PROD_0003,Smartphones Pro-Series 3,Consumer Electronics,20260711,2026-07-11,2026-07-11 11:00:00,4,LATAM,Standard,5,194.64,48.66,973.2,924.54,Debit Card
60,ORD_100060,1,425,CUST_0425,42,PROD_0042,Tech Guides Pro-Series 3,Books & Media,20250415,2025-04-15,2025-04-15 23:00:00,2,EMEA,Standard,3,201.79,0.0,605.37,605.37,Debit Card
61,ORD_100061,1,442,CUST_0442,6,PROD_0006,Laptops Pro-Series 3,Consumer Electronics,20250927,2025-09-27,2025-09-27 11:00:00,4,LATAM,Standard,1,304.52,15.23,304.52,289.29,PayPal
62,ORD_100062,1,313,CUST_0313,41,PROD_0041,Tech Guides Pro-Series 2,Books & Media,20251226,2025-12-26,2025-12-26 22:00:00,4,LATAM,Standard,2,539.9,53.99,1079.8,1025.81,PayPal
63,ORD_100063,1,292,CUST_0292,23,PROD_0023,Robotic Vacuums Pro-Series 2,Home & Kitchen,20250731,2025-07-31,2025-07-31 01:00:00,3,APAC,Standard,5,80.72,20.18,403.6,383.42,Apple Pay
64,ORD_100064,1,294,CUST_0294,18,PROD_0018,Air Fryers Pro-Series 3,Home & Kitchen,20251027,2025-10-27,2025-10-27 09:00:00,1,North America,Standard,2,497.95,149.38,995.9,846.52,Credit Card
65,ORD_100065,1,65,CUST_0065,45,PROD_0045,Audiobooks Pro-Series 3,Books & Media,20251011,2025-10-11,2025-10-11 20:00:00,2,EMEA,Standard,2,512.51,51.25,1025.02,973.77,Apple Pay
66,ORD_100066,1,202,CUST_0202,32,PROD_0032,Sportswear Pro-Series 2,Apparel & Fashion,20250911,2025-09-11,2025-09-11 21:00:00,2,EMEA,Standard,5,106.55,53.28,532.75,479.47,Debit Card
67,ORD_100067,1,39,CUST_0039,41,PROD_0041,Tech Guides Pro-Series 2,Books & Media,20260120,2026-01-20,2026-01-20 14:00:00,1,North America,Standard,4,539.9,215.96,2159.6,1943.64,Apple Pay
68,ORD_100068,1,168,CUST_0168,38,PROD_0038,Hardcover Novels Pro-Series 2,Books & Media,20260411,2026-04-11,2026-04-11 15:00:00,1,North America,Standard,1,157.75,23.66,157.75,134.09,Apple Pay
69,ORD_100069,1,204,CUST_0204,14,PROD_0014,Coffee Makers Pro-Series 2,Home & Kitchen,20250306,2025-03-06,2025-03-06 17:00:00,4,LATAM,Standard,2,94.28,28.28,188.56,160.28,Apple Pay
70,ORD_100070,1,173,CUST_0173,36,PROD_0036,Watches Pro-Series 3,Apparel & Fashion,20251127,2025-11-27,2025-11-27 09:00:00,2,EMEA,Premium,5,387.69,290.77,1938.45,1647.68,Apple Pay
71,ORD_100071,1,51,CUST_0051,41,PROD_0041,Tech Guides Pro-Series 2,Books & Media,20250219,2025-02-19,2025-02-19 01:00:00,4,LATAM,Standard,1,539.9,0.0,539.9,539.9,PayPal
72,ORD_100072,1,1,CUST_0001,28,PROD_0028,Women's Sneakers Pro-Series 1,Apparel & Fashion,20260328,2026-03-28,2026-03-28 14:00:00,2,EMEA,Premium,2,301.74,60.35,603.48,543.13,PayPal
73,ORD_100073,1,336,CUST_0336,24,PROD_0024,Robotic Vacuums Pro-Series 3,Home & Kitchen,20251008,2025-10-08,2025-10-08 02:00:00,3,APAC,Premium,1,106.82,10.68,106.82,96.14,PayPal
74,ORD_100074,1,321,CUST_0321,20,PROD_0020,Blenders Pro-Series 2,Home & Kitchen,20250223,2025-02-23,2025-02-23 12:00:00,2,EMEA,Standard,4,80.82,0.0,323.28,323.28,Credit Card
75,ORD_100075,1,245,CUST_0245,5,PROD_0005,Laptops Pro-Series 2,Consumer Electronics,20250102,2025-01-02,2025-01-02 06:00:00,2,EMEA,Premium,5,144.32,36.08,721.6,685.52,Debit Card
76,ORD_100076,1,357,CUST_0357,22,PROD_0022,Robotic Vacuums Pro-Series 1,Home & Kitchen,20250110,2025-01-10,2025-01-10 00:00:00,1,North America,Premium,4,573.0,114.6,2292.0,2177.4,Debit Card
77,ORD_100077,1,197,CUST_0197,6,PROD_0006,Laptops Pro-Series 3,Consumer Electronics,20250314,2025-03-14,2025-03-14 07:00:00,1,North America,Standard,1,304.52,30.45,304.52,274.07,Apple Pay
78,ORD_100078,1,196,CUST_0196,9,PROD_0009,Audio Headphones Pro-Series 3,Consumer Electronics,20251103,2025-11-03,2025-11-03 04:00:00,2,EMEA,Standard,1,512.06,0.0,512.06,512.06,PayPal
79,ORD_100079,1,370,CUST_0370,14,PROD_0014,Coffee Makers Pro-Series 2,Home & Kitchen,20260327,2026-03-27,2026-03-27 11:00:00,2,EMEA,Premium,4,94.28,56.57,377.12,320.55,PayPal
80,ORD_100080,1,72,CUST_0072,8,PROD_0008,Audio Headphones Pro-Series 2,Consumer Electronics,20250330,2025-03-30,2025-03-30 03:00:00,4,LATAM,Premium,3,596.84,268.58,1790.52,1521.94,Apple Pay
81,ORD_100081,1,142,CUST_0142,42,PROD_0042,Tech Guides Pro-Series 3,Books & Media,20250524,2025-05-24,2025-05-24 07:00:00,1,North America,Standard,2,201.79,40.36,403.58,363.22,Credit Card
82,ORD_100082,1,266,CUST_0266,39,PROD_0039,Hardcover Novels Pro-Series 3,Books & Media,20251105,2025-11-05,2025-11-05 06:00:00,2,EMEA,Premium,4,217.64,87.06,870.56,783.5,Credit Card
83,ORD_100083,1,198,CUST_0198,8,PROD_0008,Audio Headphones Pro-Series 2,Consumer Electronics,20250903,2025-09-03,2025-09-03 15:00:00,2,EMEA,VIP,4,596.84,0.0,2387.36,2387.36,Credit Card
84,ORD_100084,1,68,CUST_0068,25,PROD_0025,Men's Jackets Pro-Series 1,Apparel & Fashion,20260105,2026-01-05,2026-01-05 10:00:00,4,LATAM,Standard,3,381.42,57.21,1144.26,1087.05,Debit Card
85,ORD_100085,1,301,CUST_0301,5,PROD_0005,Laptops Pro-Series 2,Consumer Electronics,20250316,2025-03-16,2025-03-16 00:00:00,1,North America,Premium,3,144.32,21.65,432.96,411.31,Credit Card
86,ORD_100086,1,260,CUST_0260,19,PROD_0019,Blenders Pro-Series 1,Home & Kitchen,20250303,2025-03-03,2025-03-03 12:00:00,4,LATAM,Standard,4,523.93,314.36,2095.72,1781.36,Credit Card
87,ORD_100087,1,316,CUST_0316,10,PROD_0010,Smartwatches Pro-Series 1,Consumer Electronics,20260704,2026-07-04,2026-07-04 17:00:00,3,APAC,Standard,1,238.77,23.88,238.77,214.89,Credit Card
88,ORD_100088,1,499,CUST_0499,10,PROD_0010,Smartwatches Pro-Series 1,Consumer Electronics,20260608,2026-06-08,2026-06-08 06:00:00,3,APAC,Standard,4,238.77,0.0,955.08,955.08,Apple Pay
89,ORD_100089,1,489,CUST_0489,16,PROD_0016,Air Fryers Pro-Series 1,Home & Kitchen,20260324,2026-03-24,2026-03-24 23:00:00,1,North America,Standard,2,403.75,0.0,807.5,807.5,Debit Card
90,ORD_100090,1,314,CUST_0314,39,PROD_0039,Hardcover Novels Pro-Series 3,Books & Media,20250429,2025-04-29,2025-04-29 14:00:00,1,North America,VIP,3,217.64,32.65,652.92,620.27,Credit Card
91,ORD_100091,1,71,CUST_0071,45,PROD_0045,Audiobooks Pro-Series 3,Books & Media,20250113,2025-01-13,2025-01-13 22:00:00,1,North America,Standard,2,512.51,153.75,1025.02,871.27,Apple Pay
92,ORD_100092,1,401,CUST_0401,17,PROD_0017,Air Fryers Pro-Series 2,Home & Kitchen,20260620,2026-06-20,2026-06-20 16:00:00,2,EMEA,Standard,3,438.78,65.82,1316.34,1250.52,Apple Pay
93,ORD_100093,1,172,CUST_0172,28,PROD_0028,Women's Sneakers Pro-Series 1,Apparel & Fashion,20250501,2025-05-01,2025-05-01 00:00:00,3,APAC,Standard,5,301.74,0.0,1508.7,1508.7,Apple Pay
94,ORD_100094,1,40,CUST_0040,32,PROD_0032,Sportswear Pro-Series 2,Apparel & Fashion,20260814,2026-08-14,2026-08-14 20:00:00,4,LATAM,Standard,5,106.55,53.28,532.75,479.47,Credit Card
95,ORD_100095,1,86,CUST_0086,24,PROD_0024,Robotic Vacuums Pro-Series 3,Home & Kitchen,20260527,2026-05-27,2026-05-27 18:00:00,2,EMEA,Premium,3,106.82,0.0,320.46,320.46,Credit Card
96,ORD_100096,1,261,CUST_0261,1,PROD_0001,Smartphones Pro-Series 1,Consumer Electronics,20250822,2025-08-22,2025-08-22 23:00:00,1,North America,VIP,1,247.49,12.37,247.49,235.12,Credit Card
97,ORD_100097,1,197,CUST_0197,10,PROD_0010,Smartwatches Pro-Series 1,Consumer Electronics,20260429,2026-04-29,2026-04-29 11:00:00,2,EMEA,Standard,1,238.77,35.82,238.77,202.95,PayPal
98,ORD_100098,1,214,CUST_0214,21,PROD_0021,Blenders Pro-Series 3,Home & Kitchen,20251126,2025-11-26,2025-11-26 07:00:00,3,APAC,Premium,1,137.29,13.73,137.29,123.56,Credit Card
99,ORD_100099,1,462,CUST_0462,4,PROD_0004,Laptops Pro-Series 1,Consumer Electronics,20260530,2026-05-30,2026-05-30 21:00:00,2,EMEA,Standard,2,328.32,0.0,656.64,656.64,Debit Card
100,ORD_100100,1,444,CUST_0444,19,PROD_0019,Blenders Pro-Series 1,Home & Kitchen,20250312,2025-03-12,2025-03-12 14:00:00,3,APAC,Standard,3,523.93,0.0,1571.79,1571.79,Debit Card
101,ORD_100101,1,103,CUST_0103,19,PROD_0019,Blenders Pro-Series 1,Home & Kitchen,20250109,2025-01-09,2025-01-09 11:00:00,3,APAC,Premium,5,523.93,130.98,2619.65,2488.67,Debit Card
102,ORD_100102,1,498,CUST_0498,32,PROD_0032,Sportswear Pro-Series 2,Apparel & Fashion,20260113,2026-01-13,2026-01-13 18:00:00,2,EMEA,Standard,5,106.55,26.64,532.75,506.11,PayPal
103,ORD_100103,1,13,CUST_0013,15,PROD_0015,Coffee Makers Pro-Series 3,Home & Kitchen,20250107,2025-01-07,2025-01-07 13:00:00,3,APAC,Standard,1,397.04,39.7,397.04,357.34,Credit Card
104,ORD_100104,1,373,CUST_0373,20,PROD_0020,Blenders Pro-Series 2,Home & Kitchen,20260121,2026-01-21,2026-01-21 23:00:00,1,North America,Standard,2,80.82,8.08,161.64,153.56,Debit Card
105,ORD_100105,1,498,CUST_0498,10,PROD_0010,Smartwatches Pro-Series 1,Consumer Electronics,20260519,2026-05-19,2026-05-19 01:00:00,3,APAC,Standard,1,238.77,0.0,238.77,238.77,PayPal
106,ORD_100106,1,359,CUST_0359,24,PROD_0024,Robotic Vacuums Pro-Series 3,Home & Kitchen,20260617,2026-06-17,2026-06-17 13:00:00,4,LATAM,Standard,1,106.82,0.0,106.82,106.82,PayPal
107,ORD_100107,1,304,CUST_0304,37,PROD_0037,Hardcover Novels Pro-Series 1,Books & Media,20260208,2026-02-08,2026-02-08 02:00:00,1,North America,Standard,4,271.24,54.25,1084.96,1030.71,PayPal
108,ORD_100108,1,436,CUST_0436,21,PROD_0021,Blenders Pro-Series 3,Home & Kitchen,20251026,2025-10-26,2025-10-26 08:00:00,4,LATAM,Premium,3,137.29,41.19,411.87,370.68,Debit Card
109,ORD_100109,1,39,CUST_0039,13,PROD_0013,Coffee Makers Pro-Series 1,Home & Kitchen,20251006,2025-10-06,2025-10-06 07:00:00,2,EMEA,Standard,5,177.25,0.0,886.25,886.25,PayPal
110,ORD_100110,1,231,CUST_0231,30,PROD_0030,Women's Sneakers Pro-Series 3,Apparel & Fashion,20250419,2025-04-19,2025-04-19 05:00:00,3,APAC,Premium,4,378.05,0.0,1512.2,1512.2,Apple Pay
111,ORD_100111,1,158,CUST_0158,30,PROD_0030,Women's Sneakers Pro-Series 3,Apparel & Fashion,20250801,2025-08-01,2025-08-01 14:00:00,3,APAC,Premium,1,378.05,0.0,378.05,378.05,PayPal
112,ORD_100112,1,357,CUST_0357,39,PROD_0039,Hardcover Novels Pro-Series 3,Books & Media,20251108,2025-11-08,2025-11-08 22:00:00,1,North America,Premium,2,217.64,43.53,435.28,391.75,PayPal
113,ORD_100113,1,128,CUST_0128,23,PROD_0023,Robotic Vacuums Pro-Series 2,Home & Kitchen,20250404,2025-04-04,2025-04-04 22:00:00,4,LATAM,Premium,5,80.72,0.0,403.6,403.6,Apple Pay
114,ORD_100114,1,16,CUST_0016,26,PROD_0026,Men's Jackets Pro-Series 2,Apparel & Fashion,20250924,2025-09-24,2025-09-24 05:00:00,4,LATAM,Standard,5,387.88,96.97,1939.4,1842.43,Credit Card
115,ORD_100115,1,412,CUST_0412,9,PROD_0009,Audio Headphones Pro-Series 3,Consumer Electronics,20260419,2026-04-19,2026-04-19 03:00:00,1,North America,Standard,1,512.06,0.0,512.06,512.06,PayPal
116,ORD_100116,1,422,CUST_0422,26,PROD_0026,Men's Jackets Pro-Series 2,Apparel & Fashion,20250514,2025-05-14,2025-05-14 06:00:00,3,APAC,Premium,1,387.88,38.79,387.88,349.09,Credit Card
117,ORD_100117,1,102,CUST_0102,42,PROD_0042,Tech Guides Pro-Series 3,Books & Media,20250123,2025-01-23,2025-01-23 02:00:00,4,LATAM,Premium,2,201.79,0.0,403.58,403.58,Apple Pay
118,ORD_100118,1,483,CUST_0483,30,PROD_0030,Women's Sneakers Pro-Series 3,Apparel & Fashion,20250506,2025-05-06,2025-05-06 01:00:00,1,North America,Premium,2,378.05,113.42,756.1,642.68,Debit Card
119,ORD_100119,1,196,CUST_0196,44,PROD_0044,Audiobooks Pro-Series 2,Books & Media,20260524,2026-05-24,2026-05-24 00:00:00,4,LATAM,Standard,2,86.85,17.37,173.7,156.33,PayPal
120,ORD_100120,1,144,CUST_0144,29,PROD_0029,Women's Sneakers Pro-Series 2,Apparel & Fashion,20250711,2025-07-11,2025-07-11 08:00:00,2,EMEA,Premium,1,420.39,21.02,420.39,399.37,Apple Pay
121,ORD_100121,1,452,CUST_0452,36,PROD_0036,Watches Pro-Series 3,Apparel & Fashion,20260526,2026-05-26,2026-05-26 13:00:00,4,LATAM,Premium,1,387.69,0.0,387.69,387.69,Apple Pay
122,ORD_100122,1,215,CUST_0215,13,PROD_0013,Coffee Makers Pro-Series 1,Home & Kitchen,20260128,2026-01-28,2026-01-28 04:00:00,2,EMEA,Premium,5,177.25,0.0,886.25,886.25,Debit Card
123,ORD_100123,1,279,CUST_0279,32,PROD_0032,Sportswear Pro-Series 2,Apparel & Fashion,20260103,2026-01-03,2026-01-03 15:00:00,3,APAC,Standard,5,106.55,53.28,532.75,479.47,Debit Card
124,ORD_100124,1,14,CUST_0014,21,PROD_0021,Blenders Pro-Series 3,Home & Kitchen,20251004,2025-10-04,2025-10-04 05:00:00,2,EMEA,Standard,1,137.29,13.73,137.29,123.56,Credit Card
125,ORD_100125,1,184,CUST_0184,38,PROD_0038,Hardcover Novels Pro-Series 2,Books & Media,20260429,2026-04-29,2026-04-29 16:00:00,2,EMEA,Premium,2,157.75,0.0,315.5,315.5,PayPal
126,ORD_100126,1,274,CUST_0274,4,PROD_0004,Laptops Pro-Series 1,Consumer Electronics,20250904,2025-09-04,2025-09-04 08:00:00,2,EMEA,Standard,5,328.32,246.24,1641.6,1395.36,Apple Pay
127,ORD_100127,1,122,CUST_0122,38,PROD_0038,Hardcover Novels Pro-Series 2,Books & Media,20250627,2025-06-27,2025-06-27 05:00:00,3,APAC,Standard,3,157.75,0.0,473.25,473.25,Apple Pay
128,ORD_100128,1,73,CUST_0073,37,PROD_0037,Hardcover Novels Pro-Series 1,Books & Media,20260805,2026-08-05,2026-08-05 18:00:00,2,EMEA,Premium,4,271.24,108.5,1084.96,976.46,PayPal
129,ORD_100129,1,47,CUST_0047,4,PROD_0004,Laptops Pro-Series 1,Consumer Electronics,20260518,2026-05-18,2026-05-18 01:00:00,2,EMEA,Standard,5,328.32,82.08,1641.6,1559.52,Credit Card
130,ORD_100130,1,1,CUST_0001,22,PROD_0022,Robotic Vacuums Pro-Series 1,Home & Kitchen,20260624,2026-06-24,2026-06-24 15:00:00,2,EMEA,Premium,2,573.0,114.6,1146.0,1031.4,PayPal
131,ORD_100131,1,12,CUST_0012,10,PROD_0010,Smartwatches Pro-Series 1,Consumer Electronics,20251128,2025-11-28,2025-11-28 01:00:00,2,EMEA,VIP,1,238.77,23.88,238.77,214.89,Credit Card
132,ORD_100132,1,483,CUST_0483,43,PROD_0043,Audiobooks Pro-Series 1,Books & Media,20260118,2026-01-18,2026-01-18 22:00:00,4,LATAM,Premium,5,262.83,0.0,1314.15,1314.15,Apple Pay
133,ORD_100133,1,70,CUST_0070,11,PROD_0011,Smartwatches Pro-Series 2,Consumer Electronics,20251106,2025-11-06,2025-11-06 10:00:00,4,LATAM,Standard,4,627.26,250.9,2509.04,2258.14,PayPal
134,ORD_100134,1,456,CUST_0456,40,PROD_0040,Tech Guides Pro-Series 1,Books & Media,20260730,2026-07-30,2026-07-30 22:00:00,3,APAC,Standard,2,507.6,50.76,1015.2,964.44,Debit Card
135,ORD_100135,1,353,CUST_0353,19,PROD_0019,Blenders Pro-Series 1,Home & Kitchen,20251111,2025-11-11,2025-11-11 23:00:00,2,EMEA,Standard,2,523.93,0.0,1047.86,1047.86,Debit Card
136,ORD_100136,1,94,CUST_0094,39,PROD_0039,Hardcover Novels Pro-Series 3,Books & Media,20260805,2026-08-05,2026-08-05 01:00:00,3,APAC,Premium,5,217.64,54.41,1088.2,1033.79,Credit Card
137,ORD_100137,1,170,CUST_0170,5,PROD_0005,Laptops Pro-Series 2,Consumer Electronics,20260524,2026-05-24,2026-05-24 04:00:00,2,EMEA,Premium,3,144.32,43.3,432.96,389.66,PayPal
138,ORD_100138,1,344,CUST_0344,41,PROD_0041,Tech Guides Pro-Series 2,Books & Media,20250401,2025-04-01,2025-04-01 22:00:00,3,APAC,Standard,4,539.9,0.0,2159.6,2159.6,Apple Pay
139,ORD_100139,1,355,CUST_0355,5,PROD_0005,Laptops Pro-Series 2,Consumer Electronics,20250803,2025-08-03,2025-08-03 07:00:00,3,APAC,VIP,3,144.32,0.0,432.96,432.96,Credit Card
140,ORD_100140,1,225,CUST_0225,27,PROD_0027,Men's Jackets Pro-Series 3,Apparel & Fashion,20250219,2025-02-19,2025-02-19 12:00:00,2,EMEA,Premium,4,452.99,271.79,1811.96,1540.17,Debit Card
141,ORD_100141,1,193,CUST_0193,7,PROD_0007,Audio Headphones Pro-Series 1,Consumer Electronics,20251226,2025-12-26,2025-12-26 17:00:00,4,LATAM,Standard,5,136.35,34.09,681.75,647.66,PayPal
142,ORD_100142,1,410,CUST_0410,3,PROD_0003,Smartphones Pro-Series 3,Consumer Electronics,20260408,2026-04-08,2026-04-08 02:00:00,3,APAC,Standard,1,194.64,19.46,194.64,175.18,Apple Pay
143,ORD_100143,1,176,CUST_0176,11,PROD_0011,Smartwatches Pro-Series 2,Consumer Electronics,20250418,2025-04-18,2025-04-18 02:00:00,4,LATAM,Standard,2,627.26,0.0,1254.52,1254.52,Credit Card
144,ORD_100144,1,315,CUST_0315,31,PROD_0031,Sportswear Pro-Series 1,Apparel & Fashion,20251213,2025-12-13,2025-12-13 19:00:00,1,North America,Premium,4,610.97,122.19,2443.88,2321.69,Debit Card
145,ORD_100145,1,52,CUST_0052,22,PROD_0022,Robotic Vacuums Pro-Series 1,Home & Kitchen,20250610,2025-06-10,2025-06-10 01:00:00,2,EMEA,Standard,2,573.0,171.9,1146.0,974.1,Apple Pay
146,ORD_100146,1,122,CUST_0122,7,PROD_0007,Audio Headphones Pro-Series 1,Consumer Electronics,20251016,2025-10-16,2025-10-16 09:00:00,1,North America,Standard,4,136.35,81.81,545.4,463.59,PayPal
147,ORD_100147,1,2,CUST_0002,28,PROD_0028,Women's Sneakers Pro-Series 1,Apparel & Fashion,20250225,2025-02-25,2025-02-25 11:00:00,1,North America,Premium,3,301.74,135.78,905.22,769.44,PayPal
148,ORD_100148,1,106,CUST_0106,11,PROD_0011,Smartwatches Pro-Series 2,Consumer Electronics,20250410,2025-04-10,2025-04-10 00:00:00,3,APAC,Standard,1,627.26,94.09,627.26,533.17,Credit Card
149,ORD_100149,1,242,CUST_0242,32,PROD_0032,Sportswear Pro-Series 2,Apparel & Fashion,20251112,2025-11-12,2025-11-12 12:00:00,3,APAC,Premium,1,106.55,15.98,106.55,90.57,PayPal
150,ORD_100150,1,190,CUST_0190,12,PROD_0012,Smartwatches Pro-Series 3,Consumer Electronics,20260115,2026-01-15,2026-01-15 12:00:00,4,LATAM,Standard,1,414.15,41.41,414.15,372.74,Debit Card
151,ORD_100151,1,116,CUST_0116,18,PROD_0018,Air Fryers Pro-Series 3,Home & Kitchen,20260422,2026-04-22,2026-04-22 08:00:00,1,North America,Standard,2,497.95,0.0,995.9,995.9,Credit Card
152,ORD_100152,1,212,CUST_0212,38,PROD_0038,Hardcover Novels Pro-Series 2,Books & Media,20251219,2025-12-19,2025-12-19 17:00:00,2,EMEA,Premium,5,157.75,0.0,788.75,788.75,Debit Card
153,ORD_100153,1,495,CUST_0495,35,PROD_0035,Watches Pro-Series 2,Apparel & Fashion,20260620,2026-06-20,2026-06-20 13:00:00,4,LATAM,Standard,5,495.6,123.9,2478.0,2354.1,Debit Card
154,ORD_100154,1,203,CUST_0203,3,PROD_0003,Smartphones Pro-Series 3,Consumer Electronics,20251103,2025-11-03,2025-11-03 02:00:00,2,EMEA,Standard,1,194.64,29.2,194.64,165.44,PayPal
155,ORD_100155,1,414,CUST_0414,13,PROD_0013,Coffee Makers Pro-Series 1,Home & Kitchen,20250621,2025-06-21,2025-06-21 06:00:00,2,EMEA,Standard,1,177.25,26.59,177.25,150.66,Credit Card
156,ORD_100156,1,422,CUST_0422,41,PROD_0041,Tech Guides Pro-Series 2,Books & Media,20260322,2026-03-22,2026-03-22 06:00:00,2,EMEA,Premium,5,539.9,269.95,2699.5,2429.55,Apple Pay
157,ORD_100157,1,199,CUST_0199,36,PROD_0036,Watches Pro-Series 3,Apparel & Fashion,20250310,2025-03-10,2025-03-10 02:00:00,4,LATAM,Premium,5,387.69,193.85,1938.45,1744.6,Apple Pay
158,ORD_100158,1,470,CUST_0470,1,PROD_0001,Smartphones Pro-Series 1,Consumer Electronics,20260617,2026-06-17,2026-06-17 14:00:00,4,LATAM,Standard,1,247.49,37.12,247.49,210.37,PayPal
159,ORD_100159,1,302,CUST_0302,38,PROD_0038,Hardcover Novels Pro-Series 2,Books & Media,20250601,2025-06-01,2025-06-01 18:00:00,1,North America,Standard,1,157.75,0.0,157.75,157.75,Apple Pay
160,ORD_100160,1,450,CUST_0450,27,PROD_0027,Men's Jackets Pro-Series 3,Apparel & Fashion,20260703,2026-07-03,2026-07-03 11:00:00,3,APAC,Premium,4,452.99,271.79,1811.96,1540.17,Debit Card
161,ORD_100161,1,142,CUST_0142,26,PROD_0026,Men's Jackets Pro-Series 2,Apparel & Fashion,20250208,2025-02-08,2025-02-08 05:00:00,2,EMEA,Standard,5,387.88,290.91,1939.4,1648.49,Credit Card
162,ORD_100162,1,354,CUST_0354,16,PROD_0016,Air Fryers Pro-Series 1,Home & Kitchen,20260210,2026-02-10,2026-02-10 10:00:00,1,North America,Standard,4,403.75,161.5,1615.0,1453.5,Apple Pay
163,ORD_100163,1,419,CUST_0419,20,PROD_0020,Blenders Pro-Series 2,Home & Kitchen,20250121,2025-01-21,2025-01-21 10:00:00,3,APAC,VIP,3,80.82,36.37,242.46,206.09,Credit Card
164,ORD_100164,1,154,CUST_0154,29,PROD_0029,Women's Sneakers Pro-Series 2,Apparel & Fashion,20250822,2025-08-22,2025-08-22 04:00:00,3,APAC,Standard,3,420.39,189.18,1261.17,1071.99,Credit Card
165,ORD_100165,1,109,CUST_0109,27,PROD_0027,Men's Jackets Pro-Series 3,Apparel & Fashion,20250712,2025-07-12,2025-07-12 14:00:00,4,LATAM,Premium,5,452.99,226.5,2264.95,2038.45,Credit Card
166,ORD_100166,1,34,CUST_0034,20,PROD_0020,Blenders Pro-Series 2,Home & Kitchen,20260612,2026-06-12,2026-06-12 05:00:00,4,LATAM,VIP,2,80.82,0.0,161.64,161.64,PayPal
167,ORD_100167,1,429,CUST_0429,4,PROD_0004,Laptops Pro-Series 1,Consumer Electronics,20250717,2025-07-17,2025-07-17 06:00:00,2,EMEA,Standard,1,328.32,49.25,328.32,279.07,Credit Card
168,ORD_100168,1,102,CUST_0102,18,PROD_0018,Air Fryers Pro-Series 3,Home & Kitchen,20260105,2026-01-05,2026-01-05 22:00:00,3,APAC,Premium,4,497.95,298.77,1991.8,1693.03,Credit Card
169,ORD_100169,1,191,CUST_0191,32,PROD_0032,Sportswear Pro-Series 2,Apparel & Fashion,20250201,2025-02-01,2025-02-01 07:00:00,4,LATAM,Standard,2,106.55,31.96,213.1,181.14,Apple Pay
170,ORD_100170,1,429,CUST_0429,17,PROD_0017,Air Fryers Pro-Series 2,Home & Kitchen,20251219,2025-12-19,2025-12-19 05:00:00,1,North America,Standard,3,438.78,0.0,1316.34,1316.34,Debit Card
171,ORD_100171,1,438,CUST_0438,37,PROD_0037,Hardcover Novels Pro-Series 1,Books & Media,20250220,2025-02-20,2025-02-20 05:00:00,2,EMEA,Standard,2,271.24,27.12,542.48,515.36,PayPal
172,ORD_100172,1,210,CUST_0210,33,PROD_0033,Sportswear Pro-Series 3,Apparel & Fashion,20251003,2025-10-03,2025-10-03 20:00:00,1,North America,Standard,1,230.01,34.5,230.01,195.51,PayPal
173,ORD_100173,1,411,CUST_0411,1,PROD_0001,Smartphones Pro-Series 1,Consumer Electronics,20250627,2025-06-27,2025-06-27 19:00:00,2,EMEA,Standard,3,247.49,74.25,742.47,668.22,Apple Pay
174,ORD_100174,1,437,CUST_0437,23,PROD_0023,Robotic Vacuums Pro-Series 2,Home & Kitchen,20260310,2026-03-10,2026-03-10 12:00:00,4,LATAM,Premium,3,80.72,12.11,242.16,230.05,Debit Card
175,ORD_100175,1,267,CUST_0267,40,PROD_0040,Tech Guides Pro-Series 1,Books & Media,20251106,2025-11-06,2025-11-06 21:00:00,4,LATAM,Standard,5,507.6,0.0,2538.0,2538.0,Credit Card
176,ORD_100176,1,495,CUST_0495,24,PROD_0024,Robotic Vacuums Pro-Series 3,Home & Kitchen,20260608,2026-06-08,2026-06-08 21:00:00,3,APAC,Standard,3,106.82,0.0,320.46,320.46,Debit Card
177,ORD_100177,1,142,CUST_0142,41,PROD_0041,Tech Guides Pro-Series 2,Books & Media,20250307,2025-03-07,2025-03-07 10:00:00,3,APAC,Standard,3,539.9,161.97,1619.7,1457.73,Apple Pay
178,ORD_100178,1,265,CUST_0265,16,PROD_0016,Air Fryers Pro-Series 1,Home & Kitchen,20250712,2025-07-12,2025-07-12 04:00:00,1,North America,Standard,5,403.75,302.81,2018.75,1715.94,Apple Pay
179,ORD_100179,1,14,CUST_0014,42,PROD_0042,Tech Guides Pro-Series 3,Books & Media,20250524,2025-05-24,2025-05-24 23:00:00,4,LATAM,Standard,3,201.79,60.54,605.37,544.83,Debit Card
180,ORD_100180,1,378,CUST_0378,3,PROD_0003,Smartphones Pro-Series 3,Consumer Electronics,20260219,2026-02-19,2026-02-19 12:00:00,2,EMEA,Standard,3,194.64,29.2,583.92,554.72,Debit Card
181,ORD_100181,1,154,CUST_0154,11,PROD_0011,Smartwatches Pro-Series 2,Consumer Electronics,20260103,2026-01-03,2026-01-03 16:00:00,2,EMEA,Standard,3,627.26,0.0,1881.78,1881.78,Debit Card
182,ORD_100182,1,133,CUST_0133,36,PROD_0036,Watches Pro-Series 3,Apparel & Fashion,20250512,2025-05-12,2025-05-12 23:00:00,2,EMEA,VIP,3,387.69,0.0,1163.07,1163.07,PayPal
183,ORD_100183,1,382,CUST_0382,20,PROD_0020,Blenders Pro-Series 2,Home & Kitchen,20251230,2025-12-30,2025-12-30 07:00:00,4,LATAM,Premium,3,80.82,24.25,242.46,218.21,Apple Pay
184,ORD_100184,1,238,CUST_0238,8,PROD_0008,Audio Headphones Pro-Series 2,Consumer Electronics,20260823,2026-08-23,2026-08-23 09:00:00,4,LATAM,Standard,1,596.84,0.0,596.84,596.84,Debit Card
185,ORD_100185,1,62,CUST_0062,44,PROD_0044,Audiobooks Pro-Series 2,Books & Media,20250719,2025-07-19,2025-07-19 16:00:00,4,LATAM,Standard,5,86.85,43.43,434.25,390.82,Debit Card
186,ORD_100186,1,71,CUST_0071,13,PROD_0013,Coffee Makers Pro-Series 1,Home & Kitchen,20250225,2025-02-25,2025-02-25 04:00:00,3,APAC,Standard,4,177.25,106.35,709.0,602.65,PayPal
187,ORD_100187,1,93,CUST_0093,6,PROD_0006,Laptops Pro-Series 3,Consumer Electronics,20251120,2025-11-20,2025-11-20 22:00:00,4,LATAM,Standard,3,304.52,45.68,913.56,867.88,Apple Pay
188,ORD_100188,1,232,CUST_0232,18,PROD_0018,Air Fryers Pro-Series 3,Home & Kitchen,20250301,2025-03-01,2025-03-01 00:00:00,2,EMEA,Standard,2,497.95,49.8,995.9,946.1,Debit Card
189,ORD_100189,1,315,CUST_0315,28,PROD_0028,Women's Sneakers Pro-Series 1,Apparel & Fashion,20250401,2025-04-01,2025-04-01 04:00:00,4,LATAM,Premium,4,301.74,181.04,1206.96,1025.92,Debit Card
190,ORD_100190,1,20,CUST_0020,35,PROD_0035,Watches Pro-Series 2,Apparel & Fashion,20260128,2026-01-28,2026-01-28 00:00:00,2,EMEA,Standard,3,495.6,0.0,1486.8,1486.8,Apple Pay
191,ORD_100191,1,10,CUST_0010,44,PROD_0044,Audiobooks Pro-Series 2,Books & Media,20260628,2026-06-28,2026-06-28 06:00:00,1,North America,Standard,2,86.85,8.69,173.7,165.01,Apple Pay
192,ORD_100192,1,53,CUST_0053,25,PROD_0025,Men's Jackets Pro-Series 1,Apparel & Fashion,20251116,2025-11-16,2025-11-16 04:00:00,3,APAC,Standard,2,381.42,0.0,762.84,762.84,Credit Card
193,ORD_100193,1,234,CUST_0234,34,PROD_0034,Watches Pro-Series 1,Apparel & Fashion,20251102,2025-11-02,2025-11-02 09:00:00,3,APAC,VIP,4,277.89,55.58,1111.56,1055.98,Apple Pay
194,ORD_100194,1,385,CUST_0385,13,PROD_0013,Coffee Makers Pro-Series 1,Home & Kitchen,20260517,2026-05-17,2026-05-17 11:00:00,2,EMEA,Standard,4,177.25,0.0,709.0,709.0,PayPal
195,ORD_100195,1,68,CUST_0068,14,PROD_0014,Coffee Makers Pro-Series 2,Home & Kitchen,20250818,2025-08-18,2025-08-18 23:00:00,1,North America,Standard,5,94.28,23.57,471.4,447.83,Credit Card
196,ORD_100196,1,334,CUST_0334,3,PROD_0003,Smartphones Pro-Series 3,Consumer Electronics,20260111,2026-01-11,2026-01-11 22:00:00,4,LATAM,VIP,3,194.64,0.0,583.92,583.92,Credit Card
197,ORD_100197,1,429,CUST_0429,2,PROD_0002,Smartphones Pro-Series 2,Consumer Electronics,20250421,2025-04-21,2025-04-21 20:00:00,1,North America,Standard,1,484.7,72.7,484.7,412.0,Debit Card
198,ORD_100198,1,281,CUST_0281,17,PROD_0017,Air Fryers Pro-Series 2,Home & Kitchen,20260125,2026-01-25,2026-01-25 03:00:00,4,LATAM,Standard,2,438.78,43.88,877.56,833.68,Credit Card
199,ORD_100199,1,339,CUST_0339,7,PROD_0007,Audio Headphones Pro-Series 1,Consumer Electronics,20251105,2025-11-05,2025-11-05 13:00:00,3,APAC,Premium,5,136.35,34.09,681.75,647.66,Debit Card
200,ORD_100200,1,369,CUST_0369,40,PROD_0040,Tech Guides Pro-Series 1,Books & Media,20250418,2025-04-18,2025-04-18 16:00:00,1,North America,Premium,3,507.6,0.0,1522.8,1522.8,Credit Card
201,ORD_100201,1,312,CUST_0312,13,PROD_0013,Coffee Makers Pro-Series 1,Home & Kitchen,20260525,2026-05-25,2026-05-25 06:00:00,3,APAC,Standard,5,177.25,44.31,886.25,841.94,Apple Pay
202,ORD_100202,1,83,CUST_0083,3,PROD_0003,Smartphones Pro-Series 3,Consumer Electronics,20260224,2026-02-24,2026-02-24 09:00:00,4,LATAM,Premium,2,194.64,58.39,389.28,330.89,Apple Pay
203,ORD_100203,1,7,CUST_0007,43,PROD_0043,Audiobooks Pro-Series 1,Books & Media,20250829,2025-08-29,2025-08-29 00:00:00,1,North America,VIP,1,262.83,39.42,262.83,223.41,PayPal
204,ORD_100204,1,39,CUST_0039,7,PROD_0007,Audio Headphones Pro-Series 1,Consumer Electronics,20250403,2025-04-03,2025-04-03 16:00:00,3,APAC,Standard,2,136.35,40.9,272.7,231.8,Apple Pay
205,ORD_100205,1,26,CUST_0026,7,PROD_0007,Audio Headphones Pro-Series 1,Consumer Electronics,20250928,2025-09-28,2025-09-28 14:00:00,2,EMEA,Premium,1,136.35,13.63,136.35,122.72,Apple Pay
206,ORD_100206,1,379,CUST_0379,8,PROD_0008,Audio Headphones Pro-Series 2,Consumer Electronics,20251117,2025-11-17,2025-11-17 13:00:00,1,North America,Standard,1,596.84,0.0,596.84,596.84,PayPal
207,ORD_100207,1,184,CUST_0184,29,PROD_0029,Women's Sneakers Pro-Series 2,Apparel & Fashion,20250624,2025-06-24,2025-06-24 10:00:00,3,APAC,Premium,1,420.39,42.04,420.39,378.35,Apple Pay
208,ORD_100208,1,206,CUST_0206,26,PROD_0026,Men's Jackets Pro-Series 2,Apparel & Fashion,20250707,2025-07-07,2025-07-07 03:00:00,4,LATAM,Standard,3,387.88,174.55,1163.64,989.09,Debit Card
209,ORD_100209,1,454,CUST_0454,11,PROD_0011,Smartwatches Pro-Series 2,Consumer Electronics,20260308,2026-03-08,2026-03-08 20:00:00,1,North America,Standard,2,627.26,0.0,1254.52,1254.52,PayPal
210,ORD_100210,1,467,CUST_0467,38,PROD_0038,Hardcover Novels Pro-Series 2,Books & Media,20250417,2025-04-17,2025-04-17 13:00:00,4,LATAM,Premium,5,157.75,118.31,788.75,670.44,PayPal
211,ORD_100211,1,314,CUST_0314,2,PROD_0002,Smartphones Pro-Series 2,Consumer Electronics,20260124,2026-01-24,2026-01-24 11:00:00,2,EMEA,VIP,4,484.7,290.82,1938.8,1647.98,Credit Card
212,ORD_100212,1,24,CUST_0024,5,PROD_0005,Laptops Pro-Series 2,Consumer Electronics,20260226,2026-02-26,2026-02-26 14:00:00,3,APAC,Standard,3,144.32,0.0,432.96,432.96,PayPal
213,ORD_100213,1,268,CUST_0268,45,PROD_0045,Audiobooks Pro-Series 3,Books & Media,20251213,2025-12-13,2025-12-13 16:00:00,1,North America,Premium,4,512.51,102.5,2050.04,1947.54,Debit Card
214,ORD_100214,1,347,CUST_0347,42,PROD_0042,Tech Guides Pro-Series 3,Books & Media,20251221,2025-12-21,2025-12-21 21:00:00,4,LATAM,Standard,2,201.79,0.0,403.58,403.58,Credit Card
215,ORD_100215,1,435,CUST_0435,31,PROD_0031,Sportswear Pro-Series 1,Apparel & Fashion,20250610,2025-06-10,2025-06-10 16:00:00,4,LATAM,Standard,2,610.97,0.0,1221.94,1221.94,Debit Card
216,ORD_100216,1,170,CUST_0170,18,PROD_0018,Air Fryers Pro-Series 3,Home & Kitchen,20251125,2025-11-25,2025-11-25 07:00:00,1,North America,Premium,5,497.95,124.49,2489.75,2365.26,Debit Card
217,ORD_100217,1,41,CUST_0041,30,PROD_0030,Women's Sneakers Pro-Series 3,Apparel & Fashion,20260217,2026-02-17,2026-02-17 07:00:00,4,LATAM,Standard,5,378.05,283.54,1890.25,1606.71,Credit Card
218,ORD_100218,1,162,CUST_0162,8,PROD_0008,Audio Headphones Pro-Series 2,Consumer Electronics,20260526,2026-05-26,2026-05-26 14:00:00,4,LATAM,Premium,1,596.84,0.0,596.84,596.84,Debit Card
219,ORD_100219,1,286,CUST_0286,36,PROD_0036,Watches Pro-Series 3,Apparel & Fashion,20260227,2026-02-27,2026-02-27 01:00:00,1,North America,Standard,1,387.69,38.77,387.69,348.92,PayPal
220,ORD_100220,1,187,CUST_0187,4,PROD_0004,Laptops Pro-Series 1,Consumer Electronics,20260413,2026-04-13,2026-04-13 10:00:00,2,EMEA,Standard,4,328.32,131.33,1313.28,1181.95,Debit Card
221,ORD_100221,1,232,CUST_0232,8,PROD_0008,Audio Headphones Pro-Series 2,Consumer Electronics,20260108,2026-01-08,2026-01-08 22:00:00,1,North America,Standard,2,596.84,0.0,1193.68,1193.68,Apple Pay
222,ORD_100222,1,494,CUST_0494,19,PROD_0019,Blenders Pro-Series 1,Home & Kitchen,20251230,2025-12-30,2025-12-30 20:00:00,3,APAC,Standard,1,523.93,0.0,523.93,523.93,PayPal
223,ORD_100223,1,421,CUST_0421,27,PROD_0027,Men's Jackets Pro-Series 3,Apparel & Fashion,20260520,2026-05-20,2026-05-20 04:00:00,1,North America,Standard,3,452.99,67.95,1358.97,1291.02,PayPal
224,ORD_100224,1,111,CUST_0111,30,PROD_0030,Women's Sneakers Pro-Series 3,Apparel & Fashion,20250504,2025-05-04,2025-05-04 12:00:00,2,EMEA,Premium,3,378.05,0.0,1134.15,1134.15,Debit Card
225,ORD_100225,1,429,CUST_0429,44,PROD_0044,Audiobooks Pro-Series 2,Books & Media,20250217,2025-02-17,2025-02-17 20:00:00,1,North America,Standard,4,86.85,52.11,347.4,295.29,PayPal
226,ORD_100226,1,272,CUST_0272,4,PROD_0004,Laptops Pro-Series 1,Consumer Electronics,20260526,2026-05-26,2026-05-26 00:00:00,4,LATAM,Standard,5,328.32,246.24,1641.6,1395.36,PayPal
227,ORD_100227,1,375,CUST_0375,9,PROD_0009,Audio Headphones Pro-Series 3,Consumer Electronics,20260816,2026-08-16,2026-08-16 05:00:00,1,North America,Premium,4,512.06,204.82,2048.24,1843.42,Debit Card
228,ORD_100228,1,469,CUST_0469,45,PROD_0045,Audiobooks Pro-Series 3,Books & Media,20260305,2026-03-05,2026-03-05 19:00:00,2,EMEA,VIP,3,512.51,230.63,1537.53,1306.9,Apple Pay
229,ORD_100229,1,413,CUST_0413,9,PROD_0009,Audio Headphones Pro-Series 3,Consumer Electronics,20251029,2025-10-29,2025-10-29 14:00:00,2,EMEA,Standard,4,512.06,204.82,2048.24,1843.42,Apple Pay
230,ORD_100230,1,112,CUST_0112,13,PROD_0013,Coffee Makers Pro-Series 1,Home & Kitchen,20260721,2026-07-21,2026-07-21 20:00:00,2,EMEA,Standard,5,177.25,88.62,886.25,797.63,Apple Pay
231,ORD_100231,1,333,CUST_0333,12,PROD_0012,Smartwatches Pro-Series 3,Consumer Electronics,20250516,2025-05-16,2025-05-16 22:00:00,3,APAC,Premium,1,414.15,41.41,414.15,372.74,Debit Card
232,ORD_100232,1,483,CUST_0483,43,PROD_0043,Audiobooks Pro-Series 1,Books & Media,20260820,2026-08-20,2026-08-20 18:00:00,4,LATAM,Premium,5,262.83,131.41,1314.15,1182.74,Debit Card
233,ORD_100233,1,55,CUST_0055,2,PROD_0002,Smartphones Pro-Series 2,Consumer Electronics,20250114,2025-01-14,2025-01-14 16:00:00,4,LATAM,Standard,2,484.7,0.0,969.4,969.4,Credit Card
234,ORD_100234,1,385,CUST_0385,11,PROD_0011,Smartwatches Pro-Series 2,Consumer Electronics,20250724,2025-07-24,2025-07-24 08:00:00,3,APAC,Standard,3,627.26,94.09,1881.78,1787.69,Credit Card
235,ORD_100235,1,386,CUST_0386,35,PROD_0035,Watches Pro-Series 2,Apparel & Fashion,20251030,2025-10-30,2025-10-30 06:00:00,1,North America,Premium,3,495.6,223.02,1486.8,1263.78,Credit Card
236,ORD_100236,1,381,CUST_0381,42,PROD_0042,Tech Guides Pro-Series 3,Books & Media,20260730,2026-07-30,2026-07-30 07:00:00,4,LATAM,Standard,2,201.79,40.36,403.58,363.22,Credit Card
237,ORD_100237,1,214,CUST_0214,44,PROD_0044,Audiobooks Pro-Series 2,Books & Media,20260126,2026-01-26,2026-01-26 12:00:00,3,APAC,Premium,5,86.85,0.0,434.25,434.25,Credit Card
238,ORD_100238,1,318,CUST_0318,29,PROD_0029,Women's Sneakers Pro-Series 2,Apparel & Fashion,20250915,2025-09-15,2025-09-15 06:00:00,2,EMEA,Standard,3,420.39,63.06,1261.17,1198.11,PayPal
239,ORD_100239,1,91,CUST_0091,44,PROD_0044,Audiobooks Pro-Series 2,Books & Media,20251029,2025-10-29,2025-10-29 14:00:00,1,North America,Standard,2,86.85,8.69,173.7,165.01,Credit Card
240,ORD_100240,1,220,CUST_0220,18,PROD_0018,Air Fryers Pro-Series 3,Home & Kitchen,20260122,2026-01-22,2026-01-22 01:00:00,3,APAC,Premium,2,497.95,49.8,995.9,946.1,Apple Pay
241,ORD_100241,1,239,CUST_0239,10,PROD_0010,Smartwatches Pro-Series 1,Consumer Electronics,20250106,2025-01-06,2025-01-06 10:00:00,1,North America,Standard,2,238.77,47.75,477.54,429.79,Credit Card
242,ORD_100242,1,405,CUST_0405,37,PROD_0037,Hardcover Novels Pro-Series 1,Books & Media,20251105,2025-11-05,2025-11-05 15:00:00,3,APAC,Standard,1,271.24,27.12,271.24,244.12,PayPal
243,ORD_100243,1,35,CUST_0035,33,PROD_0033,Sportswear Pro-Series 3,Apparel & Fashion,20250708,2025-07-08,2025-07-08 16:00:00,2,EMEA,Standard,4,230.01,138.01,920.04,782.03,Credit Card
244,ORD_100244,1,453,CUST_0453,14,PROD_0014,Coffee Makers Pro-Series 2,Home & Kitchen,20251224,2025-12-24,2025-12-24 07:00:00,3,APAC,Premium,3,94.28,28.28,282.84,254.56,Apple Pay
245,ORD_100245,1,272,CUST_0272,31,PROD_0031,Sportswear Pro-Series 1,Apparel & Fashion,20250812,2025-08-12,2025-08-12 19:00:00,1,North America,Standard,1,610.97,61.1,610.97,549.87,Debit Card
246,ORD_100246,1,315,CUST_0315,40,PROD_0040,Tech Guides Pro-Series 1,Books & Media,20250904,2025-09-04,2025-09-04 20:00:00,2,EMEA,Premium,1,507.6,50.76,507.6,456.84,Debit Card
247,ORD_100247,1,132,CUST_0132,35,PROD_0035,Watches Pro-Series 2,Apparel & Fashion,20250427,2025-04-27,2025-04-27 12:00:00,3,APAC,Standard,1,495.6,49.56,495.6,446.04,Debit Card
248,ORD_100248,1,152,CUST_0152,42,PROD_0042,Tech Guides Pro-Series 3,Books & Media,20260514,2026-05-14,2026-05-14 01:00:00,2,EMEA,Premium,3,201.79,0.0,605.37,605.37,Credit Card
249,ORD_100249,1,274,CUST_0274,1,PROD_0001,Smartphones Pro-Series 1,Consumer Electronics,20250621,2025-06-21,2025-06-21 17:00:00,1,North America,Standard,2,247.49,24.75,494.98,470.23,Debit Card
250,ORD_100250,1,276,CUST_0276,45,PROD_0045,Audiobooks Pro-Series 3,Books & Media,20250417,2025-04-17,2025-04-17 06:00:00,4,LATAM,Premium,1,512.51,25.63,512.51,486.88,Credit Card
251,ORD_100251,1,170,CUST_0170,3,PROD_0003,Smartphones Pro-Series 3,Consumer Electronics,20260416,2026-04-16,2026-04-16 22:00:00,1,North America,Premium,1,194.64,0.0,194.64,194.64,PayPal
252,ORD_100252,1,37,CUST_0037,37,PROD_0037,Hardcover Novels Pro-Series 1,Books & Media,20250915,2025-09-15,2025-09-15 17:00:00,2,EMEA,Premium,3,271.24,122.06,813.72,691.66,Debit Card
253,ORD_100253,1,208,CUST_0208,28,PROD_0028,Women's Sneakers Pro-Series 1,Apparel & Fashion,20260407,2026-04-07,2026-04-07 20:00:00,3,APAC,VIP,1,301.74,45.26,301.74,256.48,Credit Card
254,ORD_100254,1,329,CUST_0329,40,PROD_0040,Tech Guides Pro-Series 1,Books & Media,20260702,2026-07-02,2026-07-02 00:00:00,1,North America,Standard,5,507.6,0.0,2538.0,2538.0,Credit Card
255,ORD_100255,1,55,CUST_0055,19,PROD_0019,Blenders Pro-Series 1,Home & Kitchen,20260102,2026-01-02,2026-01-02 16:00:00,3,APAC,Standard,5,523.93,0.0,2619.65,2619.65,Apple Pay
256,ORD_100256,1,203,CUST_0203,43,PROD_0043,Audiobooks Pro-Series 1,Books & Media,20260325,2026-03-25,2026-03-25 12:00:00,1,North America,Standard,4,262.83,52.57,1051.32,998.75,PayPal
257,ORD_100257,1,201,CUST_0201,35,PROD_0035,Watches Pro-Series 2,Apparel & Fashion,20250520,2025-05-20,2025-05-20 23:00:00,3,APAC,Premium,2,495.6,99.12,991.2,892.08,Apple Pay
258,ORD_100258,1,448,CUST_0448,36,PROD_0036,Watches Pro-Series 3,Apparel & Fashion,20250112,2025-01-12,2025-01-12 17:00:00,2,EMEA,Premium,1,387.69,0.0,387.69,387.69,Credit Card
259,ORD_100259,1,202,CUST_0202,35,PROD_0035,Watches Pro-Series 2,Apparel & Fashion,20260810,2026-08-10,2026-08-10 19:00:00,1,North America,Standard,3,495.6,74.34,1486.8,1412.46,Apple Pay
260,ORD_100260,1,464,CUST_0464,42,PROD_0042,Tech Guides Pro-Series 3,Books & Media,20250805,2025-08-05,2025-08-05 13:00:00,2,EMEA,Standard,2,201.79,20.18,403.58,383.4,PayPal
261,ORD_100261,1,59,CUST_0059,12,PROD_0012,Smartwatches Pro-Series 3,Consumer Electronics,20250916,2025-09-16,2025-09-16 06:00:00,1,North America,Standard,5,414.15,310.61,2070.75,1760.14,Credit Card
262,ORD_100262,1,35,CUST_0035,17,PROD_0017,Air Fryers Pro-Series 2,Home & Kitchen,20251025,2025-10-25,2025-10-25 21:00:00,1,North America,Standard,2,438.78,131.63,877.56,745.93,Apple Pay
263,ORD_100263,1,344,CUST_0344,42,PROD_0042,Tech Guides Pro-Series 3,Books & Media,20260101,2026-01-01,2026-01-01 04:00:00,2,EMEA,Standard,1,201.79,20.18,201.79,181.61,Credit Card
264,ORD_100264,1,249,CUST_0249,29,PROD_0029,Women's Sneakers Pro-Series 2,Apparel & Fashion,20250718,2025-07-18,2025-07-18 10:00:00,3,APAC,Standard,5,420.39,210.19,2101.95,1891.76,PayPal
265,ORD_100265,1,187,CUST_0187,21,PROD_0021,Blenders Pro-Series 3,Home & Kitchen,20260803,2026-08-03,2026-08-03 18:00:00,4,LATAM,Standard,2,137.29,0.0,274.58,274.58,Apple Pay
266,ORD_100266,1,365,CUST_0365,42,PROD_0042,Tech Guides Pro-Series 3,Books & Media,20250910,2025-09-10,2025-09-10 07:00:00,4,LATAM,Standard,3,201.79,60.54,605.37,544.83,PayPal
267,ORD_100267,1,237,CUST_0237,29,PROD_0029,Women's Sneakers Pro-Series 2,Apparel & Fashion,20251206,2025-12-06,2025-12-06 15:00:00,3,APAC,Standard,3,420.39,189.18,1261.17,1071.99,Credit Card
268,ORD_100268,1,311,CUST_0311,6,PROD_0006,Laptops Pro-Series 3,Consumer Electronics,20250629,2025-06-29,2025-06-29 20:00:00,3,APAC,Standard,2,304.52,30.45,609.04,578.59,Apple Pay
269,ORD_100269,1,39,CUST_0039,2,PROD_0002,Smartphones Pro-Series 2,Consumer Electronics,20250320,2025-03-20,2025-03-20 23:00:00,1,North America,Standard,5,484.7,363.52,2423.5,2059.98,PayPal
270,ORD_100270,1,134,CUST_0134,35,PROD_0035,Watches Pro-Series 2,Apparel & Fashion,20250207,2025-02-07,2025-02-07 17:00:00,4,LATAM,Premium,2,495.6,99.12,991.2,892.08,Debit Card
271,ORD_100271,1,376,CUST_0376,19,PROD_0019,Blenders Pro-Series 1,Home & Kitchen,20250817,2025-08-17,2025-08-17 18:00:00,2,EMEA,Standard,4,523.93,0.0,2095.72,2095.72,Debit Card
272,ORD_100272,1,6,CUST_0006,43,PROD_0043,Audiobooks Pro-Series 1,Books & Media,20260108,2026-01-08,2026-01-08 16:00:00,2,EMEA,Premium,5,262.83,65.71,1314.15,1248.44,PayPal
273,ORD_100273,1,92,CUST_0092,37,PROD_0037,Hardcover Novels Pro-Series 1,Books & Media,20260402,2026-04-02,2026-04-02 05:00:00,2,EMEA,VIP,4,271.24,108.5,1084.96,976.46,Credit Card
274,ORD_100274,1,119,CUST_0119,5,PROD_0005,Laptops Pro-Series 2,Consumer Electronics,20250813,2025-08-13,2025-08-13 15:00:00,3,APAC,Premium,3,144.32,21.65,432.96,411.31,Credit Card
275,ORD_100275,1,465,CUST_0465,24,PROD_0024,Robotic Vacuums Pro-Series 3,Home & Kitchen,20250731,2025-07-31,2025-07-31 16:00:00,4,LATAM,Premium,4,106.82,64.09,427.28,363.19,Credit Card
276,ORD_100276,1,166,CUST_0166,7,PROD_0007,Audio Headphones Pro-Series 1,Consumer Electronics,20250210,2025-02-10,2025-02-10 20:00:00,3,APAC,Standard,3,136.35,20.45,409.05,388.6,Debit Card
277,ORD_100277,1,301,CUST_0301,42,PROD_0042,Tech Guides Pro-Series 3,Books & Media,20260123,2026-01-23,2026-01-23 11:00:00,1,North America,Premium,5,201.79,100.89,1008.95,908.06,Debit Card
278,ORD_100278,1,208,CUST_0208,23,PROD_0023,Robotic Vacuums Pro-Series 2,Home & Kitchen,20250817,2025-08-17,2025-08-17 16:00:00,3,APAC,VIP,4,80.72,48.43,322.88,274.45,Credit Card
279,ORD_100279,1,226,CUST_0226,11,PROD_0011,Smartwatches Pro-Series 2,Consumer Electronics,20260529,2026-05-29,2026-05-29 04:00:00,2,EMEA,Standard,1,627.26,62.73,627.26,564.53,PayPal
280,ORD_100280,1,81,CUST_0081,24,PROD_0024,Robotic Vacuums Pro-Series 3,Home & Kitchen,20250603,2025-06-03,2025-06-03 05:00:00,1,North America,Premium,2,106.82,32.05,213.64,181.59,Apple Pay
281,ORD_100281,1,346,CUST_0346,31,PROD_0031,Sportswear Pro-Series 1,Apparel & Fashion,20250427,2025-04-27,2025-04-27 15:00:00,4,LATAM,Standard,2,610.97,61.1,1221.94,1160.84,Debit Card
282,ORD_100282,1,23,CUST_0023,9,PROD_0009,Audio Headphones Pro-Series 3,Consumer Electronics,20250123,2025-01-23,2025-01-23 07:00:00,2,EMEA,Premium,2,512.06,0.0,1024.12,1024.12,PayPal
283,ORD_100283,1,133,CUST_0133,12,PROD_0012,Smartwatches Pro-Series 3,Consumer Electronics,20250227,2025-02-27,2025-02-27 05:00:00,4,LATAM,VIP,5,414.15,0.0,2070.75,2070.75,Apple Pay
284,ORD_100284,1,230,CUST_0230,39,PROD_0039,Hardcover Novels Pro-Series 3,Books & Media,20250329,2025-03-29,2025-03-29 06:00:00,4,LATAM,Premium,4,217.64,43.53,870.56,827.03,PayPal
285,ORD_100285,1,74,CUST_0074,38,PROD_0038,Hardcover Novels Pro-Series 2,Books & Media,20260225,2026-02-25,2026-02-25 19:00:00,2,EMEA,Premium,5,157.75,78.88,788.75,709.87,PayPal
286,ORD_100286,1,306,CUST_0306,38,PROD_0038,Hardcover Novels Pro-Series 2,Books & Media,20251217,2025-12-17,2025-12-17 14:00:00,1,North America,Premium,2,157.75,47.32,315.5,268.18,Debit Card
287,ORD_100287,1,9,CUST_0009,13,PROD_0013,Coffee Makers Pro-Series 1,Home & Kitchen,20250516,2025-05-16,2025-05-16 03:00:00,4,LATAM,Premium,2,177.25,0.0,354.5,354.5,PayPal
288,ORD_100288,1,308,CUST_0308,3,PROD_0003,Smartphones Pro-Series 3,Consumer Electronics,20260503,2026-05-03,2026-05-03 19:00:00,1,North America,Premium,1,194.64,29.2,194.64,165.44,PayPal
289,ORD_100289,1,460,CUST_0460,44,PROD_0044,Audiobooks Pro-Series 2,Books & Media,20260707,2026-07-07,2026-07-07 00:00:00,4,LATAM,Standard,5,86.85,65.14,434.25,369.11,Apple Pay
290,ORD_100290,1,272,CUST_0272,28,PROD_0028,Women's Sneakers Pro-Series 1,Apparel & Fashion,20250214,2025-02-14,2025-02-14 22:00:00,2,EMEA,Standard,4,301.74,181.04,1206.96,1025.92,Apple Pay
291,ORD_100291,1,218,CUST_0218,9,PROD_0009,Audio Headphones Pro-Series 3,Consumer Electronics,20260813,2026-08-13,2026-08-13 03:00:00,3,APAC,Standard,4,512.06,102.41,2048.24,1945.83,Credit Card
292,ORD_100292,1,449,CUST_0449,35,PROD_0035,Watches Pro-Series 2,Apparel & Fashion,20251018,2025-10-18,2025-10-18 19:00:00,4,LATAM,VIP,3,495.6,74.34,1486.8,1412.46,Credit Card
293,ORD_100293,1,268,CUST_0268,8,PROD_0008,Audio Headphones Pro-Series 2,Consumer Electronics,20250108,2025-01-08,2025-01-08 18:00:00,1,North America,Premium,4,596.84,119.37,2387.36,2267.99,Apple Pay
294,ORD_100294,1,55,CUST_0055,10,PROD_0010,Smartwatches Pro-Series 1,Consumer Electronics,20260223,2026-02-23,2026-02-23 11:00:00,4,LATAM,Standard,5,238.77,119.39,1193.85,1074.46,Apple Pay
295,ORD_100295,1,290,CUST_0290,24,PROD_0024,Robotic Vacuums Pro-Series 3,Home & Kitchen,20260703,2026-07-03,2026-07-03 13:00:00,3,APAC,Standard,4,106.82,21.36,427.28,405.92,Debit Card
296,ORD_100296,1,248,CUST_0248,12,PROD_0012,Smartwatches Pro-Series 3,Consumer Electronics,20260720,2026-07-20,2026-07-20 17:00:00,3,APAC,Standard,5,414.15,310.61,2070.75,1760.14,Apple Pay
297,ORD_100297,1,177,CUST_0177,26,PROD_0026,Men's Jackets Pro-Series 2,Apparel & Fashion,20251111,2025-11-11,2025-11-11 18:00:00,2,EMEA,Premium,1,387.88,19.39,387.88,368.49,Debit Card
298,ORD_100298,1,110,CUST_0110,33,PROD_0033,Sportswear Pro-Series 3,Apparel & Fashion,20250615,2025-06-15,2025-06-15 03:00:00,4,LATAM,Standard,3,230.01,0.0,690.03,690.03,PayPal
299,ORD_100299,1,3,CUST_0003,6,PROD_0006,Laptops Pro-Series 3,Consumer Electronics,20260203,2026-02-03,2026-02-03 20:00:00,2,EMEA,Standard,4,304.52,182.71,1218.08,1035.37,Credit Card
300,ORD_100300,1,114,CUST_0114,24,PROD_0024,Robotic Vacuums Pro-Series 3,Home & Kitchen,20250307,2025-03-07,2025-03-07 08:00:00,1,North America,Premium,5,106.82,0.0,534.1,534.1,Debit Card
301,ORD_100301,1,336,CUST_0336,34,PROD_0034,Watches Pro-Series 1,Apparel & Fashion,20260215,2026-02-15,2026-02-15 19:00:00,3,APAC,Premium,5,277.89,0.0,1389.45,1389.45,PayPal
302,ORD_100302,1,6,CUST_0006,13,PROD_0013,Coffee Makers Pro-Series 1,Home & Kitchen,20260522,2026-05-22,2026-05-22 14:00:00,3,APAC,Premium,2,177.25,0.0,354.5,354.5,PayPal
303,ORD_100303,1,19,CUST_0019,24,PROD_0024,Robotic Vacuums Pro-Series 3,Home & Kitchen,20250623,2025-06-23,2025-06-23 21:00:00,2,EMEA,Standard,1,106.82,5.34,106.82,101.48,Credit Card
304,ORD_100304,1,181,CUST_0181,43,PROD_0043,Audiobooks Pro-Series 1,Books & Media,20251010,2025-10-10,2025-10-10 12:00:00,4,LATAM,Premium,4,262.83,52.57,1051.32,998.75,Credit Card
305,ORD_100305,1,282,CUST_0282,19,PROD_0019,Blenders Pro-Series 1,Home & Kitchen,20250312,2025-03-12,2025-03-12 02:00:00,3,APAC,Standard,3,523.93,157.18,1571.79,1414.61,PayPal
306,ORD_100306,1,477,CUST_0477,26,PROD_0026,Men's Jackets Pro-Series 2,Apparel & Fashion,20250719,2025-07-19,2025-07-19 14:00:00,1,North America,VIP,3,387.88,58.18,1163.64,1105.46,Debit Card
307,ORD_100307,1,287,CUST_0287,5,PROD_0005,Laptops Pro-Series 2,Consumer Electronics,20260603,2026-06-03,2026-06-03 03:00:00,3,APAC,Standard,3,144.32,0.0,432.96,432.96,Apple Pay
308,ORD_100308,1,129,CUST_0129,45,PROD_0045,Audiobooks Pro-Series 3,Books & Media,20260705,2026-07-05,2026-07-05 18:00:00,4,LATAM,Premium,4,512.51,307.51,2050.04,1742.53,PayPal
309,ORD_100309,1,349,CUST_0349,30,PROD_0030,Women's Sneakers Pro-Series 3,Apparel & Fashion,20251214,2025-12-14,2025-12-14 14:00:00,1,North America,Standard,4,378.05,0.0,1512.2,1512.2,Apple Pay
310,ORD_100310,1,325,CUST_0325,15,PROD_0015,Coffee Makers Pro-Series 3,Home & Kitchen,20250311,2025-03-11,2025-03-11 12:00:00,2,EMEA,Standard,3,397.04,178.67,1191.12,1012.45,Apple Pay
311,ORD_100311,1,5,CUST_0005,45,PROD_0045,Audiobooks Pro-Series 3,Books & Media,20260613,2026-06-13,2026-06-13 17:00:00,3,APAC,Standard,2,512.51,102.5,1025.02,922.52,Credit Card
312,ORD_100312,1,384,CUST_0384,22,PROD_0022,Robotic Vacuums Pro-Series 1,Home & Kitchen,20260213,2026-02-13,2026-02-13 21:00:00,1,North America,Premium,5,573.0,143.25,2865.0,2721.75,Debit Card
313,ORD_100313,1,112,CUST_0112,37,PROD_0037,Hardcover Novels Pro-Series 1,Books & Media,20251118,2025-11-18,2025-11-18 11:00:00,3,APAC,Standard,2,271.24,27.12,542.48,515.36,Debit Card
314,ORD_100314,1,377,CUST_0377,16,PROD_0016,Air Fryers Pro-Series 1,Home & Kitchen,20250724,2025-07-24,2025-07-24 07:00:00,3,APAC,Standard,2,403.75,40.38,807.5,767.12,PayPal
315,ORD_100315,1,183,CUST_0183,10,PROD_0010,Smartwatches Pro-Series 1,Consumer Electronics,20250913,2025-09-13,2025-09-13 19:00:00,1,North America,VIP,1,238.77,0.0,238.77,238.77,Debit Card
316,ORD_100316,1,491,CUST_0491,3,PROD_0003,Smartphones Pro-Series 3,Consumer Electronics,20250107,2025-01-07,2025-01-07 17:00:00,4,LATAM,Standard,3,194.64,58.39,583.92,525.53,Debit Card
317,ORD_100317,1,252,CUST_0252,12,PROD_0012,Smartwatches Pro-Series 3,Consumer Electronics,20260812,2026-08-12,2026-08-12 08:00:00,3,APAC,Standard,4,414.15,82.83,1656.6,1573.77,PayPal
318,ORD_100318,1,410,CUST_0410,28,PROD_0028,Women's Sneakers Pro-Series 1,Apparel & Fashion,20250225,2025-02-25,2025-02-25 16:00:00,4,LATAM,Standard,5,301.74,0.0,1508.7,1508.7,Apple Pay
319,ORD_100319,1,398,CUST_0398,12,PROD_0012,Smartwatches Pro-Series 3,Consumer Electronics,20260208,2026-02-08,2026-02-08 21:00:00,4,LATAM,Premium,1,414.15,62.12,414.15,352.03,Apple Pay
320,ORD_100320,1,346,CUST_0346,14,PROD_0014,Coffee Makers Pro-Series 2,Home & Kitchen,20250109,2025-01-09,2025-01-09 00:00:00,4,LATAM,Standard,5,94.28,0.0,471.4,471.4,Apple Pay
321,ORD_100321,1,442,CUST_0442,17,PROD_0017,Air Fryers Pro-Series 2,Home & Kitchen,20260106,2026-01-06,2026-01-06 19:00:00,2,EMEA,Standard,5,438.78,219.39,2193.9,1974.51,PayPal
322,ORD_100322,1,491,CUST_0491,40,PROD_0040,Tech Guides Pro-Series 1,Books & Media,20251003,2025-10-03,2025-10-03 15:00:00,3,APAC,Standard,3,507.6,76.14,1522.8,1446.66,Debit Card
323,ORD_100323,1,215,CUST_0215,45,PROD_0045,Audiobooks Pro-Series 3,Books & Media,20260311,2026-03-11,2026-03-11 06:00:00,3,APAC,Premium,3,512.51,230.63,1537.53,1306.9,Apple Pay
324,ORD_100324,1,293,CUST_0293,9,PROD_0009,Audio Headphones Pro-Series 3,Consumer Electronics,20260407,2026-04-07,2026-04-07 05:00:00,2,EMEA,Premium,1,512.06,51.21,512.06,460.85,PayPal
325,ORD_100325,1,439,CUST_0439,25,PROD_0025,Men's Jackets Pro-Series 1,Apparel & Fashion,20260723,2026-07-23,2026-07-23 13:00:00,2,EMEA,Standard,2,381.42,38.14,762.84,724.7,Debit Card
326,ORD_100326,1,216,CUST_0216,32,PROD_0032,Sportswear Pro-Series 2,Apparel & Fashion,20250110,2025-01-10,2025-01-10 05:00:00,2,EMEA,Standard,5,106.55,53.28,532.75,479.47,Debit Card
327,ORD_100327,1,288,CUST_0288,37,PROD_0037,Hardcover Novels Pro-Series 1,Books & Media,20251104,2025-11-04,2025-11-04 08:00:00,1,North America,Standard,4,271.24,0.0,1084.96,1084.96,PayPal
328,ORD_100328,1,417,CUST_0417,17,PROD_0017,Air Fryers Pro-Series 2,Home & Kitchen,20250303,2025-03-03,2025-03-03 06:00:00,4,LATAM,Standard,1,438.78,65.82,438.78,372.96,Apple Pay
329,ORD_100329,1,185,CUST_0185,36,PROD_0036,Watches Pro-Series 3,Apparel & Fashion,20250924,2025-09-24,2025-09-24 11:00:00,3,APAC,VIP,3,387.69,0.0,1163.07,1163.07,Debit Card
330,ORD_100330,1,445,CUST_0445,44,PROD_0044,Audiobooks Pro-Series 2,Books & Media,20250505,2025-05-05,2025-05-05 11:00:00,2,EMEA,Standard,5,86.85,21.71,434.25,412.54,Apple Pay
331,ORD_100331,1,345,CUST_0345,33,PROD_0033,Sportswear Pro-Series 3,Apparel & Fashion,20251230,2025-12-30,2025-12-30 10:00:00,4,LATAM,Standard,4,230.01,0.0,920.04,920.04,Debit Card
332,ORD_100332,1,324,CUST_0324,10,PROD_0010,Smartwatches Pro-Series 1,Consumer Electronics,20251021,2025-10-21,2025-10-21 14:00:00,2,EMEA,VIP,3,238.77,107.45,716.31,608.86,Debit Card
333,ORD_100333,1,83,CUST_0083,22,PROD_0022,Robotic Vacuums Pro-Series 1,Home & Kitchen,20250315,2025-03-15,2025-03-15 02:00:00,2,EMEA,Premium,3,573.0,171.9,1719.0,1547.1,Apple Pay
334,ORD_100334,1,331,CUST_0331,26,PROD_0026,Men's Jackets Pro-Series 2,Apparel & Fashion,20251001,2025-10-01,2025-10-01 19:00:00,3,APAC,Standard,4,387.88,155.15,1551.52,1396.37,Debit Card
335,ORD_100335,1,95,CUST_0095,2,PROD_0002,Smartphones Pro-Series 2,Consumer Electronics,20260228,2026-02-28,2026-02-28 05:00:00,2,EMEA,Premium,2,484.7,96.94,969.4,872.46,Credit Card
336,ORD_100336,1,204,CUST_0204,7,PROD_0007,Audio Headphones Pro-Series 1,Consumer Electronics,20250804,2025-08-04,2025-08-04 05:00:00,1,North America,Standard,1,136.35,20.45,136.35,115.9,Credit Card
337,ORD_100337,1,269,CUST_0269,6,PROD_0006,Laptops Pro-Series 3,Consumer Electronics,20250127,2025-01-27,2025-01-27 12:00:00,1,North America,Standard,3,304.52,45.68,913.56,867.88,Credit Card
338,ORD_100338,1,118,CUST_0118,16,PROD_0016,Air Fryers Pro-Series 1,Home & Kitchen,20260204,2026-02-04,2026-02-04 09:00:00,3,APAC,Standard,4,403.75,80.75,1615.0,1534.25,PayPal
339,ORD_100339,1,15,CUST_0015,3,PROD_0003,Smartphones Pro-Series 3,Consumer Electronics,20260624,2026-06-24,2026-06-24 05:00:00,3,APAC,Premium,3,194.64,87.59,583.92,496.33,Debit Card
340,ORD_100340,1,281,CUST_0281,29,PROD_0029,Women's Sneakers Pro-Series 2,Apparel & Fashion,20260708,2026-07-08,2026-07-08 08:00:00,2,EMEA,Standard,5,420.39,105.1,2101.95,1996.85,Debit Card
341,ORD_100341,1,269,CUST_0269,41,PROD_0041,Tech Guides Pro-Series 2,Books & Media,20260801,2026-08-01,2026-08-01 13:00:00,3,APAC,Standard,3,539.9,242.95,1619.7,1376.75,PayPal
342,ORD_100342,1,158,CUST_0158,24,PROD_0024,Robotic Vacuums Pro-Series 3,Home & Kitchen,20250402,2025-04-02,2025-04-02 14:00:00,4,LATAM,Premium,3,106.82,16.02,320.46,304.44,Apple Pay
343,ORD_100343,1,268,CUST_0268,9,PROD_0009,Audio Headphones Pro-Series 3,Consumer Electronics,20250111,2025-01-11,2025-01-11 00:00:00,3,APAC,Premium,3,512.06,230.43,1536.18,1305.75,Credit Card
344,ORD_100344,1,154,CUST_0154,1,PROD_0001,Smartphones Pro-Series 1,Consumer Electronics,20260519,2026-05-19,2026-05-19 15:00:00,4,LATAM,Standard,3,247.49,37.12,742.47,705.35,Credit Card
345,ORD_100345,1,97,CUST_0097,27,PROD_0027,Men's Jackets Pro-Series 3,Apparel & Fashion,20260716,2026-07-16,2026-07-16 11:00:00,4,LATAM,Premium,4,452.99,90.6,1811.96,1721.36,PayPal
346,ORD_100346,1,113,CUST_0113,17,PROD_0017,Air Fryers Pro-Series 2,Home & Kitchen,20260204,2026-02-04,2026-02-04 12:00:00,1,North America,Standard,4,438.78,87.76,1755.12,1667.36,Apple Pay
347,ORD_100347,1,381,CUST_0381,35,PROD_0035,Watches Pro-Series 2,Apparel & Fashion,20251019,2025-10-19,2025-10-19 20:00:00,3,APAC,Standard,4,495.6,99.12,1982.4,1883.28,Credit Card
348,ORD_100348,1,149,CUST_0149,8,PROD_0008,Audio Headphones Pro-Series 2,Consumer Electronics,20250706,2025-07-06,2025-07-06 04:00:00,4,LATAM,Premium,5,596.84,447.63,2984.2,2536.57,Apple Pay
349,ORD_100349,1,165,CUST_0165,2,PROD_0002,Smartphones Pro-Series 2,Consumer Electronics,20260519,2026-05-19,2026-05-19 06:00:00,2,EMEA,Standard,1,484.7,0.0,484.7,484.7,PayPal
350,ORD_100350,1,138,CUST_0138,9,PROD_0009,Audio Headphones Pro-Series 3,Consumer Electronics,20250415,2025-04-15,2025-04-15 09:00:00,4,LATAM,Premium,1,512.06,25.6,512.06,486.46,Credit Card
351,ORD_100351,1,253,CUST_0253,14,PROD_0014,Coffee Makers Pro-Series 2,Home & Kitchen,20250604,2025-06-04,2025-06-04 00:00:00,3,APAC,Premium,4,94.28,37.71,377.12,339.41,Debit Card
352,ORD_100352,1,357,CUST_0357,3,PROD_0003,Smartphones Pro-Series 3,Consumer Electronics,20260116,2026-01-16,2026-01-16 14:00:00,3,APAC,Premium,1,194.64,9.73,194.64,184.91,Credit Card
353,ORD_100353,1,37,CUST_0037,35,PROD_0035,Watches Pro-Series 2,Apparel & Fashion,20250930,2025-09-30,2025-09-30 12:00:00,4,LATAM,Premium,2,495.6,49.56,991.2,941.64,Apple Pay
354,ORD_100354,1,63,CUST_0063,16,PROD_0016,Air Fryers Pro-Series 1,Home & Kitchen,20260126,2026-01-26,2026-01-26 00:00:00,4,LATAM,Standard,4,403.75,80.75,1615.0,1534.25,Credit Card
355,ORD_100355,1,377,CUST_0377,7,PROD_0007,Audio Headphones Pro-Series 1,Consumer Electronics,20250723,2025-07-23,2025-07-23 14:00:00,2,EMEA,Standard,4,136.35,81.81,545.4,463.59,Apple Pay
356,ORD_100356,1,323,CUST_0323,3,PROD_0003,Smartphones Pro-Series 3,Consumer Electronics,20251127,2025-11-27,2025-11-27 05:00:00,1,North America,Standard,3,194.64,87.59,583.92,496.33,Apple Pay
357,ORD_100357,1,455,CUST_0455,4,PROD_0004,Laptops Pro-Series 1,Consumer Electronics,20250723,2025-07-23,2025-07-23 11:00:00,2,EMEA,Standard,1,328.32,16.42,328.32,311.9,Debit Card
358,ORD_100358,1,86,CUST_0086,18,PROD_0018,Air Fryers Pro-Series 3,Home & Kitchen,20251129,2025-11-29,2025-11-29 00:00:00,1,North America,Premium,4,497.95,99.59,1991.8,1892.21,Credit Card
359,ORD_100359,1,402,CUST_0402,45,PROD_0045,Audiobooks Pro-Series 3,Books & Media,20250213,2025-02-13,2025-02-13 18:00:00,4,LATAM,Standard,5,512.51,128.13,2562.55,2434.42,Apple Pay
360,ORD_100360,1,81,CUST_0081,32,PROD_0032,Sportswear Pro-Series 2,Apparel & Fashion,20250402,2025-04-02,2025-04-02 07:00:00,1,North America,Premium,5,106.55,53.28,532.75,479.47,Credit Card
361,ORD_100361,1,331,CUST_0331,10,PROD_0010,Smartwatches Pro-Series 1,Consumer Electronics,20250303,2025-03-03,2025-03-03 11:00:00,1,North America,Standard,2,238.77,71.63,477.54,405.91,PayPal
362,ORD_100362,1,404,CUST_0404,42,PROD_0042,Tech Guides Pro-Series 3,Books & Media,20251121,2025-11-21,2025-11-21 17:00:00,3,APAC,Premium,4,201.79,40.36,807.16,766.8,Credit Card
363,ORD_100363,1,371,CUST_0371,9,PROD_0009,Audio Headphones Pro-Series 3,Consumer Electronics,20260122,2026-01-22,2026-01-22 11:00:00,3,APAC,Standard,1,512.06,76.81,512.06,435.25,Debit Card
364,ORD_100364,1,278,CUST_0278,45,PROD_0045,Audiobooks Pro-Series 3,Books & Media,20260727,2026-07-27,2026-07-27 09:00:00,4,LATAM,Standard,2,512.51,51.25,1025.02,973.77,Apple Pay
365,ORD_100365,1,240,CUST_0240,18,PROD_0018,Air Fryers Pro-Series 3,Home & Kitchen,20251128,2025-11-28,2025-11-28 23:00:00,2,EMEA,Standard,1,497.95,24.9,497.95,473.05,Debit Card
366,ORD_100366,1,278,CUST_0278,24,PROD_0024,Robotic Vacuums Pro-Series 3,Home & Kitchen,20251030,2025-10-30,2025-10-30 08:00:00,4,LATAM,Standard,1,106.82,16.02,106.82,90.8,PayPal
367,ORD_100367,1,439,CUST_0439,24,PROD_0024,Robotic Vacuums Pro-Series 3,Home & Kitchen,20250120,2025-01-20,2025-01-20 19:00:00,2,EMEA,Standard,3,106.82,0.0,320.46,320.46,Debit Card
368,ORD_100368,1,350,CUST_0350,32,PROD_0032,Sportswear Pro-Series 2,Apparel & Fashion,20250714,2025-07-14,2025-07-14 16:00:00,2,EMEA,Standard,5,106.55,53.28,532.75,479.47,Apple Pay
369,ORD_100369,1,165,CUST_0165,8,PROD_0008,Audio Headphones Pro-Series 2,Consumer Electronics,20260224,2026-02-24,2026-02-24 20:00:00,1,North America,Standard,5,596.84,0.0,2984.2,2984.2,Credit Card
370,ORD_100370,1,448,CUST_0448,3,PROD_0003,Smartphones Pro-Series 3,Consumer Electronics,20250513,2025-05-13,2025-05-13 05:00:00,2,EMEA,Premium,1,194.64,29.2,194.64,165.44,PayPal
371,ORD_100371,1,293,CUST_0293,42,PROD_0042,Tech Guides Pro-Series 3,Books & Media,20250412,2025-04-12,2025-04-12 01:00:00,4,LATAM,Premium,4,201.79,80.72,807.16,726.44,Credit Card
372,ORD_100372,1,311,CUST_0311,5,PROD_0005,Laptops Pro-Series 2,Consumer Electronics,20260111,2026-01-11,2026-01-11 07:00:00,1,North America,Standard,2,144.32,43.3,288.64,245.34,Credit Card
373,ORD_100373,1,32,CUST_0032,24,PROD_0024,Robotic Vacuums Pro-Series 3,Home & Kitchen,20260425,2026-04-25,2026-04-25 20:00:00,4,LATAM,Standard,3,106.82,0.0,320.46,320.46,Apple Pay
374,ORD_100374,1,376,CUST_0376,5,PROD_0005,Laptops Pro-Series 2,Consumer Electronics,20260626,2026-06-26,2026-06-26 01:00:00,3,APAC,Standard,1,144.32,7.22,144.32,137.1,Credit Card
375,ORD_100375,1,119,CUST_0119,35,PROD_0035,Watches Pro-Series 2,Apparel & Fashion,20250414,2025-04-14,2025-04-14 23:00:00,4,LATAM,Premium,2,495.6,49.56,991.2,941.64,PayPal
376,ORD_100376,1,486,CUST_0486,12,PROD_0012,Smartwatches Pro-Series 3,Consumer Electronics,20260807,2026-08-07,2026-08-07 20:00:00,4,LATAM,Premium,1,414.15,41.41,414.15,372.74,Debit Card
377,ORD_100377,1,86,CUST_0086,12,PROD_0012,Smartwatches Pro-Series 3,Consumer Electronics,20260314,2026-03-14,2026-03-14 03:00:00,4,LATAM,Premium,5,414.15,207.08,2070.75,1863.67,PayPal
378,ORD_100378,1,227,CUST_0227,23,PROD_0023,Robotic Vacuums Pro-Series 2,Home & Kitchen,20260701,2026-07-01,2026-07-01 19:00:00,3,APAC,Standard,5,80.72,40.36,403.6,363.24,Apple Pay
379,ORD_100379,1,221,CUST_0221,21,PROD_0021,Blenders Pro-Series 3,Home & Kitchen,20260227,2026-02-27,2026-02-27 20:00:00,2,EMEA,Standard,5,137.29,34.32,686.45,652.13,Debit Card
380,ORD_100380,1,131,CUST_0131,24,PROD_0024,Robotic Vacuums Pro-Series 3,Home & Kitchen,20260718,2026-07-18,2026-07-18 23:00:00,4,LATAM,Premium,4,106.82,64.09,427.28,363.19,Credit Card
381,ORD_100381,1,306,CUST_0306,2,PROD_0002,Smartphones Pro-Series 2,Consumer Electronics,20250205,2025-02-05,2025-02-05 09:00:00,2,EMEA,Premium,3,484.7,0.0,1454.1,1454.1,Apple Pay
382,ORD_100382,1,439,CUST_0439,21,PROD_0021,Blenders Pro-Series 3,Home & Kitchen,20250816,2025-08-16,2025-08-16 06:00:00,1,North America,Standard,3,137.29,20.59,411.87,391.28,Credit Card
383,ORD_100383,1,183,CUST_0183,10,PROD_0010,Smartwatches Pro-Series 1,Consumer Electronics,20250208,2025-02-08,2025-02-08 14:00:00,2,EMEA,VIP,3,238.77,71.63,716.31,644.68,PayPal
384,ORD_100384,1,416,CUST_0416,20,PROD_0020,Blenders Pro-Series 2,Home & Kitchen,20250827,2025-08-27,2025-08-27 08:00:00,1,North America,VIP,5,80.82,60.61,404.1,343.49,PayPal
385,ORD_100385,1,167,CUST_0167,31,PROD_0031,Sportswear Pro-Series 1,Apparel & Fashion,20250321,2025-03-21,2025-03-21 23:00:00,2,EMEA,Standard,4,610.97,0.0,2443.88,2443.88,Apple Pay
386,ORD_100386,1,414,CUST_0414,37,PROD_0037,Hardcover Novels Pro-Series 1,Books & Media,20250208,2025-02-08,2025-02-08 23:00:00,4,LATAM,Standard,1,271.24,0.0,271.24,271.24,Apple Pay
387,ORD_100387,1,214,CUST_0214,8,PROD_0008,Audio Headphones Pro-Series 2,Consumer Electronics,20251223,2025-12-23,2025-12-23 13:00:00,2,EMEA,Premium,5,596.84,0.0,2984.2,2984.2,Debit Card
388,ORD_100388,1,269,CUST_0269,3,PROD_0003,Smartphones Pro-Series 3,Consumer Electronics,20250225,2025-02-25,2025-02-25 09:00:00,3,APAC,Standard,5,194.64,48.66,973.2,924.54,Apple Pay
389,ORD_100389,1,114,CUST_0114,10,PROD_0010,Smartwatches Pro-Series 1,Consumer Electronics,20260530,2026-05-30,2026-05-30 22:00:00,1,North America,Premium,4,238.77,143.26,955.08,811.82,Credit Card
390,ORD_100390,1,149,CUST_0149,26,PROD_0026,Men's Jackets Pro-Series 2,Apparel & Fashion,20250816,2025-08-16,2025-08-16 13:00:00,2,EMEA,Premium,2,387.88,77.58,775.76,698.18,Credit Card
391,ORD_100391,1,382,CUST_0382,4,PROD_0004,Laptops Pro-Series 1,Consumer Electronics,20260503,2026-05-03,2026-05-03 18:00:00,4,LATAM,Premium,3,328.32,0.0,984.96,984.96,Debit Card
392,ORD_100392,1,397,CUST_0397,45,PROD_0045,Audiobooks Pro-Series 3,Books & Media,20260529,2026-05-29,2026-05-29 13:00:00,2,EMEA,Premium,2,512.51,153.75,1025.02,871.27,PayPal
393,ORD_100393,1,334,CUST_0334,37,PROD_0037,Hardcover Novels Pro-Series 1,Books & Media,20260515,2026-05-15,2026-05-15 12:00:00,2,EMEA,VIP,5,271.24,67.81,1356.2,1288.39,PayPal
394,ORD_100394,1,398,CUST_0398,28,PROD_0028,Women's Sneakers Pro-Series 1,Apparel & Fashion,20250315,2025-03-15,2025-03-15 08:00:00,3,APAC,Premium,5,301.74,0.0,1508.7,1508.7,Credit Card
395,ORD_100395,1,188,CUST_0188,23,PROD_0023,Robotic Vacuums Pro-Series 2,Home & Kitchen,20260228,2026-02-28,2026-02-28 13:00:00,2,EMEA,Premium,3,80.72,24.22,242.16,217.94,Credit Card
396,ORD_100396,1,180,CUST_0180,40,PROD_0040,Tech Guides Pro-Series 1,Books & Media,20251109,2025-11-09,2025-11-09 05:00:00,4,LATAM,Standard,5,507.6,126.9,2538.0,2411.1,Debit Card
397,ORD_100397,1,103,CUST_0103,44,PROD_0044,Audiobooks Pro-Series 2,Books & Media,20250215,2025-02-15,2025-02-15 07:00:00,3,APAC,Premium,2,86.85,0.0,173.7,173.7,Credit Card
398,ORD_100398,1,486,CUST_0486,40,PROD_0040,Tech Guides Pro-Series 1,Books & Media,20250225,2025-02-25,2025-02-25 07:00:00,2,EMEA,Premium,3,507.6,0.0,1522.8,1522.8,Apple Pay
399,ORD_100399,1,231,CUST_0231,31,PROD_0031,Sportswear Pro-Series 1,Apparel & Fashion,20250424,2025-04-24,2025-04-24 09:00:00,1,North America,Premium,3,610.97,91.65,1832.91,1741.26,PayPal
400,ORD_100400,1,268,CUST_0268,17,PROD_0017,Air Fryers Pro-Series 2,Home & Kitchen,20250728,2025-07-28,2025-07-28 17:00:00,4,LATAM,Premium,5,438.78,109.69,2193.9,2084.21,Credit Card
401,ORD_100401,1,464,CUST_0464,43,PROD_0043,Audiobooks Pro-Series 1,Books & Media,20260121,2026-01-21,2026-01-21 18:00:00,1,North America,Standard,3,262.83,39.42,788.49,749.07,Credit Card
402,ORD_100402,1,405,CUST_0405,45,PROD_0045,Audiobooks Pro-Series 3,Books & Media,20251018,2025-10-18,2025-10-18 06:00:00,3,APAC,Standard,1,512.51,76.88,512.51,435.63,Credit Card
403,ORD_100403,1,339,CUST_0339,18,PROD_0018,Air Fryers Pro-Series 3,Home & Kitchen,20250310,2025-03-10,2025-03-10 12:00:00,3,APAC,Premium,1,497.95,0.0,497.95,497.95,Apple Pay
404,ORD_100404,1,195,CUST_0195,33,PROD_0033,Sportswear Pro-Series 3,Apparel & Fashion,20260131,2026-01-31,2026-01-31 07:00:00,1,North America,Premium,3,230.01,103.5,690.03,586.53,Credit Card
405,ORD_100405,1,257,CUST_0257,30,PROD_0030,Women's Sneakers Pro-Series 3,Apparel & Fashion,20250710,2025-07-10,2025-07-10 06:00:00,1,North America,Standard,1,378.05,18.9,378.05,359.15,Apple Pay
406,ORD_100406,1,202,CUST_0202,11,PROD_0011,Smartwatches Pro-Series 2,Consumer Electronics,20251208,2025-12-08,2025-12-08 15:00:00,1,North America,Standard,3,627.26,188.18,1881.78,1693.6,Apple Pay
407,ORD_100407,1,257,CUST_0257,18,PROD_0018,Air Fryers Pro-Series 3,Home & Kitchen,20251106,2025-11-06,2025-11-06 07:00:00,1,North America,Standard,3,497.95,224.08,1493.85,1269.77,Credit Card
408,ORD_100408,1,116,CUST_0116,10,PROD_0010,Smartwatches Pro-Series 1,Consumer Electronics,20260723,2026-07-23,2026-07-23 08:00:00,3,APAC,Standard,4,238.77,47.75,955.08,907.33,Credit Card
409,ORD_100409,1,492,CUST_0492,44,PROD_0044,Audiobooks Pro-Series 2,Books & Media,20260127,2026-01-27,2026-01-27 16:00:00,2,EMEA,Standard,4,86.85,17.37,347.4,330.03,PayPal
410,ORD_100410,1,466,CUST_0466,39,PROD_0039,Hardcover Novels Pro-Series 3,Books & Media,20260313,2026-03-13,2026-03-13 09:00:00,3,APAC,Premium,4,217.64,43.53,870.56,827.03,PayPal
411,ORD_100411,1,278,CUST_0278,44,PROD_0044,Audiobooks Pro-Series 2,Books & Media,20250522,2025-05-22,2025-05-22 18:00:00,2,EMEA,Standard,2,86.85,17.37,173.7,156.33,PayPal
412,ORD_100412,1,336,CUST_0336,37,PROD_0037,Hardcover Novels Pro-Series 1,Books & Media,20260317,2026-03-17,2026-03-17 04:00:00,2,EMEA,Premium,3,271.24,0.0,813.72,813.72,Credit Card
413,ORD_100413,1,430,CUST_0430,10,PROD_0010,Smartwatches Pro-Series 1,Consumer Electronics,20250708,2025-07-08,2025-07-08 10:00:00,1,North America,Standard,3,238.77,107.45,716.31,608.86,Debit Card
414,ORD_100414,1,382,CUST_0382,41,PROD_0041,Tech Guides Pro-Series 2,Books & Media,20251107,2025-11-07,2025-11-07 14:00:00,3,APAC,Premium,2,539.9,53.99,1079.8,1025.81,Credit Card
415,ORD_100415,1,14,CUST_0014,40,PROD_0040,Tech Guides Pro-Series 1,Books & Media,20250515,2025-05-15,2025-05-15 05:00:00,3,APAC,Standard,5,507.6,126.9,2538.0,2411.1,PayPal
416,ORD_100416,1,14,CUST_0014,23,PROD_0023,Robotic Vacuums Pro-Series 2,Home & Kitchen,20250825,2025-08-25,2025-08-25 21:00:00,1,North America,Standard,4,80.72,16.14,322.88,306.74,Debit Card
417,ORD_100417,1,437,CUST_0437,25,PROD_0025,Men's Jackets Pro-Series 1,Apparel & Fashion,20260118,2026-01-18,2026-01-18 05:00:00,4,LATAM,Premium,4,381.42,76.28,1525.68,1449.4,PayPal
418,ORD_100418,1,17,CUST_0017,27,PROD_0027,Men's Jackets Pro-Series 3,Apparel & Fashion,20250717,2025-07-17,2025-07-17 07:00:00,1,North America,Premium,3,452.99,203.85,1358.97,1155.12,PayPal
419,ORD_100419,1,34,CUST_0034,12,PROD_0012,Smartwatches Pro-Series 3,Consumer Electronics,20250727,2025-07-27,2025-07-27 06:00:00,4,LATAM,VIP,5,414.15,310.61,2070.75,1760.14,Apple Pay
420,ORD_100420,1,219,CUST_0219,26,PROD_0026,Men's Jackets Pro-Series 2,Apparel & Fashion,20260414,2026-04-14,2026-04-14 07:00:00,1,North America,Standard,5,387.88,290.91,1939.4,1648.49,Apple Pay
421,ORD_100421,1,481,CUST_0481,37,PROD_0037,Hardcover Novels Pro-Series 1,Books & Media,20260208,2026-02-08,2026-02-08 19:00:00,1,North America,Standard,5,271.24,0.0,1356.2,1356.2,Debit Card
422,ORD_100422,1,450,CUST_0450,16,PROD_0016,Air Fryers Pro-Series 1,Home & Kitchen,20260413,2026-04-13,2026-04-13 01:00:00,4,LATAM,Premium,1,403.75,60.56,403.75,343.19,Credit Card
423,ORD_100423,1,226,CUST_0226,26,PROD_0026,Men's Jackets Pro-Series 2,Apparel & Fashion,20250714,2025-07-14,2025-07-14 09:00:00,3,APAC,Standard,3,387.88,174.55,1163.64,989.09,PayPal
424,ORD_100424,1,314,CUST_0314,4,PROD_0004,Laptops Pro-Series 1,Consumer Electronics,20260309,2026-03-09,2026-03-09 09:00:00,2,EMEA,VIP,4,328.32,196.99,1313.28,1116.29,Credit Card
425,ORD_100425,1,93,CUST_0093,38,PROD_0038,Hardcover Novels Pro-Series 2,Books & Media,20260528,2026-05-28,2026-05-28 03:00:00,2,EMEA,Standard,4,157.75,94.65,631.0,536.35,Apple Pay
426,ORD_100426,1,92,CUST_0092,30,PROD_0030,Women's Sneakers Pro-Series 3,Apparel & Fashion,20260407,2026-04-07,2026-04-07 00:00:00,2,EMEA,VIP,4,378.05,0.0,1512.2,1512.2,Apple Pay
427,ORD_100427,1,333,CUST_0333,11,PROD_0011,Smartwatches Pro-Series 2,Consumer Electronics,20251128,2025-11-28,2025-11-28 22:00:00,1,North America,Premium,1,627.26,0.0,627.26,627.26,Debit Card
428,ORD_100428,1,269,CUST_0269,25,PROD_0025,Men's Jackets Pro-Series 1,Apparel & Fashion,20260107,2026-01-07,2026-01-07 02:00:00,2,EMEA,Standard,4,381.42,228.85,1525.68,1296.83,Credit Card
429,ORD_100429,1,290,CUST_0290,43,PROD_0043,Audiobooks Pro-Series 1,Books & Media,20250624,2025-06-24,2025-06-24 10:00:00,2,EMEA,Standard,2,262.83,26.28,525.66,499.38,PayPal
430,ORD_100430,1,158,CUST_0158,20,PROD_0020,Blenders Pro-Series 2,Home & Kitchen,20250222,2025-02-22,2025-02-22 13:00:00,4,LATAM,Premium,3,80.82,12.12,242.46,230.34,Credit Card
431,ORD_100431,1,2,CUST_0002,40,PROD_0040,Tech Guides Pro-Series 1,Books & Media,20250515,2025-05-15,2025-05-15 06:00:00,3,APAC,Premium,1,507.6,76.14,507.6,431.46,Debit Card
432,ORD_100432,1,414,CUST_0414,1,PROD_0001,Smartphones Pro-Series 1,Consumer Electronics,20260526,2026-05-26,2026-05-26 17:00:00,4,LATAM,Standard,2,247.49,24.75,494.98,470.23,Debit Card
433,ORD_100433,1,227,CUST_0227,6,PROD_0006,Laptops Pro-Series 3,Consumer Electronics,20260410,2026-04-10,2026-04-10 13:00:00,1,North America,Standard,2,304.52,60.9,609.04,548.14,PayPal
434,ORD_100434,1,76,CUST_0076,4,PROD_0004,Laptops Pro-Series 1,Consumer Electronics,20250220,2025-02-20,2025-02-20 05:00:00,3,APAC,Premium,1,328.32,16.42,328.32,311.9,Credit Card
435,ORD_100435,1,153,CUST_0153,22,PROD_0022,Robotic Vacuums Pro-Series 1,Home & Kitchen,20260815,2026-08-15,2026-08-15 19:00:00,1,North America,Premium,1,573.0,0.0,573.0,573.0,Debit Card
436,ORD_100436,1,345,CUST_0345,19,PROD_0019,Blenders Pro-Series 1,Home & Kitchen,20250702,2025-07-02,2025-07-02 05:00:00,2,EMEA,Standard,4,523.93,209.57,2095.72,1886.15,Credit Card
437,ORD_100437,1,166,CUST_0166,24,PROD_0024,Robotic Vacuums Pro-Series 3,Home & Kitchen,20250406,2025-04-06,2025-04-06 09:00:00,4,LATAM,Standard,1,106.82,16.02,106.82,90.8,Credit Card
438,ORD_100438,1,69,CUST_0069,8,PROD_0008,Audio Headphones Pro-Series 2,Consumer Electronics,20251027,2025-10-27,2025-10-27 15:00:00,3,APAC,Standard,3,596.84,268.58,1790.52,1521.94,PayPal
439,ORD_100439,1,30,CUST_0030,7,PROD_0007,Audio Headphones Pro-Series 1,Consumer Electronics,20250803,2025-08-03,2025-08-03 19:00:00,1,North America,VIP,4,136.35,54.54,545.4,490.86,Debit Card
440,ORD_100440,1,270,CUST_0270,37,PROD_0037,Hardcover Novels Pro-Series 1,Books & Media,20251121,2025-11-21,2025-11-21 08:00:00,3,APAC,Standard,2,271.24,81.37,542.48,461.11,Debit Card
441,ORD_100441,1,453,CUST_0453,40,PROD_0040,Tech Guides Pro-Series 1,Books & Media,20260520,2026-05-20,2026-05-20 05:00:00,2,EMEA,Premium,3,507.6,76.14,1522.8,1446.66,Credit Card
442,ORD_100442,1,239,CUST_0239,41,PROD_0041,Tech Guides Pro-Series 2,Books & Media,20250502,2025-05-02,2025-05-02 00:00:00,1,North America,Standard,2,539.9,161.97,1079.8,917.83,Debit Card
443,ORD_100443,1,180,CUST_0180,36,PROD_0036,Watches Pro-Series 3,Apparel & Fashion,20250216,2025-02-16,2025-02-16 10:00:00,2,EMEA,Standard,1,387.69,19.38,387.69,368.31,Apple Pay
444,ORD_100444,1,158,CUST_0158,20,PROD_0020,Blenders Pro-Series 2,Home & Kitchen,20250918,2025-09-18,2025-09-18 02:00:00,3,APAC,Premium,1,80.82,0.0,80.82,80.82,Apple Pay
445,ORD_100445,1,371,CUST_0371,37,PROD_0037,Hardcover Novels Pro-Series 1,Books & Media,20251216,2025-12-16,2025-12-16 12:00:00,1,North America,Standard,2,271.24,27.12,542.48,515.36,Apple Pay
446,ORD_100446,1,246,CUST_0246,31,PROD_0031,Sportswear Pro-Series 1,Apparel & Fashion,20251213,2025-12-13,2025-12-13 21:00:00,1,North America,Premium,2,610.97,183.29,1221.94,1038.65,PayPal
447,ORD_100447,1,459,CUST_0459,22,PROD_0022,Robotic Vacuums Pro-Series 1,Home & Kitchen,20260417,2026-04-17,2026-04-17 17:00:00,4,LATAM,Premium,4,573.0,0.0,2292.0,2292.0,Apple Pay
448,ORD_100448,1,348,CUST_0348,21,PROD_0021,Blenders Pro-Series 3,Home & Kitchen,20260802,2026-08-02,2026-08-02 23:00:00,1,North America,Standard,2,137.29,27.46,274.58,247.12,Apple Pay
449,ORD_100449,1,144,CUST_0144,2,PROD_0002,Smartphones Pro-Series 2,Consumer Electronics,20250309,2025-03-09,2025-03-09 04:00:00,3,APAC,Premium,4,484.7,96.94,1938.8,1841.86,Debit Card
450,ORD_100450,1,60,CUST_0060,20,PROD_0020,Blenders Pro-Series 2,Home & Kitchen,20250711,2025-07-11,2025-07-11 19:00:00,3,APAC,Standard,1,80.82,8.08,80.82,72.74,Debit Card
451,ORD_100451,1,450,CUST_0450,16,PROD_0016,Air Fryers Pro-Series 1,Home & Kitchen,20250330,2025-03-30,2025-03-30 15:00:00,3,APAC,Premium,4,403.75,161.5,1615.0,1453.5,PayPal
452,ORD_100452,1,90,CUST_0090,8,PROD_0008,Audio Headphones Pro-Series 2,Consumer Electronics,20260622,2026-06-22,2026-06-22 09:00:00,3,APAC,VIP,1,596.84,29.84,596.84,567.0,Credit Card
453,ORD_100453,1,13,CUST_0013,31,PROD_0031,Sportswear Pro-Series 1,Apparel & Fashion,20260331,2026-03-31,2026-03-31 16:00:00,2,EMEA,Standard,2,610.97,122.19,1221.94,1099.75,Debit Card
454,ORD_100454,1,398,CUST_0398,21,PROD_0021,Blenders Pro-Series 3,Home & Kitchen,20260621,2026-06-21,2026-06-21 09:00:00,2,EMEA,Premium,1,137.29,6.86,137.29,130.43,PayPal
455,ORD_100455,1,199,CUST_0199,34,PROD_0034,Watches Pro-Series 1,Apparel & Fashion,20250207,2025-02-07,2025-02-07 14:00:00,1,North America,Premium,1,277.89,27.79,277.89,250.1,Credit Card
456,ORD_100456,1,240,CUST_0240,3,PROD_0003,Smartphones Pro-Series 3,Consumer Electronics,20250331,2025-03-31,2025-03-31 10:00:00,1,North America,Standard,5,194.64,97.32,973.2,875.88,Credit Card
457,ORD_100457,1,328,CUST_0328,14,PROD_0014,Coffee Makers Pro-Series 2,Home & Kitchen,20260815,2026-08-15,2026-08-15 09:00:00,3,APAC,Standard,2,94.28,9.43,188.56,179.13,Apple Pay
458,ORD_100458,1,164,CUST_0164,29,PROD_0029,Women's Sneakers Pro-Series 2,Apparel & Fashion,20251011,2025-10-11,2025-10-11 17:00:00,1,North America,VIP,3,420.39,63.06,1261.17,1198.11,PayPal
459,ORD_100459,1,8,CUST_0008,40,PROD_0040,Tech Guides Pro-Series 1,Books & Media,20251008,2025-10-08,2025-10-08 03:00:00,1,North America,Standard,2,507.6,101.52,1015.2,913.68,Apple Pay
460,ORD_100460,1,483,CUST_0483,19,PROD_0019,Blenders Pro-Series 1,Home & Kitchen,20251005,2025-10-05,2025-10-05 04:00:00,2,EMEA,Premium,2,523.93,0.0,1047.86,1047.86,Apple Pay
461,ORD_100461,1,228,CUST_0228,4,PROD_0004,Laptops Pro-Series 1,Consumer Electronics,20251213,2025-12-13,2025-12-13 17:00:00,2,EMEA,Premium,1,328.32,49.25,328.32,279.07,Credit Card
462,ORD_100462,1,28,CUST_0028,6,PROD_0006,Laptops Pro-Series 3,Consumer Electronics,20250419,2025-04-19,2025-04-19 12:00:00,4,LATAM,Premium,4,304.52,60.9,1218.08,1157.18,Debit Card
463,ORD_100463,1,171,CUST_0171,13,PROD_0013,Coffee Makers Pro-Series 1,Home & Kitchen,20251231,2025-12-31,2025-12-31 09:00:00,1,North America,Standard,4,177.25,35.45,709.0,673.55,Credit Card
464,ORD_100464,1,234,CUST_0234,20,PROD_0020,Blenders Pro-Series 2,Home & Kitchen,20260425,2026-04-25,2026-04-25 03:00:00,4,LATAM,VIP,4,80.82,16.16,323.28,307.12,PayPal
465,ORD_100465,1,133,CUST_0133,24,PROD_0024,Robotic Vacuums Pro-Series 3,Home & Kitchen,20250528,2025-05-28,2025-05-28 19:00:00,4,LATAM,VIP,2,106.82,21.36,213.64,192.28,Apple Pay
466,ORD_100466,1,16,CUST_0016,5,PROD_0005,Laptops Pro-Series 2,Consumer Electronics,20260410,2026-04-10,2026-04-10 15:00:00,4,LATAM,Standard,1,144.32,14.43,144.32,129.89,Debit Card
467,ORD_100467,1,145,CUST_0145,23,PROD_0023,Robotic Vacuums Pro-Series 2,Home & Kitchen,20260418,2026-04-18,2026-04-18 05:00:00,2,EMEA,Premium,5,80.72,0.0,403.6,403.6,Debit Card
468,ORD_100468,1,285,CUST_0285,42,PROD_0042,Tech Guides Pro-Series 3,Books & Media,20250420,2025-04-20,2025-04-20 10:00:00,1,North America,Standard,3,201.79,90.81,605.37,514.56,Debit Card
469,ORD_100469,1,318,CUST_0318,16,PROD_0016,Air Fryers Pro-Series 1,Home & Kitchen,20260228,2026-02-28,2026-02-28 07:00:00,2,EMEA,Standard,4,403.75,242.25,1615.0,1372.75,Credit Card
470,ORD_100470,1,417,CUST_0417,45,PROD_0045,Audiobooks Pro-Series 3,Books & Media,20251215,2025-12-15,2025-12-15 06:00:00,4,LATAM,Standard,4,512.51,205.0,2050.04,1845.04,PayPal
471,ORD_100471,1,343,CUST_0343,5,PROD_0005,Laptops Pro-Series 2,Consumer Electronics,20250627,2025-06-27,2025-06-27 21:00:00,4,LATAM,Standard,1,144.32,21.65,144.32,122.67,Apple Pay
472,ORD_100472,1,421,CUST_0421,29,PROD_0029,Women's Sneakers Pro-Series 2,Apparel & Fashion,20260723,2026-07-23,2026-07-23 03:00:00,2,EMEA,Standard,3,420.39,189.18,1261.17,1071.99,Credit Card
473,ORD_100473,1,417,CUST_0417,39,PROD_0039,Hardcover Novels Pro-Series 3,Books & Media,20250422,2025-04-22,2025-04-22 21:00:00,4,LATAM,Standard,3,217.64,97.94,652.92,554.98,Credit Card
474,ORD_100474,1,419,CUST_0419,9,PROD_0009,Audio Headphones Pro-Series 3,Consumer Electronics,20250403,2025-04-03,2025-04-03 06:00:00,1,North America,VIP,2,512.06,51.21,1024.12,972.91,Debit Card
475,ORD_100475,1,200,CUST_0200,40,PROD_0040,Tech Guides Pro-Series 1,Books & Media,20260629,2026-06-29,2026-06-29 09:00:00,4,LATAM,Standard,2,507.6,50.76,1015.2,964.44,Apple Pay
476,ORD_100476,1,407,CUST_0407,44,PROD_0044,Audiobooks Pro-Series 2,Books & Media,20251103,2025-11-03,2025-11-03 18:00:00,3,APAC,Premium,4,86.85,34.74,347.4,312.66,Credit Card
477,ORD_100477,1,314,CUST_0314,33,PROD_0033,Sportswear Pro-Series 3,Apparel & Fashion,20260820,2026-08-20,2026-08-20 00:00:00,4,LATAM,VIP,2,230.01,46.0,460.02,414.02,Credit Card
478,ORD_100478,1,496,CUST_0496,4,PROD_0004,Laptops Pro-Series 1,Consumer Electronics,20260114,2026-01-14,2026-01-14 17:00:00,1,North America,Standard,5,328.32,164.16,1641.6,1477.44,Credit Card
479,ORD_100479,1,121,CUST_0121,28,PROD_0028,Women's Sneakers Pro-Series 1,Apparel & Fashion,20251016,2025-10-16,2025-10-16 00:00:00,4,LATAM,Premium,3,301.74,135.78,905.22,769.44,Debit Card
480,ORD_100480,1,280,CUST_0280,14,PROD_0014,Coffee Makers Pro-Series 2,Home & Kitchen,20260126,2026-01-26,2026-01-26 13:00:00,2,EMEA,Premium,4,94.28,18.86,377.12,358.26,PayPal
481,ORD_100481,1,432,CUST_0432,24,PROD_0024,Robotic Vacuums Pro-Series 3,Home & Kitchen,20260723,2026-07-23,2026-07-23 12:00:00,4,LATAM,Standard,2,106.82,21.36,213.64,192.28,PayPal
482,ORD_100482,1,37,CUST_0037,42,PROD_0042,Tech Guides Pro-Series 3,Books & Media,20250518,2025-05-18,2025-05-18 00:00:00,1,North America,Premium,2,201.79,60.54,403.58,343.04,Debit Card
483,ORD_100483,1,71,CUST_0071,42,PROD_0042,Tech Guides Pro-Series 3,Books & Media,20250520,2025-05-20,2025-05-20 02:00:00,4,LATAM,Standard,4,201.79,121.07,807.16,686.09,PayPal
484,ORD_100484,1,218,CUST_0218,36,PROD_0036,Watches Pro-Series 3,Apparel & Fashion,20260411,2026-04-11,2026-04-11 16:00:00,4,LATAM,Standard,4,387.69,155.08,1550.76,1395.68,PayPal
485,ORD_100485,1,310,CUST_0310,1,PROD_0001,Smartphones Pro-Series 1,Consumer Electronics,20250710,2025-07-10,2025-07-10 13:00:00,4,LATAM,Standard,2,247.49,49.5,494.98,445.48,Debit Card
486,ORD_100486,1,188,CUST_0188,3,PROD_0003,Smartphones Pro-Series 3,Consumer Electronics,20260714,2026-07-14,2026-07-14 18:00:00,1,North America,Premium,5,194.64,145.98,973.2,827.22,Apple Pay
487,ORD_100487,1,247,CUST_0247,45,PROD_0045,Audiobooks Pro-Series 3,Books & Media,20250426,2025-04-26,2025-04-26 18:00:00,1,North America,Premium,2,512.51,102.5,1025.02,922.52,Debit Card
488,ORD_100488,1,268,CUST_0268,40,PROD_0040,Tech Guides Pro-Series 1,Books & Media,20260614,2026-06-14,2026-06-14 02:00:00,1,North America,Premium,2,507.6,152.28,1015.2,862.92,Credit Card
489,ORD_100489,1,160,CUST_0160,40,PROD_0040,Tech Guides Pro-Series 1,Books & Media,20260707,2026-07-07,2026-07-07 18:00:00,1,North America,Standard,3,507.6,0.0,1522.8,1522.8,Debit Card
490,ORD_100490,1,464,CUST_0464,31,PROD_0031,Sportswear Pro-Series 1,Apparel & Fashion,20260410,2026-04-10,2026-04-10 16:00:00,3,APAC,Standard,4,610.97,244.39,2443.88,2199.49,Apple Pay
491,ORD_100491,1,19,CUST_0019,45,PROD_0045,Audiobooks Pro-Series 3,Books & Media,20251024,2025-10-24,2025-10-24 05:00:00,3,APAC,Standard,5,512.51,256.26,2562.55,2306.29,Credit Card
492,ORD_100492,1,87,CUST_0087,37,PROD_0037,Hardcover Novels Pro-Series 1,Books & Media,20260430,2026-04-30,2026-04-30 18:00:00,1,North America,VIP,3,271.24,0.0,813.72,813.72,Apple Pay
493,ORD_100493,1,65,CUST_0065,33,PROD_0033,Sportswear Pro-Series 3,Apparel & Fashion,20260512,2026-05-12,2026-05-12 02:00:00,1,North America,Standard,3,230.01,69.0,690.03,621.03,PayPal
494,ORD_100494,1,440,CUST_0440,17,PROD_0017,Air Fryers Pro-Series 2,Home & Kitchen,20251015,2025-10-15,2025-10-15 08:00:00,1,North America,Standard,1,438.78,21.94,438.78,416.84,PayPal
495,ORD_100495,1,414,CUST_0414,12,PROD_0012,Smartwatches Pro-Series 3,Consumer Electronics,20260403,2026-04-03,2026-04-03 11:00:00,3,APAC,Standard,2,414.15,124.24,828.3,704.06,PayPal
496,ORD_100496,1,176,CUST_0176,6,PROD_0006,Laptops Pro-Series 3,Consumer Electronics,20260625,2026-06-25,2026-06-25 01:00:00,2,EMEA,Standard,5,304.52,76.13,1522.6,1446.47,Debit Card
497,ORD_100497,1,122,CUST_0122,43,PROD_0043,Audiobooks Pro-Series 1,Books & Media,20260227,2026-02-27,2026-02-27 12:00:00,4,LATAM,Standard,2,262.83,26.28,525.66,499.38,Apple Pay
498,ORD_100498,1,136,CUST_0136,8,PROD_0008,Audio Headphones Pro-Series 2,Consumer Electronics,20250225,2025-02-25,2025-02-25 20:00:00,1,North America,Standard,2,596.84,179.05,1193.68,1014.63,Debit Card
499,ORD_100499,1,244,CUST_0244,35,PROD_0035,Watches Pro-Series 2,Apparel & Fashion,20260503,2026-05-03,2026-05-03 09:00:00,2,EMEA,Premium,4,495.6,297.36,1982.4,1685.04,Debit Card
500,ORD_100500,1,272,CUST_0272,28,PROD_0028,Women's Sneakers Pro-Series 1,Apparel & Fashion,20250926,2025-09-26,2025-09-26 04:00:00,1,North America,Standard,3,301.74,135.78,905.22,769.44,Debit Card
501,ORD_100501,1,350,CUST_0350,3,PROD_0003,Smartphones Pro-Series 3,Consumer Electronics,20251120,2025-11-20,2025-11-20 16:00:00,1,North America,Standard,5,194.64,97.32,973.2,875.88,Debit Card
502,ORD_100502,1,139,CUST_0139,18,PROD_0018,Air Fryers Pro-Series 3,Home & Kitchen,20251007,2025-10-07,2025-10-07 10:00:00,1,North America,Standard,3,497.95,224.08,1493.85,1269.77,Debit Card
503,ORD_100503,1,345,CUST_0345,38,PROD_0038,Hardcover Novels Pro-Series 2,Books & Media,20250905,2025-09-05,2025-09-05 23:00:00,2,EMEA,Standard,5,157.75,78.88,788.75,709.87,PayPal
504,ORD_100504,1,6,CUST_0006,44,PROD_0044,Audiobooks Pro-Series 2,Books & Media,20251117,2025-11-17,2025-11-17 17:00:00,1,North America,Premium,1,86.85,0.0,86.85,86.85,Debit Card
505,ORD_100505,1,54,CUST_0054,44,PROD_0044,Audiobooks Pro-Series 2,Books & Media,20250411,2025-04-11,2025-04-11 16:00:00,4,LATAM,Standard,3,86.85,13.03,260.55,247.52,Apple Pay
506,ORD_100506,1,18,CUST_0018,2,PROD_0002,Smartphones Pro-Series 2,Consumer Electronics,20250915,2025-09-15,2025-09-15 06:00:00,1,North America,Standard,1,484.7,24.23,484.7,460.47,Credit Card
507,ORD_100507,1,439,CUST_0439,39,PROD_0039,Hardcover Novels Pro-Series 3,Books & Media,20250503,2025-05-03,2025-05-03 02:00:00,2,EMEA,Standard,4,217.64,43.53,870.56,827.03,Credit Card
508,ORD_100508,1,151,CUST_0151,30,PROD_0030,Women's Sneakers Pro-Series 3,Apparel & Fashion,20250708,2025-07-08,2025-07-08 08:00:00,1,North America,Standard,4,378.05,151.22,1512.2,1360.98,Debit Card
509,ORD_100509,1,83,CUST_0083,5,PROD_0005,Laptops Pro-Series 2,Consumer Electronics,20251128,2025-11-28,2025-11-28 08:00:00,3,APAC,Premium,1,144.32,21.65,144.32,122.67,Debit Card
510,ORD_100510,1,133,CUST_0133,17,PROD_0017,Air Fryers Pro-Series 2,Home & Kitchen,20251207,2025-12-07,2025-12-07 01:00:00,2,EMEA,VIP,4,438.78,0.0,1755.12,1755.12,Debit Card
511,ORD_100511,1,202,CUST_0202,12,PROD_0012,Smartwatches Pro-Series 3,Consumer Electronics,20250725,2025-07-25,2025-07-25 19:00:00,4,LATAM,Standard,1,414.15,20.71,414.15,393.44,Debit Card
512,ORD_100512,1,330,CUST_0330,7,PROD_0007,Audio Headphones Pro-Series 1,Consumer Electronics,20250812,2025-08-12,2025-08-12 19:00:00,4,LATAM,Premium,3,136.35,0.0,409.05,409.05,Credit Card
513,ORD_100513,1,293,CUST_0293,17,PROD_0017,Air Fryers Pro-Series 2,Home & Kitchen,20250316,2025-03-16,2025-03-16 02:00:00,4,LATAM,Premium,1,438.78,65.82,438.78,372.96,PayPal
514,ORD_100514,1,341,CUST_0341,25,PROD_0025,Men's Jackets Pro-Series 1,Apparel & Fashion,20250101,2025-01-01,2025-01-01 01:00:00,3,APAC,Standard,2,381.42,76.28,762.84,686.56,Debit Card
515,ORD_100515,1,264,CUST_0264,32,PROD_0032,Sportswear Pro-Series 2,Apparel & Fashion,20260812,2026-08-12,2026-08-12 00:00:00,4,LATAM,Premium,4,106.55,63.93,426.2,362.27,Credit Card
516,ORD_100516,1,2,CUST_0002,25,PROD_0025,Men's Jackets Pro-Series 1,Apparel & Fashion,20260708,2026-07-08,2026-07-08 07:00:00,4,LATAM,Premium,1,381.42,38.14,381.42,343.28,Apple Pay
517,ORD_100517,1,29,CUST_0029,41,PROD_0041,Tech Guides Pro-Series 2,Books & Media,20251107,2025-11-07,2025-11-07 12:00:00,1,North America,Premium,3,539.9,161.97,1619.7,1457.73,Credit Card
518,ORD_100518,1,332,CUST_0332,13,PROD_0013,Coffee Makers Pro-Series 1,Home & Kitchen,20260416,2026-04-16,2026-04-16 09:00:00,2,EMEA,Standard,5,177.25,0.0,886.25,886.25,Debit Card
519,ORD_100519,1,357,CUST_0357,25,PROD_0025,Men's Jackets Pro-Series 1,Apparel & Fashion,20250715,2025-07-15,2025-07-15 09:00:00,1,North America,Premium,3,381.42,171.64,1144.26,972.62,Credit Card
520,ORD_100520,1,98,CUST_0098,9,PROD_0009,Audio Headphones Pro-Series 3,Consumer Electronics,20260325,2026-03-25,2026-03-25 23:00:00,1,North America,Standard,2,512.06,0.0,1024.12,1024.12,PayPal
521,ORD_100521,1,33,CUST_0033,35,PROD_0035,Watches Pro-Series 2,Apparel & Fashion,20260516,2026-05-16,2026-05-16 12:00:00,3,APAC,Premium,4,495.6,297.36,1982.4,1685.04,Credit Card
522,ORD_100522,1,29,CUST_0029,22,PROD_0022,Robotic Vacuums Pro-Series 1,Home & Kitchen,20250207,2025-02-07,2025-02-07 10:00:00,1,North America,Premium,4,573.0,0.0,2292.0,2292.0,PayPal
523,ORD_100523,1,482,CUST_0482,44,PROD_0044,Audiobooks Pro-Series 2,Books & Media,20260620,2026-06-20,2026-06-20 14:00:00,2,EMEA,Standard,5,86.85,21.71,434.25,412.54,Credit Card
524,ORD_100524,1,73,CUST_0073,32,PROD_0032,Sportswear Pro-Series 2,Apparel & Fashion,20250207,2025-02-07,2025-02-07 23:00:00,1,North America,Premium,4,106.55,0.0,426.2,426.2,PayPal
525,ORD_100525,1,89,CUST_0089,41,PROD_0041,Tech Guides Pro-Series 2,Books & Media,20250514,2025-05-14,2025-05-14 00:00:00,1,North America,Standard,3,539.9,0.0,1619.7,1619.7,Debit Card
526,ORD_100526,1,33,CUST_0033,7,PROD_0007,Audio Headphones Pro-Series 1,Consumer Electronics,20250624,2025-06-24,2025-06-24 18:00:00,1,North America,Premium,4,136.35,27.27,545.4,518.13,Credit Card
527,ORD_100527,1,173,CUST_0173,44,PROD_0044,Audiobooks Pro-Series 2,Books & Media,20250727,2025-07-27,2025-07-27 13:00:00,4,LATAM,Premium,3,86.85,0.0,260.55,260.55,PayPal
528,ORD_100528,1,392,CUST_0392,3,PROD_0003,Smartphones Pro-Series 3,Consumer Electronics,20251126,2025-11-26,2025-11-26 06:00:00,2,EMEA,Premium,3,194.64,0.0,583.92,583.92,Credit Card
529,ORD_100529,1,388,CUST_0388,27,PROD_0027,Men's Jackets Pro-Series 3,Apparel & Fashion,20251008,2025-10-08,2025-10-08 04:00:00,2,EMEA,Standard,3,452.99,67.95,1358.97,1291.02,Debit Card
530,ORD_100530,1,21,CUST_0021,9,PROD_0009,Audio Headphones Pro-Series 3,Consumer Electronics,20250907,2025-09-07,2025-09-07 18:00:00,1,North America,Premium,5,512.06,384.04,2560.3,2176.26,PayPal
531,ORD_100531,1,42,CUST_0042,1,PROD_0001,Smartphones Pro-Series 1,Consumer Electronics,20250117,2025-01-17,2025-01-17 15:00:00,1,North America,Standard,2,247.49,0.0,494.98,494.98,Apple Pay
532,ORD_100532,1,414,CUST_0414,31,PROD_0031,Sportswear Pro-Series 1,Apparel & Fashion,20260303,2026-03-03,2026-03-03 22:00:00,2,EMEA,Standard,2,610.97,61.1,1221.94,1160.84,Apple Pay
533,ORD_100533,1,211,CUST_0211,16,PROD_0016,Air Fryers Pro-Series 1,Home & Kitchen,20260620,2026-06-20,2026-06-20 14:00:00,2,EMEA,Standard,5,403.75,0.0,2018.75,2018.75,PayPal
534,ORD_100534,1,487,CUST_0487,6,PROD_0006,Laptops Pro-Series 3,Consumer Electronics,20260527,2026-05-27,2026-05-27 19:00:00,3,APAC,Standard,3,304.52,137.03,913.56,776.53,Credit Card
535,ORD_100535,1,99,CUST_0099,8,PROD_0008,Audio Headphones Pro-Series 2,Consumer Electronics,20260726,2026-07-26,2026-07-26 07:00:00,1,North America,Premium,5,596.84,298.42,2984.2,2685.78,PayPal
536,ORD_100536,1,338,CUST_0338,14,PROD_0014,Coffee Makers Pro-Series 2,Home & Kitchen,20260421,2026-04-21,2026-04-21 20:00:00,3,APAC,Premium,1,94.28,4.71,94.28,89.57,Credit Card
537,ORD_100537,1,433,CUST_0433,31,PROD_0031,Sportswear Pro-Series 1,Apparel & Fashion,20250602,2025-06-02,2025-06-02 21:00:00,4,LATAM,Standard,2,610.97,61.1,1221.94,1160.84,Credit Card
538,ORD_100538,1,187,CUST_0187,19,PROD_0019,Blenders Pro-Series 1,Home & Kitchen,20250225,2025-02-25,2025-02-25 20:00:00,2,EMEA,Standard,4,523.93,209.57,2095.72,1886.15,Apple Pay
539,ORD_100539,1,54,CUST_0054,4,PROD_0004,Laptops Pro-Series 1,Consumer Electronics,20260410,2026-04-10,2026-04-10 01:00:00,2,EMEA,Standard,2,328.32,0.0,656.64,656.64,Debit Card
540,ORD_100540,1,37,CUST_0037,16,PROD_0016,Air Fryers Pro-Series 1,Home & Kitchen,20260612,2026-06-12,2026-06-12 03:00:00,4,LATAM,Premium,5,403.75,201.88,2018.75,1816.87,Debit Card
541,ORD_100541,1,347,CUST_0347,21,PROD_0021,Blenders Pro-Series 3,Home & Kitchen,20250723,2025-07-23,2025-07-23 23:00:00,2,EMEA,Standard,1,137.29,13.73,137.29,123.56,PayPal
542,ORD_100542,1,378,CUST_0378,27,PROD_0027,Men's Jackets Pro-Series 3,Apparel & Fashion,20250411,2025-04-11,2025-04-11 07:00:00,2,EMEA,Standard,4,452.99,90.6,1811.96,1721.36,Credit Card
543,ORD_100543,1,249,CUST_0249,4,PROD_0004,Laptops Pro-Series 1,Consumer Electronics,20260428,2026-04-28,2026-04-28 18:00:00,4,LATAM,Standard,2,328.32,32.83,656.64,623.81,Debit Card
544,ORD_100544,1,192,CUST_0192,9,PROD_0009,Audio Headphones Pro-Series 3,Consumer Electronics,20250702,2025-07-02,2025-07-02 12:00:00,4,LATAM,Premium,2,512.06,102.41,1024.12,921.71,Apple Pay
545,ORD_100545,1,66,CUST_0066,3,PROD_0003,Smartphones Pro-Series 3,Consumer Electronics,20250727,2025-07-27,2025-07-27 10:00:00,1,North America,Standard,3,194.64,29.2,583.92,554.72,Credit Card
546,ORD_100546,1,215,CUST_0215,11,PROD_0011,Smartwatches Pro-Series 2,Consumer Electronics,20260422,2026-04-22,2026-04-22 14:00:00,3,APAC,Premium,2,627.26,125.45,1254.52,1129.07,PayPal
547,ORD_100547,1,497,CUST_0497,36,PROD_0036,Watches Pro-Series 3,Apparel & Fashion,20250624,2025-06-24,2025-06-24 18:00:00,2,EMEA,Premium,1,387.69,58.15,387.69,329.54,Debit Card
548,ORD_100548,1,243,CUST_0243,30,PROD_0030,Women's Sneakers Pro-Series 3,Apparel & Fashion,20250810,2025-08-10,2025-08-10 18:00:00,3,APAC,Standard,1,378.05,56.71,378.05,321.34,PayPal
549,ORD_100549,1,223,CUST_0223,38,PROD_0038,Hardcover Novels Pro-Series 2,Books & Media,20250911,2025-09-11,2025-09-11 10:00:00,2,EMEA,Standard,5,157.75,39.44,788.75,749.31,Credit Card
550,ORD_100550,1,21,CUST_0021,31,PROD_0031,Sportswear Pro-Series 1,Apparel & Fashion,20260304,2026-03-04,2026-03-04 01:00:00,1,North America,Premium,4,610.97,366.58,2443.88,2077.3,Debit Card
551,ORD_100551,1,254,CUST_0254,16,PROD_0016,Air Fryers Pro-Series 1,Home & Kitchen,20250411,2025-04-11,2025-04-11 14:00:00,1,North America,Premium,5,403.75,0.0,2018.75,2018.75,Debit Card
552,ORD_100552,1,184,CUST_0184,19,PROD_0019,Blenders Pro-Series 1,Home & Kitchen,20250812,2025-08-12,2025-08-12 04:00:00,2,EMEA,Premium,1,523.93,0.0,523.93,523.93,Debit Card
553,ORD_100553,1,361,CUST_0361,30,PROD_0030,Women's Sneakers Pro-Series 3,Apparel & Fashion,20251109,2025-11-09,2025-11-09 05:00:00,1,North America,Standard,4,378.05,226.83,1512.2,1285.37,PayPal
554,ORD_100554,1,405,CUST_0405,24,PROD_0024,Robotic Vacuums Pro-Series 3,Home & Kitchen,20260220,2026-02-20,2026-02-20 05:00:00,4,LATAM,Standard,1,106.82,0.0,106.82,106.82,Debit Card
555,ORD_100555,1,17,CUST_0017,19,PROD_0019,Blenders Pro-Series 1,Home & Kitchen,20251207,2025-12-07,2025-12-07 16:00:00,4,LATAM,Premium,3,523.93,78.59,1571.79,1493.2,Credit Card
556,ORD_100556,1,478,CUST_0478,4,PROD_0004,Laptops Pro-Series 1,Consumer Electronics,20251210,2025-12-10,2025-12-10 23:00:00,3,APAC,Premium,1,328.32,0.0,328.32,328.32,Debit Card
557,ORD_100557,1,317,CUST_0317,3,PROD_0003,Smartphones Pro-Series 3,Consumer Electronics,20260110,2026-01-10,2026-01-10 14:00:00,3,APAC,Standard,3,194.64,29.2,583.92,554.72,Credit Card
558,ORD_100558,1,397,CUST_0397,14,PROD_0014,Coffee Makers Pro-Series 2,Home & Kitchen,20260729,2026-07-29,2026-07-29 22:00:00,2,EMEA,Premium,3,94.28,14.14,282.84,268.7,Credit Card
559,ORD_100559,1,481,CUST_0481,38,PROD_0038,Hardcover Novels Pro-Series 2,Books & Media,20260505,2026-05-05,2026-05-05 23:00:00,2,EMEA,Standard,2,157.75,31.55,315.5,283.95,Apple Pay
560,ORD_100560,1,349,CUST_0349,28,PROD_0028,Women's Sneakers Pro-Series 1,Apparel & Fashion,20251001,2025-10-01,2025-10-01 16:00:00,3,APAC,Standard,1,301.74,0.0,301.74,301.74,Apple Pay
561,ORD_100561,1,249,CUST_0249,33,PROD_0033,Sportswear Pro-Series 3,Apparel & Fashion,20251220,2025-12-20,2025-12-20 14:00:00,1,North America,Standard,4,230.01,92.0,920.04,828.04,Debit Card
562,ORD_100562,1,485,CUST_0485,45,PROD_0045,Audiobooks Pro-Series 3,Books & Media,20260112,2026-01-12,2026-01-12 21:00:00,1,North America,Standard,2,512.51,153.75,1025.02,871.27,Credit Card
563,ORD_100563,1,460,CUST_0460,12,PROD_0012,Smartwatches Pro-Series 3,Consumer Electronics,20250324,2025-03-24,2025-03-24 12:00:00,3,APAC,Standard,1,414.15,0.0,414.15,414.15,PayPal
564,ORD_100564,1,357,CUST_0357,10,PROD_0010,Smartwatches Pro-Series 1,Consumer Electronics,20251010,2025-10-10,2025-10-10 03:00:00,4,LATAM,Premium,2,238.77,23.88,477.54,453.66,Credit Card
565,ORD_100565,1,497,CUST_0497,44,PROD_0044,Audiobooks Pro-Series 2,Books & Media,20251028,2025-10-28,2025-10-28 13:00:00,2,EMEA,Premium,4,86.85,34.74,347.4,312.66,Debit Card
566,ORD_100566,1,331,CUST_0331,2,PROD_0002,Smartphones Pro-Series 2,Consumer Electronics,20260331,2026-03-31,2026-03-31 23:00:00,3,APAC,Standard,2,484.7,0.0,969.4,969.4,Credit Card
567,ORD_100567,1,331,CUST_0331,22,PROD_0022,Robotic Vacuums Pro-Series 1,Home & Kitchen,20250826,2025-08-26,2025-08-26 16:00:00,4,LATAM,Standard,5,573.0,286.5,2865.0,2578.5,Apple Pay
568,ORD_100568,1,341,CUST_0341,45,PROD_0045,Audiobooks Pro-Series 3,Books & Media,20260513,2026-05-13,2026-05-13 18:00:00,4,LATAM,Standard,4,512.51,205.0,2050.04,1845.04,PayPal
569,ORD_100569,1,405,CUST_0405,17,PROD_0017,Air Fryers Pro-Series 2,Home & Kitchen,20251110,2025-11-10,2025-11-10 05:00:00,2,EMEA,Standard,4,438.78,175.51,1755.12,1579.61,Apple Pay
570,ORD_100570,1,181,CUST_0181,19,PROD_0019,Blenders Pro-Series 1,Home & Kitchen,20250218,2025-02-18,2025-02-18 04:00:00,4,LATAM,Premium,2,523.93,52.39,1047.86,995.47,Apple Pay
571,ORD_100571,1,430,CUST_0430,45,PROD_0045,Audiobooks Pro-Series 3,Books & Media,20250706,2025-07-06,2025-07-06 05:00:00,2,EMEA,Standard,2,512.51,51.25,1025.02,973.77,Credit Card
572,ORD_100572,1,295,CUST_0295,9,PROD_0009,Audio Headphones Pro-Series 3,Consumer Electronics,20250212,2025-02-12,2025-02-12 10:00:00,4,LATAM,Standard,3,512.06,153.62,1536.18,1382.56,PayPal
573,ORD_100573,1,363,CUST_0363,3,PROD_0003,Smartphones Pro-Series 3,Consumer Electronics,20250730,2025-07-30,2025-07-30 17:00:00,3,APAC,Standard,3,194.64,29.2,583.92,554.72,Apple Pay
574,ORD_100574,1,500,CUST_0500,11,PROD_0011,Smartwatches Pro-Series 2,Consumer Electronics,20260405,2026-04-05,2026-04-05 17:00:00,3,APAC,Standard,1,627.26,0.0,627.26,627.26,Debit Card
575,ORD_100575,1,486,CUST_0486,30,PROD_0030,Women's Sneakers Pro-Series 3,Apparel & Fashion,20260527,2026-05-27,2026-05-27 04:00:00,3,APAC,Premium,2,378.05,0.0,756.1,756.1,Apple Pay
576,ORD_100576,1,459,CUST_0459,19,PROD_0019,Blenders Pro-Series 1,Home & Kitchen,20251030,2025-10-30,2025-10-30 15:00:00,2,EMEA,Premium,5,523.93,392.95,2619.65,2226.7,Apple Pay
577,ORD_100577,1,246,CUST_0246,3,PROD_0003,Smartphones Pro-Series 3,Consumer Electronics,20250426,2025-04-26,2025-04-26 23:00:00,2,EMEA,Premium,5,194.64,0.0,973.2,973.2,Apple Pay
578,ORD_100578,1,317,CUST_0317,15,PROD_0015,Coffee Makers Pro-Series 3,Home & Kitchen,20250126,2025-01-26,2025-01-26 12:00:00,4,LATAM,Standard,3,397.04,0.0,1191.12,1191.12,Apple Pay
579,ORD_100579,1,329,CUST_0329,13,PROD_0013,Coffee Makers Pro-Series 1,Home & Kitchen,20250226,2025-02-26,2025-02-26 19:00:00,2,EMEA,Standard,3,177.25,26.59,531.75,505.16,Credit Card
580,ORD_100580,1,435,CUST_0435,29,PROD_0029,Women's Sneakers Pro-Series 2,Apparel & Fashion,20250327,2025-03-27,2025-03-27 17:00:00,1,North America,Standard,5,420.39,315.29,2101.95,1786.66,PayPal
581,ORD_100581,1,309,CUST_0309,39,PROD_0039,Hardcover Novels Pro-Series 3,Books & Media,20260518,2026-05-18,2026-05-18 10:00:00,1,North America,Standard,3,217.64,97.94,652.92,554.98,PayPal
582,ORD_100582,1,198,CUST_0198,24,PROD_0024,Robotic Vacuums Pro-Series 3,Home & Kitchen,20260314,2026-03-14,2026-03-14 11:00:00,1,North America,VIP,3,106.82,32.05,320.46,288.41,Apple Pay
583,ORD_100583,1,448,CUST_0448,36,PROD_0036,Watches Pro-Series 3,Apparel & Fashion,20251112,2025-11-12,2025-11-12 14:00:00,1,North America,Premium,2,387.69,116.31,775.38,659.07,Debit Card
584,ORD_100584,1,84,CUST_0084,28,PROD_0028,Women's Sneakers Pro-Series 1,Apparel & Fashion,20260330,2026-03-30,2026-03-30 09:00:00,4,LATAM,Standard,2,301.74,0.0,603.48,603.48,PayPal
585,ORD_100585,1,244,CUST_0244,34,PROD_0034,Watches Pro-Series 1,Apparel & Fashion,20250801,2025-08-01,2025-08-01 09:00:00,3,APAC,Premium,1,277.89,41.68,277.89,236.21,Credit Card
586,ORD_100586,1,328,CUST_0328,18,PROD_0018,Air Fryers Pro-Series 3,Home & Kitchen,20250107,2025-01-07,2025-01-07 13:00:00,4,LATAM,Standard,2,497.95,149.38,995.9,846.52,PayPal
587,ORD_100587,1,427,CUST_0427,25,PROD_0025,Men's Jackets Pro-Series 1,Apparel & Fashion,20250724,2025-07-24,2025-07-24 05:00:00,3,APAC,Standard,5,381.42,286.06,1907.1,1621.04,Credit Card
588,ORD_100588,1,156,CUST_0156,32,PROD_0032,Sportswear Pro-Series 2,Apparel & Fashion,20251106,2025-11-06,2025-11-06 18:00:00,4,LATAM,Standard,2,106.55,0.0,213.1,213.1,Credit Card
589,ORD_100589,1,154,CUST_0154,41,PROD_0041,Tech Guides Pro-Series 2,Books & Media,20250607,2025-06-07,2025-06-07 08:00:00,4,LATAM,Standard,1,539.9,53.99,539.9,485.91,Debit Card
590,ORD_100590,1,465,CUST_0465,45,PROD_0045,Audiobooks Pro-Series 3,Books & Media,20250703,2025-07-03,2025-07-03 15:00:00,2,EMEA,Premium,1,512.51,0.0,512.51,512.51,Apple Pay
591,ORD_100591,1,307,CUST_0307,24,PROD_0024,Robotic Vacuums Pro-Series 3,Home & Kitchen,20260520,2026-05-20,2026-05-20 02:00:00,4,LATAM,Standard,5,106.82,80.11,534.1,453.99,Apple Pay
592,ORD_100592,1,419,CUST_0419,8,PROD_0008,Audio Headphones Pro-Series 2,Consumer Electronics,20260503,2026-05-03,2026-05-03 22:00:00,3,APAC,VIP,5,596.84,0.0,2984.2,2984.2,Apple Pay
593,ORD_100593,1,30,CUST_0030,10,PROD_0010,Smartwatches Pro-Series 1,Consumer Electronics,20250616,2025-06-16,2025-06-16 18:00:00,3,APAC,VIP,4,238.77,47.75,955.08,907.33,Apple Pay
594,ORD_100594,1,140,CUST_0140,24,PROD_0024,Robotic Vacuums Pro-Series 3,Home & Kitchen,20250617,2025-06-17,2025-06-17 01:00:00,4,LATAM,Standard,3,106.82,0.0,320.46,320.46,Apple Pay
595,ORD_100595,1,328,CUST_0328,5,PROD_0005,Laptops Pro-Series 2,Consumer Electronics,20251026,2025-10-26,2025-10-26 16:00:00,2,EMEA,Standard,2,144.32,0.0,288.64,288.64,PayPal
596,ORD_100596,1,447,CUST_0447,21,PROD_0021,Blenders Pro-Series 3,Home & Kitchen,20260711,2026-07-11,2026-07-11 10:00:00,3,APAC,Standard,3,137.29,41.19,411.87,370.68,Credit Card
597,ORD_100597,1,181,CUST_0181,10,PROD_0010,Smartwatches Pro-Series 1,Consumer Electronics,20260702,2026-07-02,2026-07-02 18:00:00,1,North America,Premium,2,238.77,47.75,477.54,429.79,Apple Pay
598,ORD_100598,1,175,CUST_0175,11,PROD_0011,Smartwatches Pro-Series 2,Consumer Electronics,20260512,2026-05-12,2026-05-12 13:00:00,1,North America,VIP,2,627.26,62.73,1254.52,1191.79,PayPal
599,ORD_100599,1,315,CUST_0315,45,PROD_0045,Audiobooks Pro-Series 3,Books & Media,20250712,2025-07-12,2025-07-12 17:00:00,1,North America,Premium,4,512.51,307.51,2050.04,1742.53,Credit Card
600,ORD_100600,1,473,CUST_0473,2,PROD_0002,Smartphones Pro-Series 2,Consumer Electronics,20250430,2025-04-30,2025-04-30 04:00:00,4,LATAM,Standard,3,484.7,145.41,1454.1,1308.69,Apple Pay
601,ORD_100601,1,456,CUST_0456,39,PROD_0039,Hardcover Novels Pro-Series 3,Books & Media,20250523,2025-05-23,2025-05-23 14:00:00,3,APAC,Standard,2,217.64,43.53,435.28,391.75,Credit Card
602,ORD_100602,1,66,CUST_0066,45,PROD_0045,Audiobooks Pro-Series 3,Books & Media,20250502,2025-05-02,2025-05-02 07:00:00,2,EMEA,Standard,2,512.51,102.5,1025.02,922.52,PayPal
603,ORD_100603,1,41,CUST_0041,28,PROD_0028,Women's Sneakers Pro-Series 1,Apparel & Fashion,20250803,2025-08-03,2025-08-03 04:00:00,1,North America,Standard,1,301.74,0.0,301.74,301.74,Debit Card
604,ORD_100604,1,101,CUST_0101,7,PROD_0007,Audio Headphones Pro-Series 1,Consumer Electronics,20260318,2026-03-18,2026-03-18 01:00:00,1,North America,Standard,5,136.35,0.0,681.75,681.75,Debit Card
605,ORD_100605,1,23,CUST_0023,5,PROD_0005,Laptops Pro-Series 2,Consumer Electronics,20250502,2025-05-02,2025-05-02 08:00:00,3,APAC,Premium,1,144.32,0.0,144.32,144.32,Credit Card
606,ORD_100606,1,462,CUST_0462,13,PROD_0013,Coffee Makers Pro-Series 1,Home & Kitchen,20250730,2025-07-30,2025-07-30 18:00:00,2,EMEA,Standard,3,177.25,0.0,531.75,531.75,Credit Card
607,ORD_100607,1,483,CUST_0483,18,PROD_0018,Air Fryers Pro-Series 3,Home & Kitchen,20250530,2025-05-30,2025-05-30 23:00:00,3,APAC,Premium,3,497.95,74.69,1493.85,1419.16,PayPal
608,ORD_100608,1,35,CUST_0035,7,PROD_0007,Audio Headphones Pro-Series 1,Consumer Electronics,20260602,2026-06-02,2026-06-02 18:00:00,1,North America,Standard,5,136.35,34.09,681.75,647.66,PayPal
609,ORD_100609,1,462,CUST_0462,35,PROD_0035,Watches Pro-Series 2,Apparel & Fashion,20251016,2025-10-16,2025-10-16 05:00:00,1,North America,Standard,1,495.6,24.78,495.6,470.82,Debit Card
610,ORD_100610,1,302,CUST_0302,12,PROD_0012,Smartwatches Pro-Series 3,Consumer Electronics,20260111,2026-01-11,2026-01-11 22:00:00,4,LATAM,Standard,1,414.15,20.71,414.15,393.44,Apple Pay
611,ORD_100611,1,110,CUST_0110,33,PROD_0033,Sportswear Pro-Series 3,Apparel & Fashion,20260124,2026-01-24,2026-01-24 13:00:00,2,EMEA,Standard,4,230.01,0.0,920.04,920.04,Apple Pay
612,ORD_100612,1,57,CUST_0057,34,PROD_0034,Watches Pro-Series 1,Apparel & Fashion,20250507,2025-05-07,2025-05-07 14:00:00,2,EMEA,Standard,4,277.89,111.16,1111.56,1000.4,Apple Pay
613,ORD_100613,1,21,CUST_0021,6,PROD_0006,Laptops Pro-Series 3,Consumer Electronics,20260725,2026-07-25,2026-07-25 23:00:00,3,APAC,Premium,4,304.52,0.0,1218.08,1218.08,Debit Card
614,ORD_100614,1,308,CUST_0308,20,PROD_0020,Blenders Pro-Series 2,Home & Kitchen,20251018,2025-10-18,2025-10-18 14:00:00,4,LATAM,Premium,2,80.82,24.25,161.64,137.39,Apple Pay
615,ORD_100615,1,439,CUST_0439,5,PROD_0005,Laptops Pro-Series 2,Consumer Electronics,20260315,2026-03-15,2026-03-15 06:00:00,4,LATAM,Standard,3,144.32,21.65,432.96,411.31,Credit Card
616,ORD_100616,1,54,CUST_0054,26,PROD_0026,Men's Jackets Pro-Series 2,Apparel & Fashion,20260519,2026-05-19,2026-05-19 21:00:00,4,LATAM,Standard,5,387.88,0.0,1939.4,1939.4,Credit Card
617,ORD_100617,1,206,CUST_0206,45,PROD_0045,Audiobooks Pro-Series 3,Books & Media,20250527,2025-05-27,2025-05-27 12:00:00,1,North America,Standard,2,512.51,0.0,1025.02,1025.02,Apple Pay
618,ORD_100618,1,103,CUST_0103,39,PROD_0039,Hardcover Novels Pro-Series 3,Books & Media,20250723,2025-07-23,2025-07-23 10:00:00,4,LATAM,Premium,1,217.64,10.88,217.64,206.76,Debit Card
619,ORD_100619,1,392,CUST_0392,38,PROD_0038,Hardcover Novels Pro-Series 2,Books & Media,20260527,2026-05-27,2026-05-27 08:00:00,3,APAC,Premium,4,157.75,63.1,631.0,567.9,Debit Card
620,ORD_100620,1,262,CUST_0262,18,PROD_0018,Air Fryers Pro-Series 3,Home & Kitchen,20260219,2026-02-19,2026-02-19 15:00:00,2,EMEA,Standard,4,497.95,0.0,1991.8,1991.8,Credit Card
621,ORD_100621,1,255,CUST_0255,15,PROD_0015,Coffee Makers Pro-Series 3,Home & Kitchen,20250914,2025-09-14,2025-09-14 15:00:00,2,EMEA,Standard,1,397.04,0.0,397.04,397.04,Credit Card
622,ORD_100622,1,348,CUST_0348,2,PROD_0002,Smartphones Pro-Series 2,Consumer Electronics,20250311,2025-03-11,2025-03-11 15:00:00,2,EMEA,Standard,4,484.7,193.88,1938.8,1744.92,PayPal
623,ORD_100623,1,320,CUST_0320,7,PROD_0007,Audio Headphones Pro-Series 1,Consumer Electronics,20251107,2025-11-07,2025-11-07 19:00:00,1,North America,Premium,5,136.35,102.26,681.75,579.49,Debit Card
624,ORD_100624,1,339,CUST_0339,32,PROD_0032,Sportswear Pro-Series 2,Apparel & Fashion,20250726,2025-07-26,2025-07-26 09:00:00,4,LATAM,Premium,5,106.55,53.28,532.75,479.47,Apple Pay
625,ORD_100625,1,10,CUST_0010,3,PROD_0003,Smartphones Pro-Series 3,Consumer Electronics,20260708,2026-07-08,2026-07-08 17:00:00,4,LATAM,Standard,1,194.64,29.2,194.64,165.44,Debit Card
626,ORD_100626,1,227,CUST_0227,30,PROD_0030,Women's Sneakers Pro-Series 3,Apparel & Fashion,20251119,2025-11-19,2025-11-19 12:00:00,1,North America,Standard,1,378.05,18.9,378.05,359.15,Apple Pay
627,ORD_100627,1,221,CUST_0221,9,PROD_0009,Audio Headphones Pro-Series 3,Consumer Electronics,20250618,2025-06-18,2025-06-18 15:00:00,3,APAC,Standard,4,512.06,307.24,2048.24,1741.0,Credit Card
628,ORD_100628,1,252,CUST_0252,43,PROD_0043,Audiobooks Pro-Series 1,Books & Media,20260806,2026-08-06,2026-08-06 21:00:00,4,LATAM,Standard,4,262.83,52.57,1051.32,998.75,Credit Card
629,ORD_100629,1,254,CUST_0254,38,PROD_0038,Hardcover Novels Pro-Series 2,Books & Media,20260205,2026-02-05,2026-02-05 08:00:00,4,LATAM,Premium,5,157.75,78.88,788.75,709.87,Apple Pay
630,ORD_100630,1,15,CUST_0015,38,PROD_0038,Hardcover Novels Pro-Series 2,Books & Media,20251125,2025-11-25,2025-11-25 01:00:00,1,North America,Premium,2,157.75,31.55,315.5,283.95,Apple Pay
631,ORD_100631,1,392,CUST_0392,41,PROD_0041,Tech Guides Pro-Series 2,Books & Media,20260821,2026-08-21,2026-08-21 00:00:00,3,APAC,Premium,4,539.9,0.0,2159.6,2159.6,Debit Card
632,ORD_100632,1,211,CUST_0211,23,PROD_0023,Robotic Vacuums Pro-Series 2,Home & Kitchen,20251220,2025-12-20,2025-12-20 11:00:00,1,North America,Standard,2,80.72,8.07,161.44,153.37,PayPal
633,ORD_100633,1,44,CUST_0044,45,PROD_0045,Audiobooks Pro-Series 3,Books & Media,20251116,2025-11-16,2025-11-16 18:00:00,1,North America,Premium,3,512.51,0.0,1537.53,1537.53,Apple Pay
634,ORD_100634,1,276,CUST_0276,21,PROD_0021,Blenders Pro-Series 3,Home & Kitchen,20250623,2025-06-23,2025-06-23 00:00:00,1,North America,Premium,4,137.29,82.37,549.16,466.79,Debit Card
635,ORD_100635,1,357,CUST_0357,31,PROD_0031,Sportswear Pro-Series 1,Apparel & Fashion,20251001,2025-10-01,2025-10-01 00:00:00,1,North America,Premium,3,610.97,274.94,1832.91,1557.97,Debit Card
636,ORD_100636,1,51,CUST_0051,32,PROD_0032,Sportswear Pro-Series 2,Apparel & Fashion,20251127,2025-11-27,2025-11-27 18:00:00,1,North America,Standard,2,106.55,21.31,213.1,191.79,Debit Card
637,ORD_100637,1,174,CUST_0174,11,PROD_0011,Smartwatches Pro-Series 2,Consumer Electronics,20260530,2026-05-30,2026-05-30 21:00:00,3,APAC,Standard,3,627.26,282.27,1881.78,1599.51,PayPal
638,ORD_100638,1,434,CUST_0434,5,PROD_0005,Laptops Pro-Series 2,Consumer Electronics,20260524,2026-05-24,2026-05-24 20:00:00,2,EMEA,VIP,3,144.32,43.3,432.96,389.66,Credit Card
639,ORD_100639,1,206,CUST_0206,15,PROD_0015,Coffee Makers Pro-Series 3,Home & Kitchen,20251101,2025-11-01,2025-11-01 18:00:00,1,North America,Standard,5,397.04,0.0,1985.2,1985.2,Apple Pay
640,ORD_100640,1,291,CUST_0291,34,PROD_0034,Watches Pro-Series 1,Apparel & Fashion,20251007,2025-10-07,2025-10-07 02:00:00,4,LATAM,Premium,4,277.89,55.58,1111.56,1055.98,Apple Pay
641,ORD_100641,1,422,CUST_0422,20,PROD_0020,Blenders Pro-Series 2,Home & Kitchen,20250320,2025-03-20,2025-03-20 20:00:00,3,APAC,Premium,4,80.82,32.33,323.28,290.95,PayPal
642,ORD_100642,1,129,CUST_0129,40,PROD_0040,Tech Guides Pro-Series 1,Books & Media,20260301,2026-03-01,2026-03-01 12:00:00,4,LATAM,Premium,5,507.6,126.9,2538.0,2411.1,Credit Card
643,ORD_100643,1,296,CUST_0296,32,PROD_0032,Sportswear Pro-Series 2,Apparel & Fashion,20260613,2026-06-13,2026-06-13 05:00:00,2,EMEA,Standard,4,106.55,42.62,426.2,383.58,Debit Card
644,ORD_100644,1,321,CUST_0321,4,PROD_0004,Laptops Pro-Series 1,Consumer Electronics,20260803,2026-08-03,2026-08-03 23:00:00,2,EMEA,Standard,3,328.32,147.74,984.96,837.22,PayPal
645,ORD_100645,1,383,CUST_0383,44,PROD_0044,Audiobooks Pro-Series 2,Books & Media,20250904,2025-09-04,2025-09-04 04:00:00,3,APAC,Standard,4,86.85,52.11,347.4,295.29,Apple Pay
646,ORD_100646,1,105,CUST_0105,27,PROD_0027,Men's Jackets Pro-Series 3,Apparel & Fashion,20250307,2025-03-07,2025-03-07 20:00:00,3,APAC,Premium,3,452.99,67.95,1358.97,1291.02,Apple Pay
647,ORD_100647,1,123,CUST_0123,8,PROD_0008,Audio Headphones Pro-Series 2,Consumer Electronics,20250830,2025-08-30,2025-08-30 12:00:00,2,EMEA,Standard,2,596.84,0.0,1193.68,1193.68,PayPal
648,ORD_100648,1,249,CUST_0249,36,PROD_0036,Watches Pro-Series 3,Apparel & Fashion,20251114,2025-11-14,2025-11-14 14:00:00,4,LATAM,Standard,4,387.69,0.0,1550.76,1550.76,PayPal
649,ORD_100649,1,70,CUST_0070,2,PROD_0002,Smartphones Pro-Series 2,Consumer Electronics,20250613,2025-06-13,2025-06-13 08:00:00,3,APAC,Standard,3,484.7,72.7,1454.1,1381.4,Credit Card
650,ORD_100650,1,29,CUST_0029,6,PROD_0006,Laptops Pro-Series 3,Consumer Electronics,20260513,2026-05-13,2026-05-13 00:00:00,3,APAC,Premium,5,304.52,152.26,1522.6,1370.34,Credit Card
651,ORD_100651,1,344,CUST_0344,43,PROD_0043,Audiobooks Pro-Series 1,Books & Media,20260221,2026-02-21,2026-02-21 11:00:00,1,North America,Standard,4,262.83,52.57,1051.32,998.75,PayPal
652,ORD_100652,1,377,CUST_0377,33,PROD_0033,Sportswear Pro-Series 3,Apparel & Fashion,20250425,2025-04-25,2025-04-25 18:00:00,1,North America,Standard,5,230.01,115.0,1150.05,1035.05,Debit Card
653,ORD_100653,1,308,CUST_0308,8,PROD_0008,Audio Headphones Pro-Series 2,Consumer Electronics,20250403,2025-04-03,2025-04-03 07:00:00,3,APAC,Premium,3,596.84,268.58,1790.52,1521.94,PayPal
654,ORD_100654,1,74,CUST_0074,7,PROD_0007,Audio Headphones Pro-Series 1,Consumer Electronics,20260310,2026-03-10,2026-03-10 06:00:00,2,EMEA,Premium,2,136.35,27.27,272.7,245.43,Debit Card
655,ORD_100655,1,442,CUST_0442,38,PROD_0038,Hardcover Novels Pro-Series 2,Books & Media,20260223,2026-02-23,2026-02-23 08:00:00,1,North America,Standard,4,157.75,63.1,631.0,567.9,Credit Card
656,ORD_100656,1,217,CUST_0217,31,PROD_0031,Sportswear Pro-Series 1,Apparel & Fashion,20251121,2025-11-21,2025-11-21 17:00:00,2,EMEA,Premium,3,610.97,91.65,1832.91,1741.26,Apple Pay
657,ORD_100657,1,189,CUST_0189,20,PROD_0020,Blenders Pro-Series 2,Home & Kitchen,20260502,2026-05-02,2026-05-02 22:00:00,1,North America,Standard,5,80.82,0.0,404.1,404.1,Credit Card
658,ORD_100658,1,283,CUST_0283,25,PROD_0025,Men's Jackets Pro-Series 1,Apparel & Fashion,20250903,2025-09-03,2025-09-03 08:00:00,3,APAC,Standard,3,381.42,0.0,1144.26,1144.26,PayPal
659,ORD_100659,1,5,CUST_0005,26,PROD_0026,Men's Jackets Pro-Series 2,Apparel & Fashion,20260330,2026-03-30,2026-03-30 12:00:00,3,APAC,Standard,3,387.88,0.0,1163.64,1163.64,PayPal
660,ORD_100660,1,441,CUST_0441,11,PROD_0011,Smartwatches Pro-Series 2,Consumer Electronics,20251101,2025-11-01,2025-11-01 06:00:00,4,LATAM,Standard,3,627.26,282.27,1881.78,1599.51,Credit Card
661,ORD_100661,1,422,CUST_0422,32,PROD_0032,Sportswear Pro-Series 2,Apparel & Fashion,20251008,2025-10-08,2025-10-08 02:00:00,4,LATAM,Premium,4,106.55,42.62,426.2,383.58,Debit Card
662,ORD_100662,1,358,CUST_0358,17,PROD_0017,Air Fryers Pro-Series 2,Home & Kitchen,20250413,2025-04-13,2025-04-13 05:00:00,1,North America,Standard,3,438.78,197.45,1316.34,1118.89,Apple Pay
663,ORD_100663,1,15,CUST_0015,4,PROD_0004,Laptops Pro-Series 1,Consumer Electronics,20260410,2026-04-10,2026-04-10 22:00:00,2,EMEA,Premium,4,328.32,65.66,1313.28,1247.62,Credit Card
664,ORD_100664,1,322,CUST_0322,20,PROD_0020,Blenders Pro-Series 2,Home & Kitchen,20260215,2026-02-15,2026-02-15 06:00:00,3,APAC,Premium,5,80.82,0.0,404.1,404.1,Credit Card
665,ORD_100665,1,265,CUST_0265,42,PROD_0042,Tech Guides Pro-Series 3,Books & Media,20250611,2025-06-11,2025-06-11 07:00:00,2,EMEA,Standard,5,201.79,151.34,1008.95,857.61,Apple Pay
666,ORD_100666,1,448,CUST_0448,9,PROD_0009,Audio Headphones Pro-Series 3,Consumer Electronics,20260408,2026-04-08,2026-04-08 15:00:00,3,APAC,Premium,2,512.06,102.41,1024.12,921.71,Apple Pay
667,ORD_100667,1,213,CUST_0213,24,PROD_0024,Robotic Vacuums Pro-Series 3,Home & Kitchen,20250723,2025-07-23,2025-07-23 02:00:00,2,EMEA,VIP,4,106.82,64.09,427.28,363.19,PayPal
668,ORD_100668,1,473,CUST_0473,36,PROD_0036,Watches Pro-Series 3,Apparel & Fashion,20250122,2025-01-22,2025-01-22 00:00:00,2,EMEA,Standard,1,387.69,58.15,387.69,329.54,PayPal
669,ORD_100669,1,437,CUST_0437,11,PROD_0011,Smartwatches Pro-Series 2,Consumer Electronics,20250926,2025-09-26,2025-09-26 22:00:00,1,North America,Premium,4,627.26,376.36,2509.04,2132.68,Apple Pay
670,ORD_100670,1,491,CUST_0491,24,PROD_0024,Robotic Vacuums Pro-Series 3,Home & Kitchen,20250602,2025-06-02,2025-06-02 02:00:00,2,EMEA,Standard,5,106.82,0.0,534.1,534.1,Credit Card
671,ORD_100671,1,396,CUST_0396,30,PROD_0030,Women's Sneakers Pro-Series 3,Apparel & Fashion,20260623,2026-06-23,2026-06-23 13:00:00,4,LATAM,Standard,1,378.05,18.9,378.05,359.15,PayPal
672,ORD_100672,1,148,CUST_0148,32,PROD_0032,Sportswear Pro-Series 2,Apparel & Fashion,20250715,2025-07-15,2025-07-15 08:00:00,4,LATAM,Standard,2,106.55,31.96,213.1,181.14,PayPal
673,ORD_100673,1,373,CUST_0373,44,PROD_0044,Audiobooks Pro-Series 2,Books & Media,20250809,2025-08-09,2025-08-09 09:00:00,2,EMEA,Standard,4,86.85,17.37,347.4,330.03,Debit Card
674,ORD_100674,1,149,CUST_0149,17,PROD_0017,Air Fryers Pro-Series 2,Home & Kitchen,20250530,2025-05-30,2025-05-30 00:00:00,2,EMEA,Premium,5,438.78,329.08,2193.9,1864.82,PayPal
675,ORD_100675,1,351,CUST_0351,42,PROD_0042,Tech Guides Pro-Series 3,Books & Media,20260114,2026-01-14,2026-01-14 18:00:00,4,LATAM,Standard,1,201.79,0.0,201.79,201.79,Debit Card
676,ORD_100676,1,499,CUST_0499,45,PROD_0045,Audiobooks Pro-Series 3,Books & Media,20250517,2025-05-17,2025-05-17 10:00:00,4,LATAM,Standard,2,512.51,153.75,1025.02,871.27,Debit Card
677,ORD_100677,1,49,CUST_0049,36,PROD_0036,Watches Pro-Series 3,Apparel & Fashion,20250920,2025-09-20,2025-09-20 02:00:00,1,North America,Standard,1,387.69,38.77,387.69,348.92,PayPal
678,ORD_100678,1,311,CUST_0311,43,PROD_0043,Audiobooks Pro-Series 1,Books & Media,20260428,2026-04-28,2026-04-28 11:00:00,1,North America,Standard,1,262.83,26.28,262.83,236.55,Debit Card
679,ORD_100679,1,344,CUST_0344,24,PROD_0024,Robotic Vacuums Pro-Series 3,Home & Kitchen,20251106,2025-11-06,2025-11-06 12:00:00,2,EMEA,Standard,5,106.82,0.0,534.1,534.1,PayPal
680,ORD_100680,1,258,CUST_0258,32,PROD_0032,Sportswear Pro-Series 2,Apparel & Fashion,20250924,2025-09-24,2025-09-24 05:00:00,3,APAC,Standard,4,106.55,21.31,426.2,404.89,Credit Card
681,ORD_100681,1,272,CUST_0272,28,PROD_0028,Women's Sneakers Pro-Series 1,Apparel & Fashion,20251121,2025-11-21,2025-11-21 22:00:00,2,EMEA,Standard,3,301.74,0.0,905.22,905.22,Apple Pay
682,ORD_100682,1,256,CUST_0256,18,PROD_0018,Air Fryers Pro-Series 3,Home & Kitchen,20250215,2025-02-15,2025-02-15 04:00:00,3,APAC,Premium,4,497.95,199.18,1991.8,1792.62,Apple Pay
683,ORD_100683,1,161,CUST_0161,28,PROD_0028,Women's Sneakers Pro-Series 1,Apparel & Fashion,20250928,2025-09-28,2025-09-28 16:00:00,2,EMEA,Standard,3,301.74,135.78,905.22,769.44,PayPal
684,ORD_100684,1,326,CUST_0326,29,PROD_0029,Women's Sneakers Pro-Series 2,Apparel & Fashion,20260724,2026-07-24,2026-07-24 21:00:00,1,North America,Premium,2,420.39,42.04,840.78,798.74,Credit Card
685,ORD_100685,1,19,CUST_0019,31,PROD_0031,Sportswear Pro-Series 1,Apparel & Fashion,20250824,2025-08-24,2025-08-24 05:00:00,3,APAC,Standard,2,610.97,183.29,1221.94,1038.65,Debit Card
686,ORD_100686,1,21,CUST_0021,29,PROD_0029,Women's Sneakers Pro-Series 2,Apparel & Fashion,20250429,2025-04-29,2025-04-29 15:00:00,3,APAC,Premium,5,420.39,315.29,2101.95,1786.66,Debit Card
687,ORD_100687,1,434,CUST_0434,10,PROD_0010,Smartwatches Pro-Series 1,Consumer Electronics,20260520,2026-05-20,2026-05-20 03:00:00,1,North America,VIP,3,238.77,0.0,716.31,716.31,PayPal
688,ORD_100688,1,428,CUST_0428,11,PROD_0011,Smartwatches Pro-Series 2,Consumer Electronics,20251018,2025-10-18,2025-10-18 05:00:00,3,APAC,Standard,5,627.26,156.82,3136.3,2979.48,Credit Card
689,ORD_100689,1,93,CUST_0093,27,PROD_0027,Men's Jackets Pro-Series 3,Apparel & Fashion,20260623,2026-06-23,2026-06-23 18:00:00,1,North America,Standard,2,452.99,135.9,905.98,770.08,Credit Card
690,ORD_100690,1,146,CUST_0146,44,PROD_0044,Audiobooks Pro-Series 2,Books & Media,20251203,2025-12-03,2025-12-03 00:00:00,1,North America,Premium,4,86.85,34.74,347.4,312.66,Credit Card
691,ORD_100691,1,15,CUST_0015,6,PROD_0006,Laptops Pro-Series 3,Consumer Electronics,20251128,2025-11-28,2025-11-28 04:00:00,4,LATAM,Premium,4,304.52,182.71,1218.08,1035.37,Apple Pay
692,ORD_100692,1,497,CUST_0497,3,PROD_0003,Smartphones Pro-Series 3,Consumer Electronics,20250106,2025-01-06,2025-01-06 10:00:00,4,LATAM,Premium,3,194.64,29.2,583.92,554.72,PayPal
693,ORD_100693,1,145,CUST_0145,21,PROD_0021,Blenders Pro-Series 3,Home & Kitchen,20250219,2025-02-19,2025-02-19 20:00:00,1,North America,Premium,1,137.29,20.59,137.29,116.7,Credit Card
694,ORD_100694,1,92,CUST_0092,16,PROD_0016,Air Fryers Pro-Series 1,Home & Kitchen,20260213,2026-02-13,2026-02-13 08:00:00,4,LATAM,VIP,1,403.75,0.0,403.75,403.75,PayPal
695,ORD_100695,1,400,CUST_0400,26,PROD_0026,Men's Jackets Pro-Series 2,Apparel & Fashion,20250616,2025-06-16,2025-06-16 12:00:00,3,APAC,Premium,2,387.88,0.0,775.76,775.76,Apple Pay
696,ORD_100696,1,377,CUST_0377,20,PROD_0020,Blenders Pro-Series 2,Home & Kitchen,20260518,2026-05-18,2026-05-18 13:00:00,2,EMEA,Standard,3,80.82,0.0,242.46,242.46,Apple Pay
697,ORD_100697,1,251,CUST_0251,29,PROD_0029,Women's Sneakers Pro-Series 2,Apparel & Fashion,20260609,2026-06-09,2026-06-09 06:00:00,4,LATAM,Premium,4,420.39,168.16,1681.56,1513.4,Debit Card
698,ORD_100698,1,416,CUST_0416,24,PROD_0024,Robotic Vacuums Pro-Series 3,Home & Kitchen,20250403,2025-04-03,2025-04-03 13:00:00,2,EMEA,VIP,4,106.82,64.09,427.28,363.19,Credit Card
699,ORD_100699,1,175,CUST_0175,30,PROD_0030,Women's Sneakers Pro-Series 3,Apparel & Fashion,20250211,2025-02-11,2025-02-11 16:00:00,2,EMEA,VIP,2,378.05,113.42,756.1,642.68,Credit Card
700,ORD_100700,1,224,CUST_0224,6,PROD_0006,Laptops Pro-Series 3,Consumer Electronics,20251025,2025-10-25,2025-10-25 14:00:00,4,LATAM,Premium,3,304.52,45.68,913.56,867.88,PayPal
701,ORD_100701,1,268,CUST_0268,28,PROD_0028,Women's Sneakers Pro-Series 1,Apparel & Fashion,20251104,2025-11-04,2025-11-04 07:00:00,3,APAC,Premium,5,301.74,0.0,1508.7,1508.7,Credit Card
702,ORD_100702,1,56,CUST_0056,33,PROD_0033,Sportswear Pro-Series 3,Apparel & Fashion,20250216,2025-02-16,2025-02-16 16:00:00,4,LATAM,Standard,4,230.01,0.0,920.04,920.04,Debit Card
703,ORD_100703,1,182,CUST_0182,17,PROD_0017,Air Fryers Pro-Series 2,Home & Kitchen,20260806,2026-08-06,2026-08-06 08:00:00,1,North America,Standard,5,438.78,0.0,2193.9,2193.9,Credit Card
704,ORD_100704,1,403,CUST_0403,12,PROD_0012,Smartwatches Pro-Series 3,Consumer Electronics,20260419,2026-04-19,2026-04-19 05:00:00,4,LATAM,Standard,1,414.15,0.0,414.15,414.15,Debit Card
705,ORD_100705,1,301,CUST_0301,30,PROD_0030,Women's Sneakers Pro-Series 3,Apparel & Fashion,20251101,2025-11-01,2025-11-01 10:00:00,4,LATAM,Premium,5,378.05,189.03,1890.25,1701.22,Apple Pay
706,ORD_100706,1,95,CUST_0095,6,PROD_0006,Laptops Pro-Series 3,Consumer Electronics,20250711,2025-07-11,2025-07-11 06:00:00,3,APAC,Premium,1,304.52,45.68,304.52,258.84,Credit Card
707,ORD_100707,1,60,CUST_0060,1,PROD_0001,Smartphones Pro-Series 1,Consumer Electronics,20250106,2025-01-06,2025-01-06 12:00:00,2,EMEA,Standard,4,247.49,148.49,989.96,841.47,Debit Card
708,ORD_100708,1,317,CUST_0317,40,PROD_0040,Tech Guides Pro-Series 1,Books & Media,20260514,2026-05-14,2026-05-14 09:00:00,3,APAC,Standard,4,507.6,203.04,2030.4,1827.36,Credit Card
709,ORD_100709,1,8,CUST_0008,13,PROD_0013,Coffee Makers Pro-Series 1,Home & Kitchen,20250509,2025-05-09,2025-05-09 04:00:00,1,North America,Standard,1,177.25,8.86,177.25,168.39,Credit Card
710,ORD_100710,1,333,CUST_0333,10,PROD_0010,Smartwatches Pro-Series 1,Consumer Electronics,20250803,2025-08-03,2025-08-03 15:00:00,2,EMEA,Premium,4,238.77,47.75,955.08,907.33,Credit Card
711,ORD_100711,1,76,CUST_0076,31,PROD_0031,Sportswear Pro-Series 1,Apparel & Fashion,20251105,2025-11-05,2025-11-05 14:00:00,4,LATAM,Premium,1,610.97,0.0,610.97,610.97,PayPal
712,ORD_100712,1,360,CUST_0360,29,PROD_0029,Women's Sneakers Pro-Series 2,Apparel & Fashion,20250606,2025-06-06,2025-06-06 23:00:00,4,LATAM,Premium,4,420.39,0.0,1681.56,1681.56,Debit Card
713,ORD_100713,1,104,CUST_0104,19,PROD_0019,Blenders Pro-Series 1,Home & Kitchen,20260823,2026-08-23,2026-08-23 07:00:00,4,LATAM,VIP,1,523.93,52.39,523.93,471.54,Credit Card
714,ORD_100714,1,434,CUST_0434,28,PROD_0028,Women's Sneakers Pro-Series 1,Apparel & Fashion,20250416,2025-04-16,2025-04-16 20:00:00,4,LATAM,VIP,4,301.74,120.7,1206.96,1086.26,Credit Card
715,ORD_100715,1,249,CUST_0249,33,PROD_0033,Sportswear Pro-Series 3,Apparel & Fashion,20260515,2026-05-15,2026-05-15 12:00:00,4,LATAM,Standard,2,230.01,0.0,460.02,460.02,Credit Card
716,ORD_100716,1,162,CUST_0162,36,PROD_0036,Watches Pro-Series 3,Apparel & Fashion,20260309,2026-03-09,2026-03-09 18:00:00,1,North America,Premium,3,387.69,174.46,1163.07,988.61,Debit Card
717,ORD_100717,1,319,CUST_0319,42,PROD_0042,Tech Guides Pro-Series 3,Books & Media,20250430,2025-04-30,2025-04-30 15:00:00,3,APAC,Standard,4,201.79,121.07,807.16,686.09,Credit Card
718,ORD_100718,1,372,CUST_0372,13,PROD_0013,Coffee Makers Pro-Series 1,Home & Kitchen,20250615,2025-06-15,2025-06-15 09:00:00,4,LATAM,Premium,3,177.25,79.76,531.75,451.99,PayPal
719,ORD_100719,1,301,CUST_0301,44,PROD_0044,Audiobooks Pro-Series 2,Books & Media,20260604,2026-06-04,2026-06-04 07:00:00,3,APAC,Premium,5,86.85,65.14,434.25,369.11,PayPal
720,ORD_100720,1,365,CUST_0365,25,PROD_0025,Men's Jackets Pro-Series 1,Apparel & Fashion,20251028,2025-10-28,2025-10-28 23:00:00,4,LATAM,Standard,3,381.42,171.64,1144.26,972.62,PayPal
721,ORD_100721,1,354,CUST_0354,6,PROD_0006,Laptops Pro-Series 3,Consumer Electronics,20250801,2025-08-01,2025-08-01 09:00:00,4,LATAM,Standard,2,304.52,30.45,609.04,578.59,PayPal
722,ORD_100722,1,252,CUST_0252,7,PROD_0007,Audio Headphones Pro-Series 1,Consumer Electronics,20250610,2025-06-10,2025-06-10 19:00:00,4,LATAM,Standard,4,136.35,54.54,545.4,490.86,PayPal
723,ORD_100723,1,25,CUST_0025,2,PROD_0002,Smartphones Pro-Series 2,Consumer Electronics,20250803,2025-08-03,2025-08-03 17:00:00,3,APAC,Standard,3,484.7,145.41,1454.1,1308.69,PayPal
724,ORD_100724,1,17,CUST_0017,5,PROD_0005,Laptops Pro-Series 2,Consumer Electronics,20250628,2025-06-28,2025-06-28 16:00:00,3,APAC,Premium,4,144.32,0.0,577.28,577.28,PayPal
725,ORD_100725,1,115,CUST_0115,32,PROD_0032,Sportswear Pro-Series 2,Apparel & Fashion,20250504,2025-05-04,2025-05-04 17:00:00,3,APAC,Premium,3,106.55,31.96,319.65,287.69,Credit Card
726,ORD_100726,1,459,CUST_0459,10,PROD_0010,Smartwatches Pro-Series 1,Consumer Electronics,20260725,2026-07-25,2026-07-25 08:00:00,1,North America,Premium,1,238.77,35.82,238.77,202.95,Debit Card
727,ORD_100727,1,401,CUST_0401,40,PROD_0040,Tech Guides Pro-Series 1,Books & Media,20250424,2025-04-24,2025-04-24 03:00:00,1,North America,Standard,5,507.6,0.0,2538.0,2538.0,Credit Card
728,ORD_100728,1,61,CUST_0061,14,PROD_0014,Coffee Makers Pro-Series 2,Home & Kitchen,20250621,2025-06-21,2025-06-21 20:00:00,3,APAC,VIP,2,94.28,18.86,188.56,169.7,Debit Card
729,ORD_100729,1,376,CUST_0376,7,PROD_0007,Audio Headphones Pro-Series 1,Consumer Electronics,20260603,2026-06-03,2026-06-03 15:00:00,2,EMEA,Standard,3,136.35,40.91,409.05,368.14,PayPal
730,ORD_100730,1,225,CUST_0225,27,PROD_0027,Men's Jackets Pro-Series 3,Apparel & Fashion,20250506,2025-05-06,2025-05-06 06:00:00,1,North America,Premium,2,452.99,135.9,905.98,770.08,Apple Pay
731,ORD_100731,1,88,CUST_0088,6,PROD_0006,Laptops Pro-Series 3,Consumer Electronics,20251021,2025-10-21,2025-10-21 16:00:00,3,APAC,VIP,3,304.52,137.03,913.56,776.53,Apple Pay
732,ORD_100732,1,386,CUST_0386,34,PROD_0034,Watches Pro-Series 1,Apparel & Fashion,20250909,2025-09-09,2025-09-09 04:00:00,4,LATAM,Premium,2,277.89,27.79,555.78,527.99,Debit Card
733,ORD_100733,1,460,CUST_0460,30,PROD_0030,Women's Sneakers Pro-Series 3,Apparel & Fashion,20260228,2026-02-28,2026-02-28 13:00:00,3,APAC,Standard,1,378.05,56.71,378.05,321.34,PayPal
734,ORD_100734,1,413,CUST_0413,34,PROD_0034,Watches Pro-Series 1,Apparel & Fashion,20250111,2025-01-11,2025-01-11 22:00:00,1,North America,Standard,1,277.89,27.79,277.89,250.1,Apple Pay
735,ORD_100735,1,223,CUST_0223,4,PROD_0004,Laptops Pro-Series 1,Consumer Electronics,20260216,2026-02-16,2026-02-16 05:00:00,4,LATAM,Standard,1,328.32,16.42,328.32,311.9,Credit Card
736,ORD_100736,1,215,CUST_0215,26,PROD_0026,Men's Jackets Pro-Series 2,Apparel & Fashion,20260617,2026-06-17,2026-06-17 09:00:00,3,APAC,Premium,3,387.88,116.36,1163.64,1047.28,Credit Card
737,ORD_100737,1,313,CUST_0313,10,PROD_0010,Smartwatches Pro-Series 1,Consumer Electronics,20251014,2025-10-14,2025-10-14 16:00:00,4,LATAM,Standard,4,238.77,47.75,955.08,907.33,Debit Card
738,ORD_100738,1,208,CUST_0208,13,PROD_0013,Coffee Makers Pro-Series 1,Home & Kitchen,20251220,2025-12-20,2025-12-20 20:00:00,3,APAC,VIP,1,177.25,0.0,177.25,177.25,Apple Pay
739,ORD_100739,1,369,CUST_0369,9,PROD_0009,Audio Headphones Pro-Series 3,Consumer Electronics,20260204,2026-02-04,2026-02-04 23:00:00,3,APAC,Premium,2,512.06,0.0,1024.12,1024.12,Apple Pay
740,ORD_100740,1,388,CUST_0388,41,PROD_0041,Tech Guides Pro-Series 2,Books & Media,20260618,2026-06-18,2026-06-18 10:00:00,2,EMEA,Standard,1,539.9,0.0,539.9,539.9,Apple Pay
741,ORD_100741,1,372,CUST_0372,28,PROD_0028,Women's Sneakers Pro-Series 1,Apparel & Fashion,20250905,2025-09-05,2025-09-05 09:00:00,1,North America,Premium,1,301.74,30.17,301.74,271.57,Apple Pay
742,ORD_100742,1,64,CUST_0064,4,PROD_0004,Laptops Pro-Series 1,Consumer Electronics,20260604,2026-06-04,2026-06-04 11:00:00,1,North America,VIP,4,328.32,131.33,1313.28,1181.95,Credit Card
743,ORD_100743,1,121,CUST_0121,38,PROD_0038,Hardcover Novels Pro-Series 2,Books & Media,20260410,2026-04-10,2026-04-10 10:00:00,2,EMEA,Premium,3,157.75,47.33,473.25,425.92,Apple Pay
744,ORD_100744,1,72,CUST_0072,25,PROD_0025,Men's Jackets Pro-Series 1,Apparel & Fashion,20260810,2026-08-10,2026-08-10 21:00:00,2,EMEA,Premium,1,381.42,38.14,381.42,343.28,PayPal
745,ORD_100745,1,51,CUST_0051,10,PROD_0010,Smartwatches Pro-Series 1,Consumer Electronics,20260105,2026-01-05,2026-01-05 14:00:00,4,LATAM,Standard,4,238.77,0.0,955.08,955.08,Credit Card
746,ORD_100746,1,455,CUST_0455,9,PROD_0009,Audio Headphones Pro-Series 3,Consumer Electronics,20250305,2025-03-05,2025-03-05 13:00:00,4,LATAM,Standard,2,512.06,153.62,1024.12,870.5,Credit Card
747,ORD_100747,1,270,CUST_0270,26,PROD_0026,Men's Jackets Pro-Series 2,Apparel & Fashion,20260114,2026-01-14,2026-01-14 21:00:00,4,LATAM,Standard,3,387.88,174.55,1163.64,989.09,Debit Card
748,ORD_100748,1,477,CUST_0477,32,PROD_0032,Sportswear Pro-Series 2,Apparel & Fashion,20260327,2026-03-27,2026-03-27 22:00:00,4,LATAM,VIP,2,106.55,10.66,213.1,202.44,PayPal
749,ORD_100749,1,235,CUST_0235,9,PROD_0009,Audio Headphones Pro-Series 3,Consumer Electronics,20260512,2026-05-12,2026-05-12 22:00:00,1,North America,Premium,2,512.06,153.62,1024.12,870.5,Debit Card
750,ORD_100750,1,81,CUST_0081,36,PROD_0036,Watches Pro-Series 3,Apparel & Fashion,20250203,2025-02-03,2025-02-03 23:00:00,3,APAC,Premium,1,387.69,58.15,387.69,329.54,Credit Card
751,ORD_100751,1,293,CUST_0293,19,PROD_0019,Blenders Pro-Series 1,Home & Kitchen,20250504,2025-05-04,2025-05-04 11:00:00,1,North America,Premium,5,523.93,130.98,2619.65,2488.67,Credit Card
752,ORD_100752,1,192,CUST_0192,20,PROD_0020,Blenders Pro-Series 2,Home & Kitchen,20260116,2026-01-16,2026-01-16 09:00:00,3,APAC,Premium,4,80.82,0.0,323.28,323.28,PayPal
753,ORD_100753,1,216,CUST_0216,4,PROD_0004,Laptops Pro-Series 1,Consumer Electronics,20250526,2025-05-26,2025-05-26 18:00:00,3,APAC,Standard,3,328.32,49.25,984.96,935.71,PayPal
754,ORD_100754,1,63,CUST_0063,36,PROD_0036,Watches Pro-Series 3,Apparel & Fashion,20260516,2026-05-16,2026-05-16 00:00:00,3,APAC,Standard,1,387.69,0.0,387.69,387.69,Debit Card
755,ORD_100755,1,159,CUST_0159,37,PROD_0037,Hardcover Novels Pro-Series 1,Books & Media,20260508,2026-05-08,2026-05-08 18:00:00,4,LATAM,Standard,3,271.24,122.06,813.72,691.66,Debit Card
756,ORD_100756,1,259,CUST_0259,41,PROD_0041,Tech Guides Pro-Series 2,Books & Media,20250516,2025-05-16,2025-05-16 04:00:00,4,LATAM,Standard,4,539.9,323.94,2159.6,1835.66,PayPal
757,ORD_100757,1,410,CUST_0410,40,PROD_0040,Tech Guides Pro-Series 1,Books & Media,20251130,2025-11-30,2025-11-30 02:00:00,4,LATAM,Standard,4,507.6,101.52,2030.4,1928.88,Debit Card
758,ORD_100758,1,24,CUST_0024,43,PROD_0043,Audiobooks Pro-Series 1,Books & Media,20251214,2025-12-14,2025-12-14 17:00:00,4,LATAM,Standard,3,262.83,0.0,788.49,788.49,PayPal
759,ORD_100759,1,323,CUST_0323,20,PROD_0020,Blenders Pro-Series 2,Home & Kitchen,20250126,2025-01-26,2025-01-26 18:00:00,1,North America,Standard,5,80.82,0.0,404.1,404.1,PayPal
760,ORD_100760,1,388,CUST_0388,4,PROD_0004,Laptops Pro-Series 1,Consumer Electronics,20260709,2026-07-09,2026-07-09 18:00:00,2,EMEA,Standard,4,328.32,0.0,1313.28,1313.28,Credit Card
761,ORD_100761,1,493,CUST_0493,2,PROD_0002,Smartphones Pro-Series 2,Consumer Electronics,20260629,2026-06-29,2026-06-29 05:00:00,3,APAC,Premium,2,484.7,48.47,969.4,920.93,Debit Card
762,ORD_100762,1,311,CUST_0311,21,PROD_0021,Blenders Pro-Series 3,Home & Kitchen,20250328,2025-03-28,2025-03-28 17:00:00,4,LATAM,Standard,5,137.29,0.0,686.45,686.45,Debit Card
763,ORD_100763,1,224,CUST_0224,12,PROD_0012,Smartwatches Pro-Series 3,Consumer Electronics,20250124,2025-01-24,2025-01-24 10:00:00,4,LATAM,Premium,1,414.15,41.41,414.15,372.74,Debit Card
764,ORD_100764,1,59,CUST_0059,7,PROD_0007,Audio Headphones Pro-Series 1,Consumer Electronics,20250921,2025-09-21,2025-09-21 02:00:00,2,EMEA,Standard,3,136.35,20.45,409.05,388.6,PayPal
765,ORD_100765,1,79,CUST_0079,20,PROD_0020,Blenders Pro-Series 2,Home & Kitchen,20250919,2025-09-19,2025-09-19 02:00:00,4,LATAM,Premium,2,80.82,0.0,161.64,161.64,Apple Pay
766,ORD_100766,1,366,CUST_0366,4,PROD_0004,Laptops Pro-Series 1,Consumer Electronics,20250705,2025-07-05,2025-07-05 00:00:00,3,APAC,Premium,4,328.32,0.0,1313.28,1313.28,Apple Pay
767,ORD_100767,1,458,CUST_0458,21,PROD_0021,Blenders Pro-Series 3,Home & Kitchen,20250526,2025-05-26,2025-05-26 13:00:00,3,APAC,Standard,4,137.29,0.0,549.16,549.16,Credit Card
768,ORD_100768,1,386,CUST_0386,39,PROD_0039,Hardcover Novels Pro-Series 3,Books & Media,20250727,2025-07-27,2025-07-27 07:00:00,2,EMEA,Premium,4,217.64,130.58,870.56,739.98,Credit Card
769,ORD_100769,1,163,CUST_0163,30,PROD_0030,Women's Sneakers Pro-Series 3,Apparel & Fashion,20251003,2025-10-03,2025-10-03 01:00:00,4,LATAM,Standard,1,378.05,56.71,378.05,321.34,Credit Card
770,ORD_100770,1,120,CUST_0120,2,PROD_0002,Smartphones Pro-Series 2,Consumer Electronics,20260222,2026-02-22,2026-02-22 20:00:00,3,APAC,VIP,5,484.7,0.0,2423.5,2423.5,PayPal
771,ORD_100771,1,403,CUST_0403,9,PROD_0009,Audio Headphones Pro-Series 3,Consumer Electronics,20260723,2026-07-23,2026-07-23 20:00:00,3,APAC,Standard,5,512.06,384.04,2560.3,2176.26,Debit Card
772,ORD_100772,1,257,CUST_0257,14,PROD_0014,Coffee Makers Pro-Series 2,Home & Kitchen,20250327,2025-03-27,2025-03-27 20:00:00,2,EMEA,Standard,3,94.28,14.14,282.84,268.7,PayPal
773,ORD_100773,1,493,CUST_0493,36,PROD_0036,Watches Pro-Series 3,Apparel & Fashion,20260705,2026-07-05,2026-07-05 13:00:00,4,LATAM,Premium,1,387.69,0.0,387.69,387.69,Debit Card
774,ORD_100774,1,498,CUST_0498,11,PROD_0011,Smartwatches Pro-Series 2,Consumer Electronics,20251024,2025-10-24,2025-10-24 20:00:00,1,North America,Standard,1,627.26,94.09,627.26,533.17,Apple Pay
775,ORD_100775,1,195,CUST_0195,23,PROD_0023,Robotic Vacuums Pro-Series 2,Home & Kitchen,20250914,2025-09-14,2025-09-14 21:00:00,2,EMEA,Premium,5,80.72,40.36,403.6,363.24,Credit Card
776,ORD_100776,1,274,CUST_0274,37,PROD_0037,Hardcover Novels Pro-Series 1,Books & Media,20250615,2025-06-15,2025-06-15 23:00:00,1,North America,Standard,3,271.24,0.0,813.72,813.72,Debit Card
777,ORD_100777,1,372,CUST_0372,36,PROD_0036,Watches Pro-Series 3,Apparel & Fashion,20250506,2025-05-06,2025-05-06 04:00:00,3,APAC,Premium,4,387.69,77.54,1550.76,1473.22,Apple Pay
778,ORD_100778,1,134,CUST_0134,29,PROD_0029,Women's Sneakers Pro-Series 2,Apparel & Fashion,20251217,2025-12-17,2025-12-17 20:00:00,3,APAC,Premium,2,420.39,84.08,840.78,756.7,Apple Pay
779,ORD_100779,1,492,CUST_0492,39,PROD_0039,Hardcover Novels Pro-Series 3,Books & Media,20250804,2025-08-04,2025-08-04 14:00:00,3,APAC,Standard,1,217.64,10.88,217.64,206.76,Credit Card
780,ORD_100780,1,462,CUST_0462,1,PROD_0001,Smartphones Pro-Series 1,Consumer Electronics,20260503,2026-05-03,2026-05-03 00:00:00,2,EMEA,Standard,4,247.49,148.49,989.96,841.47,Debit Card
781,ORD_100781,1,404,CUST_0404,42,PROD_0042,Tech Guides Pro-Series 3,Books & Media,20260706,2026-07-06,2026-07-06 02:00:00,1,North America,Premium,5,201.79,0.0,1008.95,1008.95,Debit Card
782,ORD_100782,1,498,CUST_0498,25,PROD_0025,Men's Jackets Pro-Series 1,Apparel & Fashion,20250507,2025-05-07,2025-05-07 11:00:00,3,APAC,Standard,4,381.42,76.28,1525.68,1449.4,Credit Card
783,ORD_100783,1,190,CUST_0190,13,PROD_0013,Coffee Makers Pro-Series 1,Home & Kitchen,20250508,2025-05-08,2025-05-08 14:00:00,4,LATAM,Standard,1,177.25,8.86,177.25,168.39,Credit Card
784,ORD_100784,1,472,CUST_0472,23,PROD_0023,Robotic Vacuums Pro-Series 2,Home & Kitchen,20251015,2025-10-15,2025-10-15 21:00:00,2,EMEA,Premium,1,80.72,8.07,80.72,72.65,PayPal
785,ORD_100785,1,496,CUST_0496,24,PROD_0024,Robotic Vacuums Pro-Series 3,Home & Kitchen,20250828,2025-08-28,2025-08-28 15:00:00,1,North America,Standard,3,106.82,48.07,320.46,272.39,PayPal
786,ORD_100786,1,421,CUST_0421,41,PROD_0041,Tech Guides Pro-Series 2,Books & Media,20250108,2025-01-08,2025-01-08 06:00:00,4,LATAM,Standard,1,539.9,53.99,539.9,485.91,Debit Card
787,ORD_100787,1,100,CUST_0100,43,PROD_0043,Audiobooks Pro-Series 1,Books & Media,20250624,2025-06-24,2025-06-24 17:00:00,2,EMEA,Standard,1,262.83,13.14,262.83,249.69,Credit Card
788,ORD_100788,1,478,CUST_0478,37,PROD_0037,Hardcover Novels Pro-Series 1,Books & Media,20250511,2025-05-11,2025-05-11 08:00:00,2,EMEA,Premium,5,271.24,135.62,1356.2,1220.58,PayPal
789,ORD_100789,1,348,CUST_0348,35,PROD_0035,Watches Pro-Series 2,Apparel & Fashion,20250124,2025-01-24,2025-01-24 22:00:00,3,APAC,Standard,5,495.6,371.7,2478.0,2106.3,Credit Card
790,ORD_100790,1,345,CUST_0345,42,PROD_0042,Tech Guides Pro-Series 3,Books & Media,20260314,2026-03-14,2026-03-14 20:00:00,1,North America,Standard,3,201.79,90.81,605.37,514.56,Debit Card
791,ORD_100791,1,349,CUST_0349,34,PROD_0034,Watches Pro-Series 1,Apparel & Fashion,20251008,2025-10-08,2025-10-08 03:00:00,4,LATAM,Standard,4,277.89,111.16,1111.56,1000.4,Credit Card
792,ORD_100792,1,143,CUST_0143,27,PROD_0027,Men's Jackets Pro-Series 3,Apparel & Fashion,20250818,2025-08-18,2025-08-18 01:00:00,4,LATAM,Premium,3,452.99,0.0,1358.97,1358.97,Debit Card
793,ORD_100793,1,42,CUST_0042,37,PROD_0037,Hardcover Novels Pro-Series 1,Books & Media,20250719,2025-07-19,2025-07-19 10:00:00,1,North America,Standard,2,271.24,81.37,542.48,461.11,Credit Card
794,ORD_100794,1,85,CUST_0085,22,PROD_0022,Robotic Vacuums Pro-Series 1,Home & Kitchen,20250913,2025-09-13,2025-09-13 06:00:00,3,APAC,Standard,1,573.0,0.0,573.0,573.0,Credit Card
795,ORD_100795,1,414,CUST_0414,2,PROD_0002,Smartphones Pro-Series 2,Consumer Electronics,20260507,2026-05-07,2026-05-07 13:00:00,3,APAC,Standard,3,484.7,72.7,1454.1,1381.4,Credit Card
796,ORD_100796,1,491,CUST_0491,22,PROD_0022,Robotic Vacuums Pro-Series 1,Home & Kitchen,20260430,2026-04-30,2026-04-30 07:00:00,1,North America,Standard,3,573.0,85.95,1719.0,1633.05,Credit Card
797,ORD_100797,1,321,CUST_0321,29,PROD_0029,Women's Sneakers Pro-Series 2,Apparel & Fashion,20260326,2026-03-26,2026-03-26 03:00:00,1,North America,Standard,1,420.39,0.0,420.39,420.39,Credit Card
798,ORD_100798,1,456,CUST_0456,45,PROD_0045,Audiobooks Pro-Series 3,Books & Media,20260122,2026-01-22,2026-01-22 10:00:00,1,North America,Standard,2,512.51,0.0,1025.02,1025.02,Debit Card
799,ORD_100799,1,313,CUST_0313,41,PROD_0041,Tech Guides Pro-Series 2,Books & Media,20250226,2025-02-26,2025-02-26 09:00:00,4,LATAM,Standard,1,539.9,0.0,539.9,539.9,Credit Card
800,ORD_100800,1,151,CUST_0151,25,PROD_0025,Men's Jackets Pro-Series 1,Apparel & Fashion,20260727,2026-07-27,2026-07-27 01:00:00,4,LATAM,Standard,1,381.42,57.21,381.42,324.21,PayPal
801,ORD_100801,1,197,CUST_0197,30,PROD_0030,Women's Sneakers Pro-Series 3,Apparel & Fashion,20250111,2025-01-11,2025-01-11 14:00:00,4,LATAM,Standard,5,378.05,0.0,1890.25,1890.25,Apple Pay
802,ORD_100802,1,265,CUST_0265,22,PROD_0022,Robotic Vacuums Pro-Series 1,Home & Kitchen,20250127,2025-01-27,2025-01-27 14:00:00,2,EMEA,Standard,1,573.0,0.0,573.0,573.0,Credit Card
803,ORD_100803,1,405,CUST_0405,13,PROD_0013,Coffee Makers Pro-Series 1,Home & Kitchen,20250311,2025-03-11,2025-03-11 18:00:00,2,EMEA,Standard,5,177.25,88.62,886.25,797.63,Apple Pay
804,ORD_100804,1,372,CUST_0372,40,PROD_0040,Tech Guides Pro-Series 1,Books & Media,20260308,2026-03-08,2026-03-08 15:00:00,4,LATAM,Premium,2,507.6,50.76,1015.2,964.44,PayPal
805,ORD_100805,1,66,CUST_0066,20,PROD_0020,Blenders Pro-Series 2,Home & Kitchen,20250215,2025-02-15,2025-02-15 01:00:00,4,LATAM,Standard,5,80.82,40.41,404.1,363.69,Apple Pay
806,ORD_100806,1,398,CUST_0398,10,PROD_0010,Smartwatches Pro-Series 1,Consumer Electronics,20260821,2026-08-21,2026-08-21 17:00:00,2,EMEA,Premium,4,238.77,95.51,955.08,859.57,Apple Pay
807,ORD_100807,1,497,CUST_0497,1,PROD_0001,Smartphones Pro-Series 1,Consumer Electronics,20251026,2025-10-26,2025-10-26 11:00:00,2,EMEA,Premium,1,247.49,12.37,247.49,235.12,Credit Card
808,ORD_100808,1,101,CUST_0101,13,PROD_0013,Coffee Makers Pro-Series 1,Home & Kitchen,20260309,2026-03-09,2026-03-09 11:00:00,2,EMEA,Standard,1,177.25,17.73,177.25,159.52,PayPal
809,ORD_100809,1,355,CUST_0355,30,PROD_0030,Women's Sneakers Pro-Series 3,Apparel & Fashion,20260503,2026-05-03,2026-05-03 22:00:00,3,APAC,VIP,5,378.05,189.03,1890.25,1701.22,Apple Pay
810,ORD_100810,1,84,CUST_0084,7,PROD_0007,Audio Headphones Pro-Series 1,Consumer Electronics,20260305,2026-03-05,2026-03-05 10:00:00,4,LATAM,Standard,1,136.35,20.45,136.35,115.9,PayPal
811,ORD_100811,1,115,CUST_0115,45,PROD_0045,Audiobooks Pro-Series 3,Books & Media,20250104,2025-01-04,2025-01-04 20:00:00,2,EMEA,Premium,4,512.51,102.5,2050.04,1947.54,PayPal
812,ORD_100812,1,394,CUST_0394,22,PROD_0022,Robotic Vacuums Pro-Series 1,Home & Kitchen,20260508,2026-05-08,2026-05-08 23:00:00,4,LATAM,Premium,2,573.0,171.9,1146.0,974.1,PayPal
813,ORD_100813,1,6,CUST_0006,5,PROD_0005,Laptops Pro-Series 2,Consumer Electronics,20250107,2025-01-07,2025-01-07 11:00:00,3,APAC,Premium,1,144.32,0.0,144.32,144.32,PayPal
814,ORD_100814,1,100,CUST_0100,41,PROD_0041,Tech Guides Pro-Series 2,Books & Media,20251025,2025-10-25,2025-10-25 14:00:00,3,APAC,Standard,1,539.9,0.0,539.9,539.9,PayPal
815,ORD_100815,1,90,CUST_0090,15,PROD_0015,Coffee Makers Pro-Series 3,Home & Kitchen,20250722,2025-07-22,2025-07-22 09:00:00,3,APAC,VIP,2,397.04,79.41,794.08,714.67,PayPal
816,ORD_100816,1,12,CUST_0012,12,PROD_0012,Smartwatches Pro-Series 3,Consumer Electronics,20250702,2025-07-02,2025-07-02 06:00:00,3,APAC,VIP,1,414.15,0.0,414.15,414.15,PayPal
817,ORD_100817,1,404,CUST_0404,8,PROD_0008,Audio Headphones Pro-Series 2,Consumer Electronics,20260124,2026-01-24,2026-01-24 20:00:00,3,APAC,Premium,2,596.84,119.37,1193.68,1074.31,Debit Card
818,ORD_100818,1,415,CUST_0415,24,PROD_0024,Robotic Vacuums Pro-Series 3,Home & Kitchen,20250903,2025-09-03,2025-09-03 11:00:00,2,EMEA,Premium,5,106.82,80.11,534.1,453.99,Credit Card
819,ORD_100819,1,452,CUST_0452,9,PROD_0009,Audio Headphones Pro-Series 3,Consumer Electronics,20250502,2025-05-02,2025-05-02 04:00:00,2,EMEA,Premium,2,512.06,153.62,1024.12,870.5,Apple Pay
820,ORD_100820,1,220,CUST_0220,41,PROD_0041,Tech Guides Pro-Series 2,Books & Media,20251122,2025-11-22,2025-11-22 19:00:00,2,EMEA,Premium,1,539.9,27.0,539.9,512.9,Apple Pay
821,ORD_100821,1,127,CUST_0127,4,PROD_0004,Laptops Pro-Series 1,Consumer Electronics,20250602,2025-06-02,2025-06-02 10:00:00,3,APAC,Standard,2,328.32,98.5,656.64,558.14,PayPal
822,ORD_100822,1,405,CUST_0405,43,PROD_0043,Audiobooks Pro-Series 1,Books & Media,20250325,2025-03-25,2025-03-25 15:00:00,1,North America,Standard,2,262.83,78.85,525.66,446.81,Apple Pay
823,ORD_100823,1,238,CUST_0238,12,PROD_0012,Smartwatches Pro-Series 3,Consumer Electronics,20260526,2026-05-26,2026-05-26 16:00:00,3,APAC,Standard,3,414.15,186.37,1242.45,1056.08,Debit Card
824,ORD_100824,1,298,CUST_0298,26,PROD_0026,Men's Jackets Pro-Series 2,Apparel & Fashion,20260501,2026-05-01,2026-05-01 08:00:00,1,North America,Standard,2,387.88,38.79,775.76,736.97,PayPal
825,ORD_100825,1,203,CUST_0203,14,PROD_0014,Coffee Makers Pro-Series 2,Home & Kitchen,20260408,2026-04-08,2026-04-08 07:00:00,3,APAC,Standard,4,94.28,56.57,377.12,320.55,PayPal
826,ORD_100826,1,282,CUST_0282,6,PROD_0006,Laptops Pro-Series 3,Consumer Electronics,20260119,2026-01-19,2026-01-19 08:00:00,2,EMEA,Standard,1,304.52,30.45,304.52,274.07,Debit Card
827,ORD_100827,1,118,CUST_0118,38,PROD_0038,Hardcover Novels Pro-Series 2,Books & Media,20260616,2026-06-16,2026-06-16 11:00:00,1,North America,Standard,4,157.75,63.1,631.0,567.9,Debit Card
828,ORD_100828,1,222,CUST_0222,27,PROD_0027,Men's Jackets Pro-Series 3,Apparel & Fashion,20260407,2026-04-07,2026-04-07 14:00:00,3,APAC,Premium,4,452.99,181.2,1811.96,1630.76,Apple Pay
829,ORD_100829,1,92,CUST_0092,29,PROD_0029,Women's Sneakers Pro-Series 2,Apparel & Fashion,20260127,2026-01-27,2026-01-27 00:00:00,2,EMEA,VIP,3,420.39,0.0,1261.17,1261.17,Apple Pay
830,ORD_100830,1,432,CUST_0432,33,PROD_0033,Sportswear Pro-Series 3,Apparel & Fashion,20250326,2025-03-26,2025-03-26 09:00:00,1,North America,Standard,3,230.01,34.5,690.03,655.53,Credit Card
831,ORD_100831,1,185,CUST_0185,3,PROD_0003,Smartphones Pro-Series 3,Consumer Electronics,20250502,2025-05-02,2025-05-02 02:00:00,2,EMEA,VIP,3,194.64,29.2,583.92,554.72,Apple Pay
832,ORD_100832,1,382,CUST_0382,44,PROD_0044,Audiobooks Pro-Series 2,Books & Media,20250914,2025-09-14,2025-09-14 09:00:00,3,APAC,Premium,2,86.85,8.69,173.7,165.01,Apple Pay
833,ORD_100833,1,145,CUST_0145,23,PROD_0023,Robotic Vacuums Pro-Series 2,Home & Kitchen,20250109,2025-01-09,2025-01-09 09:00:00,4,LATAM,Premium,4,80.72,0.0,322.88,322.88,Debit Card
834,ORD_100834,1,444,CUST_0444,26,PROD_0026,Men's Jackets Pro-Series 2,Apparel & Fashion,20260609,2026-06-09,2026-06-09 04:00:00,2,EMEA,Standard,2,387.88,38.79,775.76,736.97,Debit Card
835,ORD_100835,1,301,CUST_0301,36,PROD_0036,Watches Pro-Series 3,Apparel & Fashion,20250828,2025-08-28,2025-08-28 16:00:00,4,LATAM,Premium,4,387.69,155.08,1550.76,1395.68,Credit Card
836,ORD_100836,1,220,CUST_0220,45,PROD_0045,Audiobooks Pro-Series 3,Books & Media,20251117,2025-11-17,2025-11-17 06:00:00,4,LATAM,Premium,2,512.51,153.75,1025.02,871.27,Debit Card
837,ORD_100837,1,192,CUST_0192,9,PROD_0009,Audio Headphones Pro-Series 3,Consumer Electronics,20260726,2026-07-26,2026-07-26 00:00:00,2,EMEA,Premium,3,512.06,0.0,1536.18,1536.18,Debit Card
838,ORD_100838,1,116,CUST_0116,27,PROD_0027,Men's Jackets Pro-Series 3,Apparel & Fashion,20251230,2025-12-30,2025-12-30 10:00:00,4,LATAM,Standard,4,452.99,181.2,1811.96,1630.76,Apple Pay
839,ORD_100839,1,403,CUST_0403,3,PROD_0003,Smartphones Pro-Series 3,Consumer Electronics,20250124,2025-01-24,2025-01-24 18:00:00,2,EMEA,Standard,2,194.64,38.93,389.28,350.35,Debit Card
840,ORD_100840,1,486,CUST_0486,26,PROD_0026,Men's Jackets Pro-Series 2,Apparel & Fashion,20260126,2026-01-26,2026-01-26 06:00:00,1,North America,Premium,5,387.88,290.91,1939.4,1648.49,PayPal
841,ORD_100841,1,169,CUST_0169,37,PROD_0037,Hardcover Novels Pro-Series 1,Books & Media,20260502,2026-05-02,2026-05-02 03:00:00,4,LATAM,Standard,3,271.24,0.0,813.72,813.72,PayPal
842,ORD_100842,1,284,CUST_0284,12,PROD_0012,Smartwatches Pro-Series 3,Consumer Electronics,20250417,2025-04-17,2025-04-17 21:00:00,1,North America,Standard,5,414.15,310.61,2070.75,1760.14,Credit Card
843,ORD_100843,1,36,CUST_0036,25,PROD_0025,Men's Jackets Pro-Series 1,Apparel & Fashion,20250711,2025-07-11,2025-07-11 06:00:00,3,APAC,Standard,2,381.42,38.14,762.84,724.7,Apple Pay
844,ORD_100844,1,233,CUST_0233,4,PROD_0004,Laptops Pro-Series 1,Consumer Electronics,20260621,2026-06-21,2026-06-21 02:00:00,3,APAC,Standard,5,328.32,0.0,1641.6,1641.6,PayPal
845,ORD_100845,1,201,CUST_0201,11,PROD_0011,Smartwatches Pro-Series 2,Consumer Electronics,20251201,2025-12-01,2025-12-01 13:00:00,1,North America,Premium,2,627.26,188.18,1254.52,1066.34,Debit Card
846,ORD_100846,1,490,CUST_0490,14,PROD_0014,Coffee Makers Pro-Series 2,Home & Kitchen,20250312,2025-03-12,2025-03-12 12:00:00,2,EMEA,VIP,2,94.28,18.86,188.56,169.7,Debit Card
847,ORD_100847,1,310,CUST_0310,37,PROD_0037,Hardcover Novels Pro-Series 1,Books & Media,20260502,2026-05-02,2026-05-02 05:00:00,3,APAC,Standard,5,271.24,67.81,1356.2,1288.39,Debit Card
848,ORD_100848,1,4,CUST_0004,10,PROD_0010,Smartwatches Pro-Series 1,Consumer Electronics,20251010,2025-10-10,2025-10-10 06:00:00,4,LATAM,Premium,1,238.77,35.82,238.77,202.95,PayPal
849,ORD_100849,1,467,CUST_0467,37,PROD_0037,Hardcover Novels Pro-Series 1,Books & Media,20260623,2026-06-23,2026-06-23 10:00:00,4,LATAM,Premium,4,271.24,162.74,1084.96,922.22,Credit Card
850,ORD_100850,1,331,CUST_0331,30,PROD_0030,Women's Sneakers Pro-Series 3,Apparel & Fashion,20250404,2025-04-04,2025-04-04 09:00:00,3,APAC,Standard,3,378.05,170.12,1134.15,964.03,PayPal
851,ORD_100851,1,92,CUST_0092,40,PROD_0040,Tech Guides Pro-Series 1,Books & Media,20260302,2026-03-02,2026-03-02 07:00:00,4,LATAM,VIP,4,507.6,304.56,2030.4,1725.84,PayPal
852,ORD_100852,1,202,CUST_0202,45,PROD_0045,Audiobooks Pro-Series 3,Books & Media,20260806,2026-08-06,2026-08-06 03:00:00,1,North America,Standard,2,512.51,51.25,1025.02,973.77,Apple Pay
853,ORD_100853,1,342,CUST_0342,5,PROD_0005,Laptops Pro-Series 2,Consumer Electronics,20260705,2026-07-05,2026-07-05 09:00:00,2,EMEA,VIP,4,144.32,86.59,577.28,490.69,Credit Card
854,ORD_100854,1,387,CUST_0387,7,PROD_0007,Audio Headphones Pro-Series 1,Consumer Electronics,20260113,2026-01-13,2026-01-13 02:00:00,3,APAC,Premium,4,136.35,81.81,545.4,463.59,PayPal
855,ORD_100855,1,260,CUST_0260,3,PROD_0003,Smartphones Pro-Series 3,Consumer Electronics,20250916,2025-09-16,2025-09-16 06:00:00,4,LATAM,Standard,1,194.64,0.0,194.64,194.64,Debit Card
856,ORD_100856,1,382,CUST_0382,26,PROD_0026,Men's Jackets Pro-Series 2,Apparel & Fashion,20260126,2026-01-26,2026-01-26 10:00:00,2,EMEA,Premium,4,387.88,0.0,1551.52,1551.52,Credit Card
857,ORD_100857,1,364,CUST_0364,9,PROD_0009,Audio Headphones Pro-Series 3,Consumer Electronics,20250914,2025-09-14,2025-09-14 03:00:00,3,APAC,VIP,4,512.06,307.24,2048.24,1741.0,Debit Card
858,ORD_100858,1,281,CUST_0281,43,PROD_0043,Audiobooks Pro-Series 1,Books & Media,20250311,2025-03-11,2025-03-11 02:00:00,2,EMEA,Standard,4,262.83,52.57,1051.32,998.75,Debit Card
859,ORD_100859,1,88,CUST_0088,2,PROD_0002,Smartphones Pro-Series 2,Consumer Electronics,20251013,2025-10-13,2025-10-13 05:00:00,1,North America,VIP,2,484.7,96.94,969.4,872.46,Credit Card
860,ORD_100860,1,201,CUST_0201,11,PROD_0011,Smartwatches Pro-Series 2,Consumer Electronics,20260702,2026-07-02,2026-07-02 23:00:00,1,North America,Premium,1,627.26,62.73,627.26,564.53,PayPal
861,ORD_100861,1,92,CUST_0092,14,PROD_0014,Coffee Makers Pro-Series 2,Home & Kitchen,20260328,2026-03-28,2026-03-28 11:00:00,1,North America,VIP,5,94.28,23.57,471.4,447.83,Debit Card
862,ORD_100862,1,416,CUST_0416,34,PROD_0034,Watches Pro-Series 1,Apparel & Fashion,20250218,2025-02-18,2025-02-18 20:00:00,1,North America,VIP,4,277.89,111.16,1111.56,1000.4,Debit Card
863,ORD_100863,1,3,CUST_0003,4,PROD_0004,Laptops Pro-Series 1,Consumer Electronics,20250223,2025-02-23,2025-02-23 19:00:00,4,LATAM,Standard,2,328.32,32.83,656.64,623.81,Apple Pay
864,ORD_100864,1,47,CUST_0047,2,PROD_0002,Smartphones Pro-Series 2,Consumer Electronics,20250902,2025-09-02,2025-09-02 06:00:00,4,LATAM,Standard,1,484.7,0.0,484.7,484.7,Apple Pay
865,ORD_100865,1,343,CUST_0343,5,PROD_0005,Laptops Pro-Series 2,Consumer Electronics,20250716,2025-07-16,2025-07-16 21:00:00,2,EMEA,Standard,1,144.32,7.22,144.32,137.1,PayPal
866,ORD_100866,1,263,CUST_0263,7,PROD_0007,Audio Headphones Pro-Series 1,Consumer Electronics,20250215,2025-02-15,2025-02-15 13:00:00,3,APAC,Standard,3,136.35,20.45,409.05,388.6,PayPal
867,ORD_100867,1,481,CUST_0481,28,PROD_0028,Women's Sneakers Pro-Series 1,Apparel & Fashion,20260709,2026-07-09,2026-07-09 12:00:00,1,North America,Standard,2,301.74,30.17,603.48,573.31,Credit Card
868,ORD_100868,1,89,CUST_0089,1,PROD_0001,Smartphones Pro-Series 1,Consumer Electronics,20260101,2026-01-01,2026-01-01 10:00:00,4,LATAM,Standard,3,247.49,0.0,742.47,742.47,Debit Card
869,ORD_100869,1,113,CUST_0113,5,PROD_0005,Laptops Pro-Series 2,Consumer Electronics,20250806,2025-08-06,2025-08-06 14:00:00,3,APAC,Standard,5,144.32,72.16,721.6,649.44,Credit Card
870,ORD_100870,1,211,CUST_0211,20,PROD_0020,Blenders Pro-Series 2,Home & Kitchen,20250310,2025-03-10,2025-03-10 06:00:00,4,LATAM,Standard,1,80.82,4.04,80.82,76.78,Apple Pay
871,ORD_100871,1,167,CUST_0167,41,PROD_0041,Tech Guides Pro-Series 2,Books & Media,20250408,2025-04-08,2025-04-08 19:00:00,4,LATAM,Standard,2,539.9,107.98,1079.8,971.82,PayPal
872,ORD_100872,1,247,CUST_0247,5,PROD_0005,Laptops Pro-Series 2,Consumer Electronics,20251122,2025-11-22,2025-11-22 21:00:00,3,APAC,Premium,1,144.32,21.65,144.32,122.67,Debit Card
873,ORD_100873,1,380,CUST_0380,15,PROD_0015,Coffee Makers Pro-Series 3,Home & Kitchen,20260608,2026-06-08,2026-06-08 20:00:00,1,North America,Premium,2,397.04,0.0,794.08,794.08,Credit Card
874,ORD_100874,1,378,CUST_0378,28,PROD_0028,Women's Sneakers Pro-Series 1,Apparel & Fashion,20251113,2025-11-13,2025-11-13 07:00:00,2,EMEA,Standard,5,301.74,0.0,1508.7,1508.7,Credit Card
875,ORD_100875,1,256,CUST_0256,19,PROD_0019,Blenders Pro-Series 1,Home & Kitchen,20250521,2025-05-21,2025-05-21 11:00:00,2,EMEA,Premium,2,523.93,157.18,1047.86,890.68,PayPal
876,ORD_100876,1,473,CUST_0473,39,PROD_0039,Hardcover Novels Pro-Series 3,Books & Media,20250208,2025-02-08,2025-02-08 07:00:00,4,LATAM,Standard,3,217.64,32.65,652.92,620.27,Apple Pay
877,ORD_100877,1,403,CUST_0403,3,PROD_0003,Smartphones Pro-Series 3,Consumer Electronics,20251122,2025-11-22,2025-11-22 20:00:00,4,LATAM,Standard,3,194.64,0.0,583.92,583.92,PayPal
878,ORD_100878,1,125,CUST_0125,14,PROD_0014,Coffee Makers Pro-Series 2,Home & Kitchen,20251206,2025-12-06,2025-12-06 10:00:00,1,North America,Standard,2,94.28,9.43,188.56,179.13,Debit Card
879,ORD_100879,1,94,CUST_0094,29,PROD_0029,Women's Sneakers Pro-Series 2,Apparel & Fashion,20260618,2026-06-18,2026-06-18 10:00:00,1,North America,Premium,1,420.39,63.06,420.39,357.33,Credit Card
880,ORD_100880,1,325,CUST_0325,10,PROD_0010,Smartwatches Pro-Series 1,Consumer Electronics,20250717,2025-07-17,2025-07-17 01:00:00,2,EMEA,Standard,2,238.77,0.0,477.54,477.54,PayPal
881,ORD_100881,1,121,CUST_0121,33,PROD_0033,Sportswear Pro-Series 3,Apparel & Fashion,20260717,2026-07-17,2026-07-17 06:00:00,1,North America,Premium,4,230.01,138.01,920.04,782.03,Apple Pay
882,ORD_100882,1,102,CUST_0102,16,PROD_0016,Air Fryers Pro-Series 1,Home & Kitchen,20250618,2025-06-18,2025-06-18 23:00:00,4,LATAM,Premium,2,403.75,40.38,807.5,767.12,Apple Pay
883,ORD_100883,1,230,CUST_0230,41,PROD_0041,Tech Guides Pro-Series 2,Books & Media,20251020,2025-10-20,2025-10-20 18:00:00,2,EMEA,Premium,3,539.9,242.95,1619.7,1376.75,Credit Card
884,ORD_100884,1,194,CUST_0194,11,PROD_0011,Smartwatches Pro-Series 2,Consumer Electronics,20260104,2026-01-04,2026-01-04 12:00:00,4,LATAM,Premium,4,627.26,376.36,2509.04,2132.68,Debit Card
885,ORD_100885,1,11,CUST_0011,25,PROD_0025,Men's Jackets Pro-Series 1,Apparel & Fashion,20250609,2025-06-09,2025-06-09 15:00:00,4,LATAM,Standard,1,381.42,38.14,381.42,343.28,PayPal
886,ORD_100886,1,90,CUST_0090,17,PROD_0017,Air Fryers Pro-Series 2,Home & Kitchen,20260721,2026-07-21,2026-07-21 23:00:00,4,LATAM,VIP,4,438.78,175.51,1755.12,1579.61,Debit Card
887,ORD_100887,1,288,CUST_0288,39,PROD_0039,Hardcover Novels Pro-Series 3,Books & Media,20251018,2025-10-18,2025-10-18 12:00:00,4,LATAM,Standard,1,217.64,21.76,217.64,195.88,PayPal
888,ORD_100888,1,80,CUST_0080,13,PROD_0013,Coffee Makers Pro-Series 1,Home & Kitchen,20260426,2026-04-26,2026-04-26 06:00:00,1,North America,Premium,1,177.25,17.73,177.25,159.52,Debit Card
889,ORD_100889,1,482,CUST_0482,26,PROD_0026,Men's Jackets Pro-Series 2,Apparel & Fashion,20260219,2026-02-19,2026-02-19 13:00:00,3,APAC,Standard,4,387.88,232.73,1551.52,1318.79,Apple Pay
890,ORD_100890,1,454,CUST_0454,3,PROD_0003,Smartphones Pro-Series 3,Consumer Electronics,20250314,2025-03-14,2025-03-14 13:00:00,1,North America,Standard,4,194.64,38.93,778.56,739.63,PayPal
891,ORD_100891,1,395,CUST_0395,23,PROD_0023,Robotic Vacuums Pro-Series 2,Home & Kitchen,20260323,2026-03-23,2026-03-23 08:00:00,4,LATAM,Premium,3,80.72,0.0,242.16,242.16,Debit Card
892,ORD_100892,1,127,CUST_0127,16,PROD_0016,Air Fryers Pro-Series 1,Home & Kitchen,20260311,2026-03-11,2026-03-11 23:00:00,4,LATAM,Standard,1,403.75,40.38,403.75,363.37,Credit Card
893,ORD_100893,1,310,CUST_0310,30,PROD_0030,Women's Sneakers Pro-Series 3,Apparel & Fashion,20250601,2025-06-01,2025-06-01 08:00:00,2,EMEA,Standard,3,378.05,56.71,1134.15,1077.44,PayPal
894,ORD_100894,1,395,CUST_0395,6,PROD_0006,Laptops Pro-Series 3,Consumer Electronics,20250113,2025-01-13,2025-01-13 03:00:00,4,LATAM,Premium,4,304.52,0.0,1218.08,1218.08,PayPal
895,ORD_100895,1,425,CUST_0425,28,PROD_0028,Women's Sneakers Pro-Series 1,Apparel & Fashion,20260310,2026-03-10,2026-03-10 05:00:00,3,APAC,Standard,3,301.74,135.78,905.22,769.44,Apple Pay
896,ORD_100896,1,446,CUST_0446,6,PROD_0006,Laptops Pro-Series 3,Consumer Electronics,20260226,2026-02-26,2026-02-26 23:00:00,1,North America,Standard,5,304.52,152.26,1522.6,1370.34,PayPal
897,ORD_100897,1,108,CUST_0108,26,PROD_0026,Men's Jackets Pro-Series 2,Apparel & Fashion,20251003,2025-10-03,2025-10-03 23:00:00,3,APAC,Standard,1,387.88,19.39,387.88,368.49,Debit Card
898,ORD_100898,1,36,CUST_0036,45,PROD_0045,Audiobooks Pro-Series 3,Books & Media,20250102,2025-01-02,2025-01-02 03:00:00,4,LATAM,Standard,5,512.51,384.38,2562.55,2178.17,Apple Pay
899,ORD_100899,1,91,CUST_0091,24,PROD_0024,Robotic Vacuums Pro-Series 3,Home & Kitchen,20260318,2026-03-18,2026-03-18 05:00:00,2,EMEA,Standard,2,106.82,10.68,213.64,202.96,Debit Card
900,ORD_100900,1,486,CUST_0486,8,PROD_0008,Audio Headphones Pro-Series 2,Consumer Electronics,20250706,2025-07-06,2025-07-06 16:00:00,4,LATAM,Premium,5,596.84,149.21,2984.2,2834.99,PayPal
901,ORD_100901,1,384,CUST_0384,12,PROD_0012,Smartwatches Pro-Series 3,Consumer Electronics,20250725,2025-07-25,2025-07-25 01:00:00,2,EMEA,Premium,3,414.15,186.37,1242.45,1056.08,Debit Card
902,ORD_100902,1,86,CUST_0086,6,PROD_0006,Laptops Pro-Series 3,Consumer Electronics,20250422,2025-04-22,2025-04-22 20:00:00,3,APAC,Premium,1,304.52,45.68,304.52,258.84,Credit Card
903,ORD_100903,1,176,CUST_0176,2,PROD_0002,Smartphones Pro-Series 2,Consumer Electronics,20251011,2025-10-11,2025-10-11 02:00:00,2,EMEA,Standard,4,484.7,290.82,1938.8,1647.98,Credit Card
904,ORD_100904,1,137,CUST_0137,1,PROD_0001,Smartphones Pro-Series 1,Consumer Electronics,20250110,2025-01-10,2025-01-10 01:00:00,1,North America,Premium,1,247.49,12.37,247.49,235.12,Credit Card
905,ORD_100905,1,267,CUST_0267,18,PROD_0018,Air Fryers Pro-Series 3,Home & Kitchen,20260120,2026-01-20,2026-01-20 19:00:00,4,LATAM,Standard,4,497.95,199.18,1991.8,1792.62,Debit Card
906,ORD_100906,1,350,CUST_0350,22,PROD_0022,Robotic Vacuums Pro-Series 1,Home & Kitchen,20251211,2025-12-11,2025-12-11 11:00:00,3,APAC,Standard,2,573.0,114.6,1146.0,1031.4,Debit Card
907,ORD_100907,1,30,CUST_0030,23,PROD_0023,Robotic Vacuums Pro-Series 2,Home & Kitchen,20260123,2026-01-23,2026-01-23 19:00:00,3,APAC,VIP,1,80.72,0.0,80.72,80.72,Debit Card
908,ORD_100908,1,428,CUST_0428,9,PROD_0009,Audio Headphones Pro-Series 3,Consumer Electronics,20260216,2026-02-16,2026-02-16 23:00:00,1,North America,Standard,5,512.06,0.0,2560.3,2560.3,Apple Pay
909,ORD_100909,1,232,CUST_0232,40,PROD_0040,Tech Guides Pro-Series 1,Books & Media,20250912,2025-09-12,2025-09-12 11:00:00,4,LATAM,Standard,5,507.6,380.7,2538.0,2157.3,PayPal
910,ORD_100910,1,491,CUST_0491,21,PROD_0021,Blenders Pro-Series 3,Home & Kitchen,20250104,2025-01-04,2025-01-04 20:00:00,1,North America,Standard,3,137.29,0.0,411.87,411.87,Apple Pay
911,ORD_100911,1,311,CUST_0311,32,PROD_0032,Sportswear Pro-Series 2,Apparel & Fashion,20260331,2026-03-31,2026-03-31 07:00:00,4,LATAM,Standard,5,106.55,0.0,532.75,532.75,Apple Pay
912,ORD_100912,1,338,CUST_0338,45,PROD_0045,Audiobooks Pro-Series 3,Books & Media,20260315,2026-03-15,2026-03-15 15:00:00,1,North America,Premium,4,512.51,205.0,2050.04,1845.04,PayPal
913,ORD_100913,1,449,CUST_0449,37,PROD_0037,Hardcover Novels Pro-Series 1,Books & Media,20250527,2025-05-27,2025-05-27 16:00:00,1,North America,VIP,2,271.24,81.37,542.48,461.11,Credit Card
914,ORD_100914,1,281,CUST_0281,30,PROD_0030,Women's Sneakers Pro-Series 3,Apparel & Fashion,20251105,2025-11-05,2025-11-05 21:00:00,2,EMEA,Standard,4,378.05,0.0,1512.2,1512.2,Debit Card
915,ORD_100915,1,125,CUST_0125,14,PROD_0014,Coffee Makers Pro-Series 2,Home & Kitchen,20260708,2026-07-08,2026-07-08 07:00:00,2,EMEA,Standard,1,94.28,0.0,94.28,94.28,Debit Card
916,ORD_100916,1,476,CUST_0476,21,PROD_0021,Blenders Pro-Series 3,Home & Kitchen,20250130,2025-01-30,2025-01-30 05:00:00,4,LATAM,Premium,3,137.29,20.59,411.87,391.28,Apple Pay
917,ORD_100917,1,64,CUST_0064,43,PROD_0043,Audiobooks Pro-Series 1,Books & Media,20260503,2026-05-03,2026-05-03 21:00:00,2,EMEA,VIP,5,262.83,197.12,1314.15,1117.03,Credit Card
918,ORD_100918,1,478,CUST_0478,37,PROD_0037,Hardcover Novels Pro-Series 1,Books & Media,20251207,2025-12-07,2025-12-07 07:00:00,1,North America,Premium,3,271.24,122.06,813.72,691.66,Debit Card
919,ORD_100919,1,414,CUST_0414,15,PROD_0015,Coffee Makers Pro-Series 3,Home & Kitchen,20260730,2026-07-30,2026-07-30 13:00:00,2,EMEA,Standard,3,397.04,0.0,1191.12,1191.12,Apple Pay
920,ORD_100920,1,46,CUST_0046,22,PROD_0022,Robotic Vacuums Pro-Series 1,Home & Kitchen,20250331,2025-03-31,2025-03-31 03:00:00,2,EMEA,Standard,1,573.0,57.3,573.0,515.7,PayPal
921,ORD_100921,1,296,CUST_0296,1,PROD_0001,Smartphones Pro-Series 1,Consumer Electronics,20251117,2025-11-17,2025-11-17 12:00:00,3,APAC,Standard,1,247.49,12.37,247.49,235.12,Debit Card
922,ORD_100922,1,395,CUST_0395,24,PROD_0024,Robotic Vacuums Pro-Series 3,Home & Kitchen,20260310,2026-03-10,2026-03-10 10:00:00,2,EMEA,Premium,5,106.82,26.7,534.1,507.4,Credit Card
923,ORD_100923,1,276,CUST_0276,30,PROD_0030,Women's Sneakers Pro-Series 3,Apparel & Fashion,20260209,2026-02-09,2026-02-09 00:00:00,3,APAC,Premium,2,378.05,75.61,756.1,680.49,PayPal
924,ORD_100924,1,234,CUST_0234,10,PROD_0010,Smartwatches Pro-Series 1,Consumer Electronics,20260527,2026-05-27,2026-05-27 21:00:00,3,APAC,VIP,2,238.77,0.0,477.54,477.54,Apple Pay
925,ORD_100925,1,353,CUST_0353,8,PROD_0008,Audio Headphones Pro-Series 2,Consumer Electronics,20251113,2025-11-13,2025-11-13 16:00:00,3,APAC,Standard,5,596.84,447.63,2984.2,2536.57,PayPal
926,ORD_100926,1,361,CUST_0361,25,PROD_0025,Men's Jackets Pro-Series 1,Apparel & Fashion,20260522,2026-05-22,2026-05-22 09:00:00,1,North America,Standard,3,381.42,57.21,1144.26,1087.05,PayPal
927,ORD_100927,1,377,CUST_0377,4,PROD_0004,Laptops Pro-Series 1,Consumer Electronics,20250819,2025-08-19,2025-08-19 22:00:00,2,EMEA,Standard,4,328.32,196.99,1313.28,1116.29,Apple Pay
928,ORD_100928,1,281,CUST_0281,26,PROD_0026,Men's Jackets Pro-Series 2,Apparel & Fashion,20250613,2025-06-13,2025-06-13 00:00:00,3,APAC,Standard,4,387.88,232.73,1551.52,1318.79,Apple Pay
929,ORD_100929,1,37,CUST_0037,34,PROD_0034,Watches Pro-Series 1,Apparel & Fashion,20260205,2026-02-05,2026-02-05 12:00:00,3,APAC,Premium,3,277.89,41.68,833.67,791.99,Debit Card
930,ORD_100930,1,166,CUST_0166,38,PROD_0038,Hardcover Novels Pro-Series 2,Books & Media,20250410,2025-04-10,2025-04-10 04:00:00,1,North America,Standard,3,157.75,70.99,473.25,402.26,PayPal
931,ORD_100931,1,227,CUST_0227,45,PROD_0045,Audiobooks Pro-Series 3,Books & Media,20260815,2026-08-15,2026-08-15 04:00:00,4,LATAM,Standard,3,512.51,76.88,1537.53,1460.65,PayPal
932,ORD_100932,1,101,CUST_0101,42,PROD_0042,Tech Guides Pro-Series 3,Books & Media,20250812,2025-08-12,2025-08-12 23:00:00,1,North America,Standard,3,201.79,0.0,605.37,605.37,PayPal
933,ORD_100933,1,348,CUST_0348,11,PROD_0011,Smartwatches Pro-Series 2,Consumer Electronics,20260121,2026-01-21,2026-01-21 13:00:00,1,North America,Standard,1,627.26,62.73,627.26,564.53,Debit Card
934,ORD_100934,1,61,CUST_0061,33,PROD_0033,Sportswear Pro-Series 3,Apparel & Fashion,20250703,2025-07-03,2025-07-03 01:00:00,3,APAC,VIP,5,230.01,172.51,1150.05,977.54,PayPal
935,ORD_100935,1,18,CUST_0018,8,PROD_0008,Audio Headphones Pro-Series 2,Consumer Electronics,20260218,2026-02-18,2026-02-18 07:00:00,2,EMEA,Standard,4,596.84,358.1,2387.36,2029.26,Apple Pay
936,ORD_100936,1,382,CUST_0382,25,PROD_0025,Men's Jackets Pro-Series 1,Apparel & Fashion,20250626,2025-06-26,2025-06-26 20:00:00,1,North America,Premium,4,381.42,228.85,1525.68,1296.83,Apple Pay
937,ORD_100937,1,6,CUST_0006,8,PROD_0008,Audio Headphones Pro-Series 2,Consumer Electronics,20260401,2026-04-01,2026-04-01 11:00:00,1,North America,Premium,1,596.84,0.0,596.84,596.84,Debit Card
938,ORD_100938,1,12,CUST_0012,38,PROD_0038,Hardcover Novels Pro-Series 2,Books & Media,20260606,2026-06-06,2026-06-06 07:00:00,4,LATAM,VIP,3,157.75,0.0,473.25,473.25,PayPal
939,ORD_100939,1,331,CUST_0331,45,PROD_0045,Audiobooks Pro-Series 3,Books & Media,20260129,2026-01-29,2026-01-29 15:00:00,4,LATAM,Standard,3,512.51,76.88,1537.53,1460.65,Credit Card
940,ORD_100940,1,366,CUST_0366,35,PROD_0035,Watches Pro-Series 2,Apparel & Fashion,20251130,2025-11-30,2025-11-30 02:00:00,2,EMEA,Premium,4,495.6,0.0,1982.4,1982.4,Debit Card
941,ORD_100941,1,402,CUST_0402,34,PROD_0034,Watches Pro-Series 1,Apparel & Fashion,20260724,2026-07-24,2026-07-24 17:00:00,4,LATAM,Standard,1,277.89,0.0,277.89,277.89,PayPal
942,ORD_100942,1,442,CUST_0442,39,PROD_0039,Hardcover Novels Pro-Series 3,Books & Media,20250501,2025-05-01,2025-05-01 05:00:00,2,EMEA,Standard,1,217.64,32.65,217.64,184.99,Apple Pay
943,ORD_100943,1,66,CUST_0066,37,PROD_0037,Hardcover Novels Pro-Series 1,Books & Media,20250506,2025-05-06,2025-05-06 01:00:00,2,EMEA,Standard,2,271.24,0.0,542.48,542.48,Apple Pay
944,ORD_100944,1,64,CUST_0064,33,PROD_0033,Sportswear Pro-Series 3,Apparel & Fashion,20250205,2025-02-05,2025-02-05 02:00:00,3,APAC,VIP,3,230.01,34.5,690.03,655.53,Debit Card
945,ORD_100945,1,154,CUST_0154,3,PROD_0003,Smartphones Pro-Series 3,Consumer Electronics,20250101,2025-01-01,2025-01-01 07:00:00,3,APAC,Standard,5,194.64,145.98,973.2,827.22,PayPal
946,ORD_100946,1,356,CUST_0356,21,PROD_0021,Blenders Pro-Series 3,Home & Kitchen,20260814,2026-08-14,2026-08-14 15:00:00,3,APAC,Premium,5,137.29,34.32,686.45,652.13,Credit Card
947,ORD_100947,1,19,CUST_0019,13,PROD_0013,Coffee Makers Pro-Series 1,Home & Kitchen,20250215,2025-02-15,2025-02-15 07:00:00,2,EMEA,Standard,3,177.25,26.59,531.75,505.16,PayPal
948,ORD_100948,1,303,CUST_0303,23,PROD_0023,Robotic Vacuums Pro-Series 2,Home & Kitchen,20260720,2026-07-20,2026-07-20 06:00:00,3,APAC,Standard,2,80.72,24.22,161.44,137.22,Credit Card
949,ORD_100949,1,134,CUST_0134,25,PROD_0025,Men's Jackets Pro-Series 1,Apparel & Fashion,20260718,2026-07-18,2026-07-18 08:00:00,2,EMEA,Premium,4,381.42,228.85,1525.68,1296.83,Credit Card
950,ORD_100950,1,218,CUST_0218,45,PROD_0045,Audiobooks Pro-Series 3,Books & Media,20250918,2025-09-18,2025-09-18 21:00:00,2,EMEA,Standard,5,512.51,128.13,2562.55,2434.42,Credit Card
951,ORD_100951,1,357,CUST_0357,42,PROD_0042,Tech Guides Pro-Series 3,Books & Media,20251003,2025-10-03,2025-10-03 20:00:00,2,EMEA,Premium,3,201.79,30.27,605.37,575.1,Debit Card
952,ORD_100952,1,404,CUST_0404,28,PROD_0028,Women's Sneakers Pro-Series 1,Apparel & Fashion,20250607,2025-06-07,2025-06-07 10:00:00,4,LATAM,Premium,1,301.74,15.09,301.74,286.65,Credit Card
953,ORD_100953,1,273,CUST_0273,8,PROD_0008,Audio Headphones Pro-Series 2,Consumer Electronics,20251004,2025-10-04,2025-10-04 03:00:00,4,LATAM,Premium,1,596.84,59.68,596.84,537.16,Credit Card
954,ORD_100954,1,399,CUST_0399,18,PROD_0018,Air Fryers Pro-Series 3,Home & Kitchen,20260107,2026-01-07,2026-01-07 10:00:00,2,EMEA,Standard,2,497.95,99.59,995.9,896.31,Credit Card
955,ORD_100955,1,497,CUST_0497,15,PROD_0015,Coffee Makers Pro-Series 3,Home & Kitchen,20250411,2025-04-11,2025-04-11 12:00:00,4,LATAM,Premium,1,397.04,0.0,397.04,397.04,PayPal
956,ORD_100956,1,449,CUST_0449,20,PROD_0020,Blenders Pro-Series 2,Home & Kitchen,20260624,2026-06-24,2026-06-24 23:00:00,4,LATAM,VIP,1,80.82,8.08,80.82,72.74,Apple Pay
957,ORD_100957,1,312,CUST_0312,7,PROD_0007,Audio Headphones Pro-Series 1,Consumer Electronics,20260719,2026-07-19,2026-07-19 08:00:00,1,North America,Standard,2,136.35,27.27,272.7,245.43,Debit Card
958,ORD_100958,1,413,CUST_0413,44,PROD_0044,Audiobooks Pro-Series 2,Books & Media,20250705,2025-07-05,2025-07-05 11:00:00,4,LATAM,Standard,4,86.85,17.37,347.4,330.03,Apple Pay
959,ORD_100959,1,263,CUST_0263,10,PROD_0010,Smartwatches Pro-Series 1,Consumer Electronics,20250110,2025-01-10,2025-01-10 21:00:00,2,EMEA,Standard,2,238.77,71.63,477.54,405.91,Apple Pay
960,ORD_100960,1,328,CUST_0328,24,PROD_0024,Robotic Vacuums Pro-Series 3,Home & Kitchen,20250224,2025-02-24,2025-02-24 23:00:00,2,EMEA,Standard,5,106.82,80.11,534.1,453.99,Debit Card
961,ORD_100961,1,182,CUST_0182,30,PROD_0030,Women's Sneakers Pro-Series 3,Apparel & Fashion,20250707,2025-07-07,2025-07-07 14:00:00,3,APAC,Standard,3,378.05,170.12,1134.15,964.03,PayPal
962,ORD_100962,1,440,CUST_0440,6,PROD_0006,Laptops Pro-Series 3,Consumer Electronics,20251109,2025-11-09,2025-11-09 20:00:00,3,APAC,Standard,4,304.52,121.81,1218.08,1096.27,Credit Card
963,ORD_100963,1,374,CUST_0374,16,PROD_0016,Air Fryers Pro-Series 1,Home & Kitchen,20250323,2025-03-23,2025-03-23 02:00:00,1,North America,Premium,2,403.75,0.0,807.5,807.5,Credit Card
964,ORD_100964,1,476,CUST_0476,32,PROD_0032,Sportswear Pro-Series 2,Apparel & Fashion,20251020,2025-10-20,2025-10-20 17:00:00,1,North America,Premium,4,106.55,21.31,426.2,404.89,Debit Card
965,ORD_100965,1,351,CUST_0351,44,PROD_0044,Audiobooks Pro-Series 2,Books & Media,20260525,2026-05-25,2026-05-25 16:00:00,1,North America,Standard,4,86.85,0.0,347.4,347.4,PayPal
966,ORD_100966,1,218,CUST_0218,45,PROD_0045,Audiobooks Pro-Series 3,Books & Media,20250108,2025-01-08,2025-01-08 22:00:00,3,APAC,Standard,2,512.51,0.0,1025.02,1025.02,Debit Card
967,ORD_100967,1,477,CUST_0477,34,PROD_0034,Watches Pro-Series 1,Apparel & Fashion,20250622,2025-06-22,2025-06-22 21:00:00,2,EMEA,VIP,2,277.89,0.0,555.78,555.78,Apple Pay
968,ORD_100968,1,181,CUST_0181,4,PROD_0004,Laptops Pro-Series 1,Consumer Electronics,20250517,2025-05-17,2025-05-17 16:00:00,4,LATAM,Premium,4,328.32,196.99,1313.28,1116.29,PayPal
969,ORD_100969,1,174,CUST_0174,44,PROD_0044,Audiobooks Pro-Series 2,Books & Media,20260118,2026-01-18,2026-01-18 03:00:00,2,EMEA,Standard,5,86.85,0.0,434.25,434.25,Apple Pay
970,ORD_100970,1,151,CUST_0151,17,PROD_0017,Air Fryers Pro-Series 2,Home & Kitchen,20251103,2025-11-03,2025-11-03 15:00:00,2,EMEA,Standard,1,438.78,65.82,438.78,372.96,PayPal
971,ORD_100971,1,264,CUST_0264,3,PROD_0003,Smartphones Pro-Series 3,Consumer Electronics,20251109,2025-11-09,2025-11-09 20:00:00,4,LATAM,Premium,5,194.64,145.98,973.2,827.22,Credit Card
972,ORD_100972,1,316,CUST_0316,30,PROD_0030,Women's Sneakers Pro-Series 3,Apparel & Fashion,20251231,2025-12-31,2025-12-31 00:00:00,3,APAC,Standard,3,378.05,113.42,1134.15,1020.73,Credit Card
973,ORD_100973,1,456,CUST_0456,12,PROD_0012,Smartwatches Pro-Series 3,Consumer Electronics,20250106,2025-01-06,2025-01-06 11:00:00,4,LATAM,Standard,3,414.15,0.0,1242.45,1242.45,Credit Card
974,ORD_100974,1,102,CUST_0102,6,PROD_0006,Laptops Pro-Series 3,Consumer Electronics,20260318,2026-03-18,2026-03-18 15:00:00,2,EMEA,Premium,4,304.52,0.0,1218.08,1218.08,Debit Card
975,ORD_100975,1,394,CUST_0394,43,PROD_0043,Audiobooks Pro-Series 1,Books & Media,20250108,2025-01-08,2025-01-08 04:00:00,3,APAC,Premium,2,262.83,78.85,525.66,446.81,Debit Card
976,ORD_100976,1,187,CUST_0187,28,PROD_0028,Women's Sneakers Pro-Series 1,Apparel & Fashion,20260119,2026-01-19,2026-01-19 09:00:00,2,EMEA,Standard,5,301.74,150.87,1508.7,1357.83,Credit Card
977,ORD_100977,1,430,CUST_0430,29,PROD_0029,Women's Sneakers Pro-Series 2,Apparel & Fashion,20260326,2026-03-26,2026-03-26 21:00:00,2,EMEA,Standard,2,420.39,84.08,840.78,756.7,Debit Card
978,ORD_100978,1,453,CUST_0453,13,PROD_0013,Coffee Makers Pro-Series 1,Home & Kitchen,20250106,2025-01-06,2025-01-06 11:00:00,1,North America,Premium,2,177.25,35.45,354.5,319.05,Credit Card
979,ORD_100979,1,216,CUST_0216,22,PROD_0022,Robotic Vacuums Pro-Series 1,Home & Kitchen,20250517,2025-05-17,2025-05-17 12:00:00,1,North America,Standard,2,573.0,57.3,1146.0,1088.7,Debit Card
980,ORD_100980,1,216,CUST_0216,32,PROD_0032,Sportswear Pro-Series 2,Apparel & Fashion,20250930,2025-09-30,2025-09-30 03:00:00,4,LATAM,Standard,2,106.55,21.31,213.1,191.79,Debit Card
981,ORD_100981,1,473,CUST_0473,25,PROD_0025,Men's Jackets Pro-Series 1,Apparel & Fashion,20260529,2026-05-29,2026-05-29 23:00:00,2,EMEA,Standard,1,381.42,0.0,381.42,381.42,Credit Card
982,ORD_100982,1,177,CUST_0177,33,PROD_0033,Sportswear Pro-Series 3,Apparel & Fashion,20250510,2025-05-10,2025-05-10 04:00:00,1,North America,Premium,2,230.01,0.0,460.02,460.02,Apple Pay
983,ORD_100983,1,378,CUST_0378,1,PROD_0001,Smartphones Pro-Series 1,Consumer Electronics,20260316,2026-03-16,2026-03-16 19:00:00,4,LATAM,Standard,4,247.49,99.0,989.96,890.96,Apple Pay
984,ORD_100984,1,390,CUST_0390,28,PROD_0028,Women's Sneakers Pro-Series 1,Apparel & Fashion,20260513,2026-05-13,2026-05-13 02:00:00,2,EMEA,Premium,5,301.74,75.44,1508.7,1433.26,PayPal
985,ORD_100985,1,393,CUST_0393,8,PROD_0008,Audio Headphones Pro-Series 2,Consumer Electronics,20250913,2025-09-13,2025-09-13 08:00:00,3,APAC,VIP,2,596.84,179.05,1193.68,1014.63,PayPal
986,ORD_100986,1,401,CUST_0401,7,PROD_0007,Audio Headphones Pro-Series 1,Consumer Electronics,20260501,2026-05-01,2026-05-01 22:00:00,2,EMEA,Standard,2,136.35,13.63,272.7,259.07,PayPal
987,ORD_100987,1,206,CUST_0206,3,PROD_0003,Smartphones Pro-Series 3,Consumer Electronics,20250504,2025-05-04,2025-05-04 04:00:00,3,APAC,Standard,2,194.64,19.46,389.28,369.82,Debit Card
988,ORD_100988,1,103,CUST_0103,6,PROD_0006,Laptops Pro-Series 3,Consumer Electronics,20250119,2025-01-19,2025-01-19 19:00:00,1,North America,Premium,4,304.52,182.71,1218.08,1035.37,Apple Pay
989,ORD_100989,1,173,CUST_0173,28,PROD_0028,Women's Sneakers Pro-Series 1,Apparel & Fashion,20250825,2025-08-25,2025-08-25 07:00:00,4,LATAM,Premium,1,301.74,45.26,301.74,256.48,Credit Card
990,ORD_100990,1,138,CUST_0138,24,PROD_0024,Robotic Vacuums Pro-Series 3,Home & Kitchen,20251108,2025-11-08,2025-11-08 03:00:00,3,APAC,Premium,3,106.82,48.07,320.46,272.39,PayPal
991,ORD_100991,1,94,CUST_0094,3,PROD_0003,Smartphones Pro-Series 3,Consumer Electronics,20251124,2025-11-24,2025-11-24 01:00:00,1,North America,Premium,1,194.64,19.46,194.64,175.18,PayPal
992,ORD_100992,1,144,CUST_0144,39,PROD_0039,Hardcover Novels Pro-Series 3,Books & Media,20251020,2025-10-20,2025-10-20 15:00:00,1,North America,Premium,4,217.64,43.53,870.56,827.03,Apple Pay
993,ORD_100993,1,172,CUST_0172,20,PROD_0020,Blenders Pro-Series 2,Home & Kitchen,20260519,2026-05-19,2026-05-19 11:00:00,1,North America,Standard,1,80.82,0.0,80.82,80.82,PayPal
994,ORD_100994,1,380,CUST_0380,24,PROD_0024,Robotic Vacuums Pro-Series 3,Home & Kitchen,20251206,2025-12-06,2025-12-06 11:00:00,3,APAC,Premium,2,106.82,21.36,213.64,192.28,PayPal
995,ORD_100995,1,45,CUST_0045,7,PROD_0007,Audio Headphones Pro-Series 1,Consumer Electronics,20260822,2026-08-22,2026-08-22 12:00:00,2,EMEA,Premium,5,136.35,0.0,681.75,681.75,Credit Card
996,ORD_100996,1,419,CUST_0419,13,PROD_0013,Coffee Makers Pro-Series 1,Home & Kitchen,20260824,2026-08-24,2026-08-24 20:00:00,2,EMEA,VIP,4,177.25,0.0,709.0,709.0,Credit Card
997,ORD_100997,1,176,CUST_0176,20,PROD_0020,Blenders Pro-Series 2,Home & Kitchen,20260714,2026-07-14,2026-07-14 19:00:00,4,LATAM,Standard,2,80.82,8.08,161.64,153.56,Credit Card
998,ORD_100998,1,215,CUST_0215,36,PROD_0036,Watches Pro-Series 3,Apparel & Fashion,20250511,2025-05-11,2025-05-11 06:00:00,3,APAC,Premium,5,387.69,193.85,1938.45,1744.6,Apple Pay
999,ORD_100999,1,368,CUST_0368,8,PROD_0008,Audio Headphones Pro-Series 2,Consumer Electronics,20260405,2026-04-05,2026-04-05 20:00:00,4,LATAM,Premium,1,596.84,89.53,596.84,507.31,Debit Card
1000,ORD_101000,1,405,CUST_0405,2,PROD_0002,Smartphones Pro-Series 2,Consumer Electronics,20260621,2026-06-21,2026-06-21 16:00:00,2,EMEA,Standard,5,484.7,242.35,2423.5,2181.15,PayPal
1001,ORD_101001,1,490,CUST_0490,37,PROD_0037,Hardcover Novels Pro-Series 1,Books & Media,20251024,2025-10-24,2025-10-24 01:00:00,1,North America,VIP,2,271.24,81.37,542.48,461.11,Debit Card
1002,ORD_101002,1,498,CUST_0498,5,PROD_0005,Laptops Pro-Series 2,Consumer Electronics,20260630,2026-06-30,2026-06-30 16:00:00,2,EMEA,Standard,4,144.32,86.59,577.28,490.69,Debit Card
1003,ORD_101003,1,140,CUST_0140,14,PROD_0014,Coffee Makers Pro-Series 2,Home & Kitchen,20260215,2026-02-15,2026-02-15 19:00:00,2,EMEA,Standard,1,94.28,4.71,94.28,89.57,PayPal
1004,ORD_101004,1,234,CUST_0234,33,PROD_0033,Sportswear Pro-Series 3,Apparel & Fashion,20250110,2025-01-10,2025-01-10 16:00:00,3,APAC,VIP,3,230.01,34.5,690.03,655.53,Apple Pay
1005,ORD_101005,1,61,CUST_0061,11,PROD_0011,Smartwatches Pro-Series 2,Consumer Electronics,20251002,2025-10-02,2025-10-02 17:00:00,2,EMEA,VIP,1,627.26,31.36,627.26,595.9,Apple Pay
1006,ORD_101006,1,76,CUST_0076,18,PROD_0018,Air Fryers Pro-Series 3,Home & Kitchen,20250210,2025-02-10,2025-02-10 20:00:00,2,EMEA,Premium,3,497.95,0.0,1493.85,1493.85,PayPal
1007,ORD_101007,1,60,CUST_0060,1,PROD_0001,Smartphones Pro-Series 1,Consumer Electronics,20250804,2025-08-04,2025-08-04 17:00:00,3,APAC,Standard,5,247.49,123.75,1237.45,1113.7,Apple Pay
1008,ORD_101008,1,453,CUST_0453,36,PROD_0036,Watches Pro-Series 3,Apparel & Fashion,20250327,2025-03-27,2025-03-27 22:00:00,3,APAC,Premium,2,387.69,116.31,775.38,659.07,Apple Pay
1009,ORD_101009,1,321,CUST_0321,1,PROD_0001,Smartphones Pro-Series 1,Consumer Electronics,20251129,2025-11-29,2025-11-29 01:00:00,3,APAC,Standard,2,247.49,49.5,494.98,445.48,PayPal
1010,ORD_101010,1,276,CUST_0276,43,PROD_0043,Audiobooks Pro-Series 1,Books & Media,20250920,2025-09-20,2025-09-20 00:00:00,1,North America,Premium,4,262.83,105.13,1051.32,946.19,PayPal
1011,ORD_101011,1,167,CUST_0167,18,PROD_0018,Air Fryers Pro-Series 3,Home & Kitchen,20260329,2026-03-29,2026-03-29 07:00:00,2,EMEA,Standard,5,497.95,373.46,2489.75,2116.29,PayPal
1012,ORD_101012,1,374,CUST_0374,28,PROD_0028,Women's Sneakers Pro-Series 1,Apparel & Fashion,20260402,2026-04-02,2026-04-02 07:00:00,3,APAC,Premium,2,301.74,90.52,603.48,512.96,Credit Card
1013,ORD_101013,1,236,CUST_0236,12,PROD_0012,Smartwatches Pro-Series 3,Consumer Electronics,20260523,2026-05-23,2026-05-23 05:00:00,2,EMEA,Standard,2,414.15,124.24,828.3,704.06,PayPal
1014,ORD_101014,1,159,CUST_0159,11,PROD_0011,Smartwatches Pro-Series 2,Consumer Electronics,20251016,2025-10-16,2025-10-16 00:00:00,2,EMEA,Standard,4,627.26,125.45,2509.04,2383.59,Credit Card
1015,ORD_101015,1,219,CUST_0219,16,PROD_0016,Air Fryers Pro-Series 1,Home & Kitchen,20250527,2025-05-27,2025-05-27 02:00:00,4,LATAM,Standard,4,403.75,0.0,1615.0,1615.0,PayPal
1016,ORD_101016,1,52,CUST_0052,25,PROD_0025,Men's Jackets Pro-Series 1,Apparel & Fashion,20250113,2025-01-13,2025-01-13 19:00:00,4,LATAM,Standard,1,381.42,0.0,381.42,381.42,Credit Card
1017,ORD_101017,1,128,CUST_0128,6,PROD_0006,Laptops Pro-Series 3,Consumer Electronics,20250214,2025-02-14,2025-02-14 04:00:00,3,APAC,Premium,2,304.52,0.0,609.04,609.04,Credit Card
1018,ORD_101018,1,377,CUST_0377,22,PROD_0022,Robotic Vacuums Pro-Series 1,Home & Kitchen,20250419,2025-04-19,2025-04-19 17:00:00,1,North America,Standard,2,573.0,57.3,1146.0,1088.7,Debit Card
1019,ORD_101019,1,418,CUST_0418,11,PROD_0011,Smartwatches Pro-Series 2,Consumer Electronics,20260731,2026-07-31,2026-07-31 14:00:00,3,APAC,Standard,3,627.26,282.27,1881.78,1599.51,PayPal
1020,ORD_101020,1,279,CUST_0279,45,PROD_0045,Audiobooks Pro-Series 3,Books & Media,20250907,2025-09-07,2025-09-07 01:00:00,3,APAC,Standard,5,512.51,0.0,2562.55,2562.55,Credit Card
1021,ORD_101021,1,279,CUST_0279,19,PROD_0019,Blenders Pro-Series 1,Home & Kitchen,20250215,2025-02-15,2025-02-15 03:00:00,1,North America,Standard,5,523.93,392.95,2619.65,2226.7,PayPal
1022,ORD_101022,1,13,CUST_0013,15,PROD_0015,Coffee Makers Pro-Series 3,Home & Kitchen,20250102,2025-01-02,2025-01-02 07:00:00,4,LATAM,Standard,4,397.04,79.41,1588.16,1508.75,Apple Pay
1023,ORD_101023,1,472,CUST_0472,44,PROD_0044,Audiobooks Pro-Series 2,Books & Media,20251021,2025-10-21,2025-10-21 07:00:00,4,LATAM,Premium,1,86.85,13.03,86.85,73.82,PayPal
1024,ORD_101024,1,53,CUST_0053,19,PROD_0019,Blenders Pro-Series 1,Home & Kitchen,20250423,2025-04-23,2025-04-23 07:00:00,3,APAC,Standard,1,523.93,52.39,523.93,471.54,Credit Card
1025,ORD_101025,1,459,CUST_0459,3,PROD_0003,Smartphones Pro-Series 3,Consumer Electronics,20260105,2026-01-05,2026-01-05 02:00:00,2,EMEA,Premium,2,194.64,58.39,389.28,330.89,Apple Pay
1026,ORD_101026,1,218,CUST_0218,10,PROD_0010,Smartwatches Pro-Series 1,Consumer Electronics,20250705,2025-07-05,2025-07-05 21:00:00,3,APAC,Standard,5,238.77,119.39,1193.85,1074.46,Apple Pay
1027,ORD_101027,1,470,CUST_0470,32,PROD_0032,Sportswear Pro-Series 2,Apparel & Fashion,20250417,2025-04-17,2025-04-17 08:00:00,3,APAC,Standard,3,106.55,0.0,319.65,319.65,Credit Card
1028,ORD_101028,1,76,CUST_0076,21,PROD_0021,Blenders Pro-Series 3,Home & Kitchen,20250602,2025-06-02,2025-06-02 20:00:00,2,EMEA,Premium,4,137.29,82.37,549.16,466.79,Debit Card
1029,ORD_101029,1,296,CUST_0296,28,PROD_0028,Women's Sneakers Pro-Series 1,Apparel & Fashion,20250310,2025-03-10,2025-03-10 03:00:00,3,APAC,Standard,2,301.74,0.0,603.48,603.48,Apple Pay
1030,ORD_101030,1,393,CUST_0393,25,PROD_0025,Men's Jackets Pro-Series 1,Apparel & Fashion,20250511,2025-05-11,2025-05-11 05:00:00,3,APAC,VIP,3,381.42,171.64,1144.26,972.62,Debit Card
1031,ORD_101031,1,499,CUST_0499,27,PROD_0027,Men's Jackets Pro-Series 3,Apparel & Fashion,20260508,2026-05-08,2026-05-08 22:00:00,3,APAC,Standard,2,452.99,45.3,905.98,860.68,Debit Card
1032,ORD_101032,1,255,CUST_0255,35,PROD_0035,Watches Pro-Series 2,Apparel & Fashion,20260305,2026-03-05,2026-03-05 17:00:00,4,LATAM,Standard,5,495.6,123.9,2478.0,2354.1,Debit Card
1033,ORD_101033,1,367,CUST_0367,27,PROD_0027,Men's Jackets Pro-Series 3,Apparel & Fashion,20250327,2025-03-27,2025-03-27 18:00:00,2,EMEA,Standard,1,452.99,22.65,452.99,430.34,Apple Pay
1034,ORD_101034,1,436,CUST_0436,2,PROD_0002,Smartphones Pro-Series 2,Consumer Electronics,20250103,2025-01-03,2025-01-03 06:00:00,3,APAC,Premium,5,484.7,363.52,2423.5,2059.98,PayPal
1035,ORD_101035,1,467,CUST_0467,23,PROD_0023,Robotic Vacuums Pro-Series 2,Home & Kitchen,20250423,2025-04-23,2025-04-23 01:00:00,3,APAC,Premium,2,80.72,16.14,161.44,145.3,Debit Card
1036,ORD_101036,1,498,CUST_0498,27,PROD_0027,Men's Jackets Pro-Series 3,Apparel & Fashion,20250528,2025-05-28,2025-05-28 17:00:00,2,EMEA,Standard,2,452.99,45.3,905.98,860.68,Credit Card
1037,ORD_101037,1,493,CUST_0493,45,PROD_0045,Audiobooks Pro-Series 3,Books & Media,20250522,2025-05-22,2025-05-22 03:00:00,2,EMEA,Premium,4,512.51,0.0,2050.04,2050.04,Debit Card
1038,ORD_101038,1,360,CUST_0360,7,PROD_0007,Audio Headphones Pro-Series 1,Consumer Electronics,20260116,2026-01-16,2026-01-16 01:00:00,1,North America,Premium,4,136.35,27.27,545.4,518.13,Credit Card
1039,ORD_101039,1,73,CUST_0073,6,PROD_0006,Laptops Pro-Series 3,Consumer Electronics,20250531,2025-05-31,2025-05-31 11:00:00,2,EMEA,Premium,1,304.52,0.0,304.52,304.52,Debit Card
1040,ORD_101040,1,241,CUST_0241,9,PROD_0009,Audio Headphones Pro-Series 3,Consumer Electronics,20250603,2025-06-03,2025-06-03 05:00:00,3,APAC,Standard,4,512.06,307.24,2048.24,1741.0,Apple Pay
1041,ORD_101041,1,356,CUST_0356,1,PROD_0001,Smartphones Pro-Series 1,Consumer Electronics,20260331,2026-03-31,2026-03-31 20:00:00,3,APAC,Premium,1,247.49,12.37,247.49,235.12,Credit Card
1042,ORD_101042,1,385,CUST_0385,12,PROD_0012,Smartwatches Pro-Series 3,Consumer Electronics,20250202,2025-02-02,2025-02-02 19:00:00,2,EMEA,Standard,1,414.15,62.12,414.15,352.03,Debit Card
1043,ORD_101043,1,365,CUST_0365,17,PROD_0017,Air Fryers Pro-Series 2,Home & Kitchen,20260411,2026-04-11,2026-04-11 17:00:00,3,APAC,Standard,2,438.78,131.63,877.56,745.93,PayPal
1044,ORD_101044,1,268,CUST_0268,25,PROD_0025,Men's Jackets Pro-Series 1,Apparel & Fashion,20251006,2025-10-06,2025-10-06 02:00:00,2,EMEA,Premium,2,381.42,114.43,762.84,648.41,Credit Card
1045,ORD_101045,1,95,CUST_0095,36,PROD_0036,Watches Pro-Series 3,Apparel & Fashion,20250813,2025-08-13,2025-08-13 12:00:00,1,North America,Premium,4,387.69,232.61,1550.76,1318.15,Apple Pay
1046,ORD_101046,1,85,CUST_0085,4,PROD_0004,Laptops Pro-Series 1,Consumer Electronics,20260219,2026-02-19,2026-02-19 12:00:00,3,APAC,Standard,4,328.32,65.66,1313.28,1247.62,Apple Pay
1047,ORD_101047,1,40,CUST_0040,24,PROD_0024,Robotic Vacuums Pro-Series 3,Home & Kitchen,20250422,2025-04-22,2025-04-22 03:00:00,3,APAC,Standard,1,106.82,5.34,106.82,101.48,Apple Pay
1048,ORD_101048,1,55,CUST_0055,5,PROD_0005,Laptops Pro-Series 2,Consumer Electronics,20250616,2025-06-16,2025-06-16 17:00:00,2,EMEA,Standard,5,144.32,0.0,721.6,721.6,Apple Pay
1049,ORD_101049,1,104,CUST_0104,41,PROD_0041,Tech Guides Pro-Series 2,Books & Media,20250712,2025-07-12,2025-07-12 17:00:00,1,North America,VIP,2,539.9,107.98,1079.8,971.82,Credit Card
1050,ORD_101050,1,23,CUST_0023,37,PROD_0037,Hardcover Novels Pro-Series 1,Books & Media,20260807,2026-08-07,2026-08-07 18:00:00,4,LATAM,Premium,1,271.24,0.0,271.24,271.24,Apple Pay
1051,ORD_101051,1,5,CUST_0005,23,PROD_0023,Robotic Vacuums Pro-Series 2,Home & Kitchen,20250406,2025-04-06,2025-04-06 09:00:00,3,APAC,Standard,4,80.72,16.14,322.88,306.74,Apple Pay
1052,ORD_101052,1,183,CUST_0183,9,PROD_0009,Audio Headphones Pro-Series 3,Consumer Electronics,20260205,2026-02-05,2026-02-05 23:00:00,1,North America,VIP,3,512.06,230.43,1536.18,1305.75,Credit Card
1053,ORD_101053,1,13,CUST_0013,38,PROD_0038,Hardcover Novels Pro-Series 2,Books & Media,20260530,2026-05-30,2026-05-30 04:00:00,4,LATAM,Standard,4,157.75,0.0,631.0,631.0,Apple Pay
1054,ORD_101054,1,350,CUST_0350,30,PROD_0030,Women's Sneakers Pro-Series 3,Apparel & Fashion,20250615,2025-06-15,2025-06-15 04:00:00,1,North America,Standard,1,378.05,18.9,378.05,359.15,PayPal
1055,ORD_101055,1,83,CUST_0083,33,PROD_0033,Sportswear Pro-Series 3,Apparel & Fashion,20250525,2025-05-25,2025-05-25 22:00:00,3,APAC,Premium,4,230.01,46.0,920.04,874.04,Apple Pay
1056,ORD_101056,1,320,CUST_0320,28,PROD_0028,Women's Sneakers Pro-Series 1,Apparel & Fashion,20251025,2025-10-25,2025-10-25 11:00:00,1,North America,Premium,4,301.74,60.35,1206.96,1146.61,PayPal
1057,ORD_101057,1,291,CUST_0291,41,PROD_0041,Tech Guides Pro-Series 2,Books & Media,20250318,2025-03-18,2025-03-18 04:00:00,4,LATAM,Premium,1,539.9,0.0,539.9,539.9,PayPal
1058,ORD_101058,1,445,CUST_0445,6,PROD_0006,Laptops Pro-Series 3,Consumer Electronics,20251113,2025-11-13,2025-11-13 17:00:00,4,LATAM,Standard,1,304.52,45.68,304.52,258.84,Apple Pay
1059,ORD_101059,1,83,CUST_0083,5,PROD_0005,Laptops Pro-Series 2,Consumer Electronics,20250623,2025-06-23,2025-06-23 09:00:00,3,APAC,Premium,5,144.32,72.16,721.6,649.44,Apple Pay
1060,ORD_101060,1,92,CUST_0092,30,PROD_0030,Women's Sneakers Pro-Series 3,Apparel & Fashion,20250402,2025-04-02,2025-04-02 02:00:00,3,APAC,VIP,4,378.05,151.22,1512.2,1360.98,Debit Card
1061,ORD_101061,1,498,CUST_0498,37,PROD_0037,Hardcover Novels Pro-Series 1,Books & Media,20250524,2025-05-24,2025-05-24 03:00:00,4,LATAM,Standard,1,271.24,27.12,271.24,244.12,Apple Pay
1062,ORD_101062,1,439,CUST_0439,40,PROD_0040,Tech Guides Pro-Series 1,Books & Media,20260215,2026-02-15,2026-02-15 13:00:00,2,EMEA,Standard,4,507.6,203.04,2030.4,1827.36,Apple Pay
1063,ORD_101063,1,350,CUST_0350,27,PROD_0027,Men's Jackets Pro-Series 3,Apparel & Fashion,20260118,2026-01-18,2026-01-18 02:00:00,4,LATAM,Standard,3,452.99,0.0,1358.97,1358.97,Credit Card
1064,ORD_101064,1,421,CUST_0421,36,PROD_0036,Watches Pro-Series 3,Apparel & Fashion,20250908,2025-09-08,2025-09-08 22:00:00,1,North America,Standard,2,387.69,0.0,775.38,775.38,Apple Pay
1065,ORD_101065,1,292,CUST_0292,26,PROD_0026,Men's Jackets Pro-Series 2,Apparel & Fashion,20260120,2026-01-20,2026-01-20 05:00:00,1,North America,Standard,2,387.88,116.36,775.76,659.4,Debit Card
1066,ORD_101066,1,239,CUST_0239,30,PROD_0030,Women's Sneakers Pro-Series 3,Apparel & Fashion,20250406,2025-04-06,2025-04-06 11:00:00,4,LATAM,Standard,1,378.05,0.0,378.05,378.05,PayPal
1067,ORD_101067,1,394,CUST_0394,28,PROD_0028,Women's Sneakers Pro-Series 1,Apparel & Fashion,20250421,2025-04-21,2025-04-21 12:00:00,2,EMEA,Premium,4,301.74,120.7,1206.96,1086.26,Credit Card
1068,ORD_101068,1,310,CUST_0310,32,PROD_0032,Sportswear Pro-Series 2,Apparel & Fashion,20251121,2025-11-21,2025-11-21 10:00:00,2,EMEA,Standard,4,106.55,0.0,426.2,426.2,Apple Pay
1069,ORD_101069,1,280,CUST_0280,10,PROD_0010,Smartwatches Pro-Series 1,Consumer Electronics,20260411,2026-04-11,2026-04-11 01:00:00,4,LATAM,Premium,2,238.77,23.88,477.54,453.66,Apple Pay
1070,ORD_101070,1,308,CUST_0308,25,PROD_0025,Men's Jackets Pro-Series 1,Apparel & Fashion,20260805,2026-08-05,2026-08-05 01:00:00,1,North America,Premium,3,381.42,171.64,1144.26,972.62,Debit Card
1071,ORD_101071,1,109,CUST_0109,2,PROD_0002,Smartphones Pro-Series 2,Consumer Electronics,20250807,2025-08-07,2025-08-07 01:00:00,4,LATAM,Premium,3,484.7,145.41,1454.1,1308.69,PayPal
1072,ORD_101072,1,36,CUST_0036,18,PROD_0018,Air Fryers Pro-Series 3,Home & Kitchen,20250327,2025-03-27,2025-03-27 04:00:00,4,LATAM,Standard,1,497.95,49.8,497.95,448.15,Debit Card
1073,ORD_101073,1,110,CUST_0110,43,PROD_0043,Audiobooks Pro-Series 1,Books & Media,20260306,2026-03-06,2026-03-06 16:00:00,3,APAC,Standard,2,262.83,0.0,525.66,525.66,Credit Card
1074,ORD_101074,1,494,CUST_0494,20,PROD_0020,Blenders Pro-Series 2,Home & Kitchen,20260315,2026-03-15,2026-03-15 10:00:00,2,EMEA,Standard,2,80.82,16.16,161.64,145.48,Debit Card
1075,ORD_101075,1,275,CUST_0275,45,PROD_0045,Audiobooks Pro-Series 3,Books & Media,20260509,2026-05-09,2026-05-09 15:00:00,2,EMEA,Standard,4,512.51,205.0,2050.04,1845.04,Debit Card
1076,ORD_101076,1,401,CUST_0401,39,PROD_0039,Hardcover Novels Pro-Series 3,Books & Media,20250111,2025-01-11,2025-01-11 17:00:00,2,EMEA,Standard,1,217.64,10.88,217.64,206.76,Apple Pay
1077,ORD_101077,1,78,CUST_0078,30,PROD_0030,Women's Sneakers Pro-Series 3,Apparel & Fashion,20251121,2025-11-21,2025-11-21 00:00:00,2,EMEA,Standard,4,378.05,151.22,1512.2,1360.98,Credit Card
1078,ORD_101078,1,267,CUST_0267,1,PROD_0001,Smartphones Pro-Series 1,Consumer Electronics,20260221,2026-02-21,2026-02-21 08:00:00,4,LATAM,Standard,2,247.49,74.25,494.98,420.73,Credit Card
1079,ORD_101079,1,382,CUST_0382,13,PROD_0013,Coffee Makers Pro-Series 1,Home & Kitchen,20250207,2025-02-07,2025-02-07 06:00:00,4,LATAM,Premium,5,177.25,44.31,886.25,841.94,Debit Card
1080,ORD_101080,1,108,CUST_0108,13,PROD_0013,Coffee Makers Pro-Series 1,Home & Kitchen,20250810,2025-08-10,2025-08-10 11:00:00,1,North America,Standard,3,177.25,53.18,531.75,478.57,Credit Card
1081,ORD_101081,1,258,CUST_0258,8,PROD_0008,Audio Headphones Pro-Series 2,Consumer Electronics,20251106,2025-11-06,2025-11-06 09:00:00,4,LATAM,Standard,4,596.84,358.1,2387.36,2029.26,Debit Card
1082,ORD_101082,1,425,CUST_0425,35,PROD_0035,Watches Pro-Series 2,Apparel & Fashion,20251227,2025-12-27,2025-12-27 11:00:00,4,LATAM,Standard,5,495.6,247.8,2478.0,2230.2,Credit Card
1083,ORD_101083,1,220,CUST_0220,24,PROD_0024,Robotic Vacuums Pro-Series 3,Home & Kitchen,20250630,2025-06-30,2025-06-30 14:00:00,2,EMEA,Premium,5,106.82,26.7,534.1,507.4,Debit Card
1084,ORD_101084,1,433,CUST_0433,43,PROD_0043,Audiobooks Pro-Series 1,Books & Media,20260126,2026-01-26,2026-01-26 09:00:00,4,LATAM,Standard,3,262.83,0.0,788.49,788.49,Credit Card
1085,ORD_101085,1,333,CUST_0333,2,PROD_0002,Smartphones Pro-Series 2,Consumer Electronics,20250417,2025-04-17,2025-04-17 02:00:00,4,LATAM,Premium,1,484.7,72.7,484.7,412.0,Credit Card
1086,ORD_101086,1,298,CUST_0298,3,PROD_0003,Smartphones Pro-Series 3,Consumer Electronics,20260331,2026-03-31,2026-03-31 16:00:00,3,APAC,Standard,4,194.64,38.93,778.56,739.63,PayPal
1087,ORD_101087,1,196,CUST_0196,8,PROD_0008,Audio Headphones Pro-Series 2,Consumer Electronics,20260411,2026-04-11,2026-04-11 17:00:00,2,EMEA,Standard,4,596.84,0.0,2387.36,2387.36,Apple Pay
1088,ORD_101088,1,465,CUST_0465,42,PROD_0042,Tech Guides Pro-Series 3,Books & Media,20260421,2026-04-21,2026-04-21 13:00:00,4,LATAM,Premium,1,201.79,20.18,201.79,181.61,PayPal
1089,ORD_101089,1,138,CUST_0138,43,PROD_0043,Audiobooks Pro-Series 1,Books & Media,20260604,2026-06-04,2026-06-04 09:00:00,3,APAC,Premium,3,262.83,118.27,788.49,670.22,PayPal
1090,ORD_101090,1,17,CUST_0017,1,PROD_0001,Smartphones Pro-Series 1,Consumer Electronics,20250105,2025-01-05,2025-01-05 13:00:00,1,North America,Premium,2,247.49,49.5,494.98,445.48,Apple Pay
1091,ORD_101091,1,492,CUST_0492,37,PROD_0037,Hardcover Novels Pro-Series 1,Books & Media,20251210,2025-12-10,2025-12-10 05:00:00,4,LATAM,Standard,2,271.24,81.37,542.48,461.11,PayPal
1092,ORD_101092,1,411,CUST_0411,37,PROD_0037,Hardcover Novels Pro-Series 1,Books & Media,20260207,2026-02-07,2026-02-07 01:00:00,4,LATAM,Standard,2,271.24,81.37,542.48,461.11,PayPal
1093,ORD_101093,1,265,CUST_0265,11,PROD_0011,Smartwatches Pro-Series 2,Consumer Electronics,20260217,2026-02-17,2026-02-17 10:00:00,4,LATAM,Standard,2,627.26,0.0,1254.52,1254.52,PayPal
1094,ORD_101094,1,324,CUST_0324,37,PROD_0037,Hardcover Novels Pro-Series 1,Books & Media,20260601,2026-06-01,2026-06-01 03:00:00,4,LATAM,VIP,3,271.24,40.69,813.72,773.03,Apple Pay
1095,ORD_101095,1,48,CUST_0048,2,PROD_0002,Smartphones Pro-Series 2,Consumer Electronics,20250728,2025-07-28,2025-07-28 02:00:00,4,LATAM,Standard,1,484.7,24.23,484.7,460.47,Credit Card
1096,ORD_101096,1,293,CUST_0293,25,PROD_0025,Men's Jackets Pro-Series 1,Apparel & Fashion,20260711,2026-07-11,2026-07-11 02:00:00,1,North America,Premium,2,381.42,114.43,762.84,648.41,Apple Pay
1097,ORD_101097,1,335,CUST_0335,15,PROD_0015,Coffee Makers Pro-Series 3,Home & Kitchen,20250711,2025-07-11,2025-07-11 07:00:00,3,APAC,Standard,2,397.04,39.7,794.08,754.38,Debit Card
1098,ORD_101098,1,27,CUST_0027,18,PROD_0018,Air Fryers Pro-Series 3,Home & Kitchen,20250924,2025-09-24,2025-09-24 21:00:00,1,North America,Standard,2,497.95,0.0,995.9,995.9,Credit Card
1099,ORD_101099,1,475,CUST_0475,39,PROD_0039,Hardcover Novels Pro-Series 3,Books & Media,20250424,2025-04-24,2025-04-24 14:00:00,1,North America,Standard,1,217.64,10.88,217.64,206.76,Apple Pay
1100,ORD_101100,1,48,CUST_0048,5,PROD_0005,Laptops Pro-Series 2,Consumer Electronics,20250926,2025-09-26,2025-09-26 05:00:00,4,LATAM,Standard,3,144.32,21.65,432.96,411.31,Debit Card
1101,ORD_101101,1,408,CUST_0408,2,PROD_0002,Smartphones Pro-Series 2,Consumer Electronics,20250414,2025-04-14,2025-04-14 15:00:00,4,LATAM,Standard,1,484.7,72.7,484.7,412.0,Credit Card
1102,ORD_101102,1,215,CUST_0215,25,PROD_0025,Men's Jackets Pro-Series 1,Apparel & Fashion,20250804,2025-08-04,2025-08-04 21:00:00,3,APAC,Premium,4,381.42,76.28,1525.68,1449.4,PayPal
1103,ORD_101103,1,463,CUST_0463,12,PROD_0012,Smartwatches Pro-Series 3,Consumer Electronics,20251102,2025-11-02,2025-11-02 00:00:00,1,North America,Premium,1,414.15,41.41,414.15,372.74,Apple Pay
1104,ORD_101104,1,308,CUST_0308,35,PROD_0035,Watches Pro-Series 2,Apparel & Fashion,20260511,2026-05-11,2026-05-11 19:00:00,1,North America,Premium,2,495.6,99.12,991.2,892.08,Credit Card
1105,ORD_101105,1,16,CUST_0016,35,PROD_0035,Watches Pro-Series 2,Apparel & Fashion,20250717,2025-07-17,2025-07-17 19:00:00,1,North America,Standard,5,495.6,123.9,2478.0,2354.1,PayPal
1106,ORD_101106,1,461,CUST_0461,14,PROD_0014,Coffee Makers Pro-Series 2,Home & Kitchen,20260109,2026-01-09,2026-01-09 03:00:00,1,North America,Standard,3,94.28,14.14,282.84,268.7,PayPal
1107,ORD_101107,1,355,CUST_0355,9,PROD_0009,Audio Headphones Pro-Series 3,Consumer Electronics,20250327,2025-03-27,2025-03-27 23:00:00,3,APAC,VIP,3,512.06,230.43,1536.18,1305.75,PayPal
1108,ORD_101108,1,363,CUST_0363,36,PROD_0036,Watches Pro-Series 3,Apparel & Fashion,20250405,2025-04-05,2025-04-05 11:00:00,3,APAC,Standard,4,387.69,232.61,1550.76,1318.15,Debit Card
1109,ORD_101109,1,473,CUST_0473,13,PROD_0013,Coffee Makers Pro-Series 1,Home & Kitchen,20260609,2026-06-09,2026-06-09 12:00:00,3,APAC,Standard,2,177.25,17.73,354.5,336.77,Apple Pay
1110,ORD_101110,1,299,CUST_0299,38,PROD_0038,Hardcover Novels Pro-Series 2,Books & Media,20260207,2026-02-07,2026-02-07 03:00:00,3,APAC,Standard,2,157.75,15.78,315.5,299.72,Debit Card
1111,ORD_101111,1,217,CUST_0217,39,PROD_0039,Hardcover Novels Pro-Series 3,Books & Media,20260320,2026-03-20,2026-03-20 14:00:00,3,APAC,Premium,3,217.64,0.0,652.92,652.92,Debit Card
1112,ORD_101112,1,291,CUST_0291,23,PROD_0023,Robotic Vacuums Pro-Series 2,Home & Kitchen,20260316,2026-03-16,2026-03-16 06:00:00,3,APAC,Premium,1,80.72,12.11,80.72,68.61,PayPal
1113,ORD_101113,1,130,CUST_0130,38,PROD_0038,Hardcover Novels Pro-Series 2,Books & Media,20250204,2025-02-04,2025-02-04 16:00:00,4,LATAM,VIP,3,157.75,47.33,473.25,425.92,Debit Card
1114,ORD_101114,1,93,CUST_0093,21,PROD_0021,Blenders Pro-Series 3,Home & Kitchen,20250131,2025-01-31,2025-01-31 03:00:00,4,LATAM,Standard,2,137.29,27.46,274.58,247.12,PayPal
1115,ORD_101115,1,337,CUST_0337,24,PROD_0024,Robotic Vacuums Pro-Series 3,Home & Kitchen,20250316,2025-03-16,2025-03-16 06:00:00,3,APAC,Premium,2,106.82,21.36,213.64,192.28,Credit Card
1116,ORD_101116,1,353,CUST_0353,1,PROD_0001,Smartphones Pro-Series 1,Consumer Electronics,20250110,2025-01-10,2025-01-10 10:00:00,3,APAC,Standard,2,247.49,74.25,494.98,420.73,Apple Pay
1117,ORD_101117,1,34,CUST_0034,25,PROD_0025,Men's Jackets Pro-Series 1,Apparel & Fashion,20250827,2025-08-27,2025-08-27 17:00:00,3,APAC,VIP,5,381.42,95.36,1907.1,1811.74,PayPal
1118,ORD_101118,1,143,CUST_0143,39,PROD_0039,Hardcover Novels Pro-Series 3,Books & Media,20250416,2025-04-16,2025-04-16 17:00:00,1,North America,Premium,5,217.64,163.23,1088.2,924.97,Debit Card
1119,ORD_101119,1,102,CUST_0102,13,PROD_0013,Coffee Makers Pro-Series 1,Home & Kitchen,20251122,2025-11-22,2025-11-22 10:00:00,1,North America,Premium,4,177.25,106.35,709.0,602.65,Credit Card
1120,ORD_101120,1,62,CUST_0062,8,PROD_0008,Audio Headphones Pro-Series 2,Consumer Electronics,20251009,2025-10-09,2025-10-09 13:00:00,4,LATAM,Standard,2,596.84,119.37,1193.68,1074.31,Debit Card
1121,ORD_101121,1,11,CUST_0011,19,PROD_0019,Blenders Pro-Series 1,Home & Kitchen,20250831,2025-08-31,2025-08-31 18:00:00,1,North America,Standard,5,523.93,0.0,2619.65,2619.65,Debit Card
1122,ORD_101122,1,431,CUST_0431,26,PROD_0026,Men's Jackets Pro-Series 2,Apparel & Fashion,20251019,2025-10-19,2025-10-19 04:00:00,1,North America,Standard,5,387.88,0.0,1939.4,1939.4,Apple Pay
1123,ORD_101123,1,241,CUST_0241,7,PROD_0007,Audio Headphones Pro-Series 1,Consumer Electronics,20250117,2025-01-17,2025-01-17 02:00:00,4,LATAM,Standard,3,136.35,40.91,409.05,368.14,Apple Pay
1124,ORD_101124,1,41,CUST_0041,36,PROD_0036,Watches Pro-Series 3,Apparel & Fashion,20251221,2025-12-21,2025-12-21 12:00:00,3,APAC,Standard,4,387.69,0.0,1550.76,1550.76,Debit Card
1125,ORD_101125,1,233,CUST_0233,32,PROD_0032,Sportswear Pro-Series 2,Apparel & Fashion,20251102,2025-11-02,2025-11-02 22:00:00,1,North America,Standard,3,106.55,0.0,319.65,319.65,Credit Card
1126,ORD_101126,1,423,CUST_0423,1,PROD_0001,Smartphones Pro-Series 1,Consumer Electronics,20250818,2025-08-18,2025-08-18 01:00:00,2,EMEA,Standard,1,247.49,24.75,247.49,222.74,Debit Card
1127,ORD_101127,1,46,CUST_0046,13,PROD_0013,Coffee Makers Pro-Series 1,Home & Kitchen,20250820,2025-08-20,2025-08-20 05:00:00,3,APAC,Standard,5,177.25,0.0,886.25,886.25,Credit Card
1128,ORD_101128,1,57,CUST_0057,4,PROD_0004,Laptops Pro-Series 1,Consumer Electronics,20250923,2025-09-23,2025-09-23 01:00:00,3,APAC,Standard,1,328.32,32.83,328.32,295.49,Apple Pay
1129,ORD_101129,1,358,CUST_0358,11,PROD_0011,Smartwatches Pro-Series 2,Consumer Electronics,20260124,2026-01-24,2026-01-24 08:00:00,2,EMEA,Standard,5,627.26,470.44,3136.3,2665.86,Credit Card
1130,ORD_101130,1,442,CUST_0442,10,PROD_0010,Smartwatches Pro-Series 1,Consumer Electronics,20250510,2025-05-10,2025-05-10 10:00:00,4,LATAM,Standard,4,238.77,0.0,955.08,955.08,PayPal
1131,ORD_101131,1,339,CUST_0339,32,PROD_0032,Sportswear Pro-Series 2,Apparel & Fashion,20260815,2026-08-15,2026-08-15 15:00:00,3,APAC,Premium,3,106.55,47.95,319.65,271.7,PayPal
1132,ORD_101132,1,393,CUST_0393,19,PROD_0019,Blenders Pro-Series 1,Home & Kitchen,20250405,2025-04-05,2025-04-05 08:00:00,1,North America,VIP,3,523.93,78.59,1571.79,1493.2,PayPal
1133,ORD_101133,1,498,CUST_0498,32,PROD_0032,Sportswear Pro-Series 2,Apparel & Fashion,20250321,2025-03-21,2025-03-21 02:00:00,1,North America,Standard,2,106.55,0.0,213.1,213.1,PayPal
1134,ORD_101134,1,97,CUST_0097,32,PROD_0032,Sportswear Pro-Series 2,Apparel & Fashion,20260425,2026-04-25,2026-04-25 12:00:00,1,North America,Premium,3,106.55,15.98,319.65,303.67,Apple Pay
1135,ORD_101135,1,233,CUST_0233,42,PROD_0042,Tech Guides Pro-Series 3,Books & Media,20251116,2025-11-16,2025-11-16 22:00:00,2,EMEA,Standard,5,201.79,0.0,1008.95,1008.95,PayPal
1136,ORD_101136,1,198,CUST_0198,29,PROD_0029,Women's Sneakers Pro-Series 2,Apparel & Fashion,20250813,2025-08-13,2025-08-13 11:00:00,2,EMEA,VIP,4,420.39,84.08,1681.56,1597.48,Credit Card
1137,ORD_101137,1,85,CUST_0085,44,PROD_0044,Audiobooks Pro-Series 2,Books & Media,20251012,2025-10-12,2025-10-12 13:00:00,3,APAC,Standard,5,86.85,0.0,434.25,434.25,PayPal
1138,ORD_101138,1,382,CUST_0382,8,PROD_0008,Audio Headphones Pro-Series 2,Consumer Electronics,20260418,2026-04-18,2026-04-18 03:00:00,2,EMEA,Premium,1,596.84,89.53,596.84,507.31,PayPal
1139,ORD_101139,1,244,CUST_0244,43,PROD_0043,Audiobooks Pro-Series 1,Books & Media,20251001,2025-10-01,2025-10-01 00:00:00,4,LATAM,Premium,3,262.83,78.85,788.49,709.64,Credit Card
1140,ORD_101140,1,182,CUST_0182,28,PROD_0028,Women's Sneakers Pro-Series 1,Apparel & Fashion,20260718,2026-07-18,2026-07-18 02:00:00,2,EMEA,Standard,2,301.74,90.52,603.48,512.96,Debit Card
1141,ORD_101141,1,28,CUST_0028,29,PROD_0029,Women's Sneakers Pro-Series 2,Apparel & Fashion,20260605,2026-06-05,2026-06-05 10:00:00,3,APAC,Premium,3,420.39,0.0,1261.17,1261.17,Credit Card
1142,ORD_101142,1,476,CUST_0476,28,PROD_0028,Women's Sneakers Pro-Series 1,Apparel & Fashion,20260127,2026-01-27,2026-01-27 23:00:00,2,EMEA,Premium,3,301.74,45.26,905.22,859.96,Debit Card
1143,ORD_101143,1,142,CUST_0142,34,PROD_0034,Watches Pro-Series 1,Apparel & Fashion,20250630,2025-06-30,2025-06-30 19:00:00,4,LATAM,Standard,5,277.89,208.42,1389.45,1181.03,Credit Card
1144,ORD_101144,1,128,CUST_0128,8,PROD_0008,Audio Headphones Pro-Series 2,Consumer Electronics,20250221,2025-02-21,2025-02-21 20:00:00,2,EMEA,Premium,1,596.84,0.0,596.84,596.84,Credit Card
1145,ORD_101145,1,123,CUST_0123,5,PROD_0005,Laptops Pro-Series 2,Consumer Electronics,20260813,2026-08-13,2026-08-13 08:00:00,1,North America,Standard,3,144.32,21.65,432.96,411.31,Debit Card
1146,ORD_101146,1,52,CUST_0052,15,PROD_0015,Coffee Makers Pro-Series 3,Home & Kitchen,20260206,2026-02-06,2026-02-06 12:00:00,3,APAC,Standard,4,397.04,79.41,1588.16,1508.75,PayPal
1147,ORD_101147,1,327,CUST_0327,19,PROD_0019,Blenders Pro-Series 1,Home & Kitchen,20250728,2025-07-28,2025-07-28 11:00:00,3,APAC,Premium,1,523.93,0.0,523.93,523.93,PayPal
1148,ORD_101148,1,319,CUST_0319,31,PROD_0031,Sportswear Pro-Series 1,Apparel & Fashion,20260531,2026-05-31,2026-05-31 22:00:00,3,APAC,Standard,2,610.97,61.1,1221.94,1160.84,Apple Pay
1149,ORD_101149,1,96,CUST_0096,22,PROD_0022,Robotic Vacuums Pro-Series 1,Home & Kitchen,20250313,2025-03-13,2025-03-13 05:00:00,4,LATAM,Standard,2,573.0,0.0,1146.0,1146.0,Debit Card
1150,ORD_101150,1,11,CUST_0011,12,PROD_0012,Smartwatches Pro-Series 3,Consumer Electronics,20260315,2026-03-15,2026-03-15 10:00:00,3,APAC,Standard,1,414.15,20.71,414.15,393.44,Credit Card
1151,ORD_101151,1,299,CUST_0299,1,PROD_0001,Smartphones Pro-Series 1,Consumer Electronics,20251227,2025-12-27,2025-12-27 15:00:00,4,LATAM,Standard,2,247.49,74.25,494.98,420.73,Credit Card
1152,ORD_101152,1,291,CUST_0291,44,PROD_0044,Audiobooks Pro-Series 2,Books & Media,20250216,2025-02-16,2025-02-16 00:00:00,3,APAC,Premium,2,86.85,8.69,173.7,165.01,PayPal
1153,ORD_101153,1,156,CUST_0156,22,PROD_0022,Robotic Vacuums Pro-Series 1,Home & Kitchen,20250407,2025-04-07,2025-04-07 03:00:00,4,LATAM,Standard,4,573.0,229.2,2292.0,2062.8,Apple Pay
1154,ORD_101154,1,187,CUST_0187,30,PROD_0030,Women's Sneakers Pro-Series 3,Apparel & Fashion,20260514,2026-05-14,2026-05-14 08:00:00,1,North America,Standard,3,378.05,113.42,1134.15,1020.73,Apple Pay
1155,ORD_101155,1,439,CUST_0439,39,PROD_0039,Hardcover Novels Pro-Series 3,Books & Media,20260615,2026-06-15,2026-06-15 21:00:00,4,LATAM,Standard,1,217.64,21.76,217.64,195.88,Credit Card
1156,ORD_101156,1,439,CUST_0439,15,PROD_0015,Coffee Makers Pro-Series 3,Home & Kitchen,20250601,2025-06-01,2025-06-01 13:00:00,2,EMEA,Standard,3,397.04,178.67,1191.12,1012.45,Credit Card
1157,ORD_101157,1,380,CUST_0380,45,PROD_0045,Audiobooks Pro-Series 3,Books & Media,20250908,2025-09-08,2025-09-08 18:00:00,4,LATAM,Premium,3,512.51,76.88,1537.53,1460.65,Credit Card
1158,ORD_101158,1,328,CUST_0328,7,PROD_0007,Audio Headphones Pro-Series 1,Consumer Electronics,20250718,2025-07-18,2025-07-18 12:00:00,3,APAC,Standard,5,136.35,102.26,681.75,579.49,PayPal
1159,ORD_101159,1,179,CUST_0179,22,PROD_0022,Robotic Vacuums Pro-Series 1,Home & Kitchen,20250929,2025-09-29,2025-09-29 21:00:00,4,LATAM,Standard,5,573.0,429.75,2865.0,2435.25,Apple Pay
1160,ORD_101160,1,22,CUST_0022,38,PROD_0038,Hardcover Novels Pro-Series 2,Books & Media,20251113,2025-11-13,2025-11-13 06:00:00,3,APAC,Standard,5,157.75,0.0,788.75,788.75,Debit Card
1161,ORD_101161,1,496,CUST_0496,23,PROD_0023,Robotic Vacuums Pro-Series 2,Home & Kitchen,20260411,2026-04-11,2026-04-11 18:00:00,3,APAC,Standard,1,80.72,0.0,80.72,80.72,Debit Card
1162,ORD_101162,1,349,CUST_0349,10,PROD_0010,Smartwatches Pro-Series 1,Consumer Electronics,20250531,2025-05-31,2025-05-31 14:00:00,3,APAC,Standard,5,238.77,59.69,1193.85,1134.16,Apple Pay
1163,ORD_101163,1,34,CUST_0034,19,PROD_0019,Blenders Pro-Series 1,Home & Kitchen,20260514,2026-05-14,2026-05-14 09:00:00,1,North America,VIP,4,523.93,0.0,2095.72,2095.72,PayPal
1164,ORD_101164,1,64,CUST_0064,4,PROD_0004,Laptops Pro-Series 1,Consumer Electronics,20251017,2025-10-17,2025-10-17 18:00:00,4,LATAM,VIP,3,328.32,0.0,984.96,984.96,Debit Card
1165,ORD_101165,1,428,CUST_0428,1,PROD_0001,Smartphones Pro-Series 1,Consumer Electronics,20251227,2025-12-27,2025-12-27 21:00:00,1,North America,Standard,3,247.49,37.12,742.47,705.35,Apple Pay
1166,ORD_101166,1,341,CUST_0341,36,PROD_0036,Watches Pro-Series 3,Apparel & Fashion,20251018,2025-10-18,2025-10-18 16:00:00,2,EMEA,Standard,1,387.69,38.77,387.69,348.92,PayPal
1167,ORD_101167,1,300,CUST_0300,6,PROD_0006,Laptops Pro-Series 3,Consumer Electronics,20250721,2025-07-21,2025-07-21 13:00:00,3,APAC,Standard,2,304.52,0.0,609.04,609.04,Debit Card
1168,ORD_101168,1,416,CUST_0416,44,PROD_0044,Audiobooks Pro-Series 2,Books & Media,20251230,2025-12-30,2025-12-30 07:00:00,4,LATAM,VIP,4,86.85,52.11,347.4,295.29,Credit Card
1169,ORD_101169,1,306,CUST_0306,20,PROD_0020,Blenders Pro-Series 2,Home & Kitchen,20250925,2025-09-25,2025-09-25 09:00:00,2,EMEA,Premium,5,80.82,60.61,404.1,343.49,Apple Pay
1170,ORD_101170,1,350,CUST_0350,13,PROD_0013,Coffee Makers Pro-Series 1,Home & Kitchen,20260816,2026-08-16,2026-08-16 04:00:00,3,APAC,Standard,2,177.25,53.17,354.5,301.33,PayPal
1171,ORD_101171,1,44,CUST_0044,20,PROD_0020,Blenders Pro-Series 2,Home & Kitchen,20251105,2025-11-05,2025-11-05 09:00:00,4,LATAM,Premium,5,80.82,20.2,404.1,383.9,Debit Card
1172,ORD_101172,1,71,CUST_0071,34,PROD_0034,Watches Pro-Series 1,Apparel & Fashion,20260324,2026-03-24,2026-03-24 03:00:00,4,LATAM,Standard,3,277.89,83.37,833.67,750.3,Debit Card
1173,ORD_101173,1,239,CUST_0239,27,PROD_0027,Men's Jackets Pro-Series 3,Apparel & Fashion,20251229,2025-12-29,2025-12-29 13:00:00,4,LATAM,Standard,4,452.99,0.0,1811.96,1811.96,Credit Card
1174,ORD_101174,1,387,CUST_0387,9,PROD_0009,Audio Headphones Pro-Series 3,Consumer Electronics,20260308,2026-03-08,2026-03-08 02:00:00,3,APAC,Premium,2,512.06,102.41,1024.12,921.71,PayPal
1175,ORD_101175,1,450,CUST_0450,19,PROD_0019,Blenders Pro-Series 1,Home & Kitchen,20260711,2026-07-11,2026-07-11 18:00:00,1,North America,Premium,4,523.93,104.79,2095.72,1990.93,Debit Card
1176,ORD_101176,1,414,CUST_0414,34,PROD_0034,Watches Pro-Series 1,Apparel & Fashion,20250107,2025-01-07,2025-01-07 14:00:00,4,LATAM,Standard,1,277.89,0.0,277.89,277.89,Credit Card
1177,ORD_101177,1,55,CUST_0055,22,PROD_0022,Robotic Vacuums Pro-Series 1,Home & Kitchen,20251004,2025-10-04,2025-10-04 20:00:00,1,North America,Standard,3,573.0,257.85,1719.0,1461.15,Apple Pay
1178,ORD_101178,1,380,CUST_0380,38,PROD_0038,Hardcover Novels Pro-Series 2,Books & Media,20250304,2025-03-04,2025-03-04 03:00:00,1,North America,Premium,2,157.75,15.78,315.5,299.72,Debit Card
1179,ORD_101179,1,459,CUST_0459,44,PROD_0044,Audiobooks Pro-Series 2,Books & Media,20250520,2025-05-20,2025-05-20 07:00:00,2,EMEA,Premium,3,86.85,26.05,260.55,234.5,Credit Card
1180,ORD_101180,1,353,CUST_0353,13,PROD_0013,Coffee Makers Pro-Series 1,Home & Kitchen,20260512,2026-05-12,2026-05-12 19:00:00,1,North America,Standard,1,177.25,0.0,177.25,177.25,PayPal
1181,ORD_101181,1,50,CUST_0050,16,PROD_0016,Air Fryers Pro-Series 1,Home & Kitchen,20250504,2025-05-04,2025-05-04 16:00:00,2,EMEA,VIP,1,403.75,60.56,403.75,343.19,Credit Card
1182,ORD_101182,1,201,CUST_0201,4,PROD_0004,Laptops Pro-Series 1,Consumer Electronics,20260602,2026-06-02,2026-06-02 14:00:00,1,North America,Premium,3,328.32,147.74,984.96,837.22,Debit Card
1183,ORD_101183,1,431,CUST_0431,35,PROD_0035,Watches Pro-Series 2,Apparel & Fashion,20250708,2025-07-08,2025-07-08 07:00:00,3,APAC,Standard,5,495.6,371.7,2478.0,2106.3,Credit Card
1184,ORD_101184,1,326,CUST_0326,2,PROD_0002,Smartphones Pro-Series 2,Consumer Electronics,20260319,2026-03-19,2026-03-19 04:00:00,2,EMEA,Premium,2,484.7,48.47,969.4,920.93,PayPal
1185,ORD_101185,1,359,CUST_0359,35,PROD_0035,Watches Pro-Series 2,Apparel & Fashion,20260608,2026-06-08,2026-06-08 23:00:00,2,EMEA,Standard,4,495.6,297.36,1982.4,1685.04,Apple Pay
1186,ORD_101186,1,52,CUST_0052,38,PROD_0038,Hardcover Novels Pro-Series 2,Books & Media,20251024,2025-10-24,2025-10-24 21:00:00,4,LATAM,Standard,3,157.75,47.33,473.25,425.92,Debit Card
1187,ORD_101187,1,410,CUST_0410,7,PROD_0007,Audio Headphones Pro-Series 1,Consumer Electronics,20260131,2026-01-31,2026-01-31 22:00:00,4,LATAM,Standard,4,136.35,81.81,545.4,463.59,PayPal
1188,ORD_101188,1,235,CUST_0235,8,PROD_0008,Audio Headphones Pro-Series 2,Consumer Electronics,20250129,2025-01-29,2025-01-29 09:00:00,4,LATAM,Premium,1,596.84,59.68,596.84,537.16,Credit Card
1189,ORD_101189,1,465,CUST_0465,23,PROD_0023,Robotic Vacuums Pro-Series 2,Home & Kitchen,20260401,2026-04-01,2026-04-01 01:00:00,2,EMEA,Premium,4,80.72,48.43,322.88,274.45,Apple Pay
1190,ORD_101190,1,184,CUST_0184,33,PROD_0033,Sportswear Pro-Series 3,Apparel & Fashion,20250110,2025-01-10,2025-01-10 05:00:00,2,EMEA,Premium,3,230.01,103.5,690.03,586.53,Credit Card
1191,ORD_101191,1,78,CUST_0078,23,PROD_0023,Robotic Vacuums Pro-Series 2,Home & Kitchen,20250628,2025-06-28,2025-06-28 20:00:00,3,APAC,Standard,4,80.72,16.14,322.88,306.74,Apple Pay
1192,ORD_101192,1,35,CUST_0035,42,PROD_0042,Tech Guides Pro-Series 3,Books & Media,20251107,2025-11-07,2025-11-07 12:00:00,4,LATAM,Standard,4,201.79,121.07,807.16,686.09,PayPal
1193,ORD_101193,1,475,CUST_0475,33,PROD_0033,Sportswear Pro-Series 3,Apparel & Fashion,20260813,2026-08-13,2026-08-13 22:00:00,3,APAC,Standard,2,230.01,46.0,460.02,414.02,Apple Pay
1194,ORD_101194,1,425,CUST_0425,26,PROD_0026,Men's Jackets Pro-Series 2,Apparel & Fashion,20260822,2026-08-22,2026-08-22 19:00:00,1,North America,Standard,1,387.88,0.0,387.88,387.88,PayPal
1195,ORD_101195,1,341,CUST_0341,7,PROD_0007,Audio Headphones Pro-Series 1,Consumer Electronics,20250826,2025-08-26,2025-08-26 03:00:00,4,LATAM,Standard,4,136.35,54.54,545.4,490.86,PayPal
1196,ORD_101196,1,461,CUST_0461,12,PROD_0012,Smartwatches Pro-Series 3,Consumer Electronics,20250831,2025-08-31,2025-08-31 03:00:00,4,LATAM,Standard,4,414.15,0.0,1656.6,1656.6,Credit Card
1197,ORD_101197,1,20,CUST_0020,5,PROD_0005,Laptops Pro-Series 2,Consumer Electronics,20250914,2025-09-14,2025-09-14 03:00:00,4,LATAM,Standard,3,144.32,0.0,432.96,432.96,PayPal
1198,ORD_101198,1,358,CUST_0358,29,PROD_0029,Women's Sneakers Pro-Series 2,Apparel & Fashion,20251125,2025-11-25,2025-11-25 03:00:00,4,LATAM,Standard,2,420.39,42.04,840.78,798.74,PayPal
1199,ORD_101199,1,225,CUST_0225,44,PROD_0044,Audiobooks Pro-Series 2,Books & Media,20250916,2025-09-16,2025-09-16 15:00:00,3,APAC,Premium,2,86.85,8.69,173.7,165.01,PayPal
1200,ORD_101200,1,415,CUST_0415,13,PROD_0013,Coffee Makers Pro-Series 1,Home & Kitchen,20260321,2026-03-21,2026-03-21 16:00:00,1,North America,Premium,5,177.25,0.0,886.25,886.25,Credit Card
1201,ORD_101201,1,415,CUST_0415,9,PROD_0009,Audio Headphones Pro-Series 3,Consumer Electronics,20250728,2025-07-28,2025-07-28 01:00:00,1,North America,Premium,3,512.06,230.43,1536.18,1305.75,Credit Card
1202,ORD_101202,1,350,CUST_0350,42,PROD_0042,Tech Guides Pro-Series 3,Books & Media,20251215,2025-12-15,2025-12-15 05:00:00,4,LATAM,Standard,2,201.79,20.18,403.58,383.4,Debit Card
1203,ORD_101203,1,183,CUST_0183,40,PROD_0040,Tech Guides Pro-Series 1,Books & Media,20260528,2026-05-28,2026-05-28 11:00:00,2,EMEA,VIP,1,507.6,76.14,507.6,431.46,Debit Card
1204,ORD_101204,1,292,CUST_0292,6,PROD_0006,Laptops Pro-Series 3,Consumer Electronics,20260121,2026-01-21,2026-01-21 02:00:00,2,EMEA,Standard,5,304.52,152.26,1522.6,1370.34,Credit Card
1205,ORD_101205,1,119,CUST_0119,4,PROD_0004,Laptops Pro-Series 1,Consumer Electronics,20250501,2025-05-01,2025-05-01 15:00:00,3,APAC,Premium,1,328.32,16.42,328.32,311.9,Apple Pay
1206,ORD_101206,1,361,CUST_0361,23,PROD_0023,Robotic Vacuums Pro-Series 2,Home & Kitchen,20250915,2025-09-15,2025-09-15 12:00:00,1,North America,Standard,2,80.72,16.14,161.44,145.3,Credit Card
1207,ORD_101207,1,124,CUST_0124,34,PROD_0034,Watches Pro-Series 1,Apparel & Fashion,20260702,2026-07-02,2026-07-02 18:00:00,3,APAC,VIP,4,277.89,0.0,1111.56,1111.56,Credit Card
1208,ORD_101208,1,480,CUST_0480,17,PROD_0017,Air Fryers Pro-Series 2,Home & Kitchen,20260820,2026-08-20,2026-08-20 15:00:00,1,North America,Standard,1,438.78,43.88,438.78,394.9,Debit Card
1209,ORD_101209,1,172,CUST_0172,4,PROD_0004,Laptops Pro-Series 1,Consumer Electronics,20250925,2025-09-25,2025-09-25 06:00:00,2,EMEA,Standard,2,328.32,65.66,656.64,590.98,Credit Card
1210,ORD_101210,1,38,CUST_0038,37,PROD_0037,Hardcover Novels Pro-Series 1,Books & Media,20250830,2025-08-30,2025-08-30 15:00:00,1,North America,Standard,3,271.24,0.0,813.72,813.72,Debit Card
1211,ORD_101211,1,246,CUST_0246,9,PROD_0009,Audio Headphones Pro-Series 3,Consumer Electronics,20250324,2025-03-24,2025-03-24 17:00:00,3,APAC,Premium,1,512.06,0.0,512.06,512.06,Credit Card
1212,ORD_101212,1,116,CUST_0116,42,PROD_0042,Tech Guides Pro-Series 3,Books & Media,20260524,2026-05-24,2026-05-24 16:00:00,3,APAC,Standard,4,201.79,121.07,807.16,686.09,Apple Pay
1213,ORD_101213,1,477,CUST_0477,4,PROD_0004,Laptops Pro-Series 1,Consumer Electronics,20250822,2025-08-22,2025-08-22 00:00:00,1,North America,VIP,2,328.32,98.5,656.64,558.14,Credit Card
1214,ORD_101214,1,27,CUST_0027,25,PROD_0025,Men's Jackets Pro-Series 1,Apparel & Fashion,20260720,2026-07-20,2026-07-20 15:00:00,4,LATAM,Standard,2,381.42,114.43,762.84,648.41,Debit Card
1215,ORD_101215,1,60,CUST_0060,29,PROD_0029,Women's Sneakers Pro-Series 2,Apparel & Fashion,20260717,2026-07-17,2026-07-17 04:00:00,1,North America,Standard,5,420.39,210.19,2101.95,1891.76,Apple Pay
1216,ORD_101216,1,224,CUST_0224,4,PROD_0004,Laptops Pro-Series 1,Consumer Electronics,20250718,2025-07-18,2025-07-18 10:00:00,2,EMEA,Premium,2,328.32,0.0,656.64,656.64,Credit Card
1217,ORD_101217,1,383,CUST_0383,35,PROD_0035,Watches Pro-Series 2,Apparel & Fashion,20250821,2025-08-21,2025-08-21 13:00:00,1,North America,Standard,1,495.6,24.78,495.6,470.82,Credit Card
1218,ORD_101218,1,65,CUST_0065,29,PROD_0029,Women's Sneakers Pro-Series 2,Apparel & Fashion,20250320,2025-03-20,2025-03-20 01:00:00,2,EMEA,Standard,3,420.39,0.0,1261.17,1261.17,Apple Pay
1219,ORD_101219,1,336,CUST_0336,16,PROD_0016,Air Fryers Pro-Series 1,Home & Kitchen,20251225,2025-12-25,2025-12-25 19:00:00,3,APAC,Premium,2,403.75,121.12,807.5,686.38,Debit Card
1220,ORD_101220,1,40,CUST_0040,5,PROD_0005,Laptops Pro-Series 2,Consumer Electronics,20250506,2025-05-06,2025-05-06 21:00:00,3,APAC,Standard,5,144.32,36.08,721.6,685.52,Debit Card
1221,ORD_101221,1,228,CUST_0228,20,PROD_0020,Blenders Pro-Series 2,Home & Kitchen,20260101,2026-01-01,2026-01-01 07:00:00,3,APAC,Premium,5,80.82,40.41,404.1,363.69,PayPal
1222,ORD_101222,1,164,CUST_0164,45,PROD_0045,Audiobooks Pro-Series 3,Books & Media,20260624,2026-06-24,2026-06-24 08:00:00,1,North America,VIP,1,512.51,51.25,512.51,461.26,Debit Card
1223,ORD_101223,1,41,CUST_0041,14,PROD_0014,Coffee Makers Pro-Series 2,Home & Kitchen,20260513,2026-05-13,2026-05-13 08:00:00,2,EMEA,Standard,5,94.28,23.57,471.4,447.83,Apple Pay
1224,ORD_101224,1,63,CUST_0063,24,PROD_0024,Robotic Vacuums Pro-Series 3,Home & Kitchen,20260721,2026-07-21,2026-07-21 06:00:00,2,EMEA,Standard,1,106.82,5.34,106.82,101.48,Debit Card
1225,ORD_101225,1,11,CUST_0011,32,PROD_0032,Sportswear Pro-Series 2,Apparel & Fashion,20260410,2026-04-10,2026-04-10 03:00:00,1,North America,Standard,3,106.55,31.96,319.65,287.69,Debit Card
1226,ORD_101226,1,31,CUST_0031,18,PROD_0018,Air Fryers Pro-Series 3,Home & Kitchen,20251104,2025-11-04,2025-11-04 02:00:00,4,LATAM,Standard,4,497.95,0.0,1991.8,1991.8,Debit Card
1227,ORD_101227,1,23,CUST_0023,15,PROD_0015,Coffee Makers Pro-Series 3,Home & Kitchen,20260129,2026-01-29,2026-01-29 14:00:00,2,EMEA,Premium,4,397.04,79.41,1588.16,1508.75,Debit Card
1228,ORD_101228,1,339,CUST_0339,20,PROD_0020,Blenders Pro-Series 2,Home & Kitchen,20260630,2026-06-30,2026-06-30 01:00:00,1,North America,Premium,5,80.82,40.41,404.1,363.69,Credit Card
1229,ORD_101229,1,415,CUST_0415,38,PROD_0038,Hardcover Novels Pro-Series 2,Books & Media,20251211,2025-12-11,2025-12-11 08:00:00,2,EMEA,Premium,1,157.75,15.78,157.75,141.97,Debit Card
1230,ORD_101230,1,476,CUST_0476,4,PROD_0004,Laptops Pro-Series 1,Consumer Electronics,20260314,2026-03-14,2026-03-14 23:00:00,1,North America,Premium,5,328.32,246.24,1641.6,1395.36,Apple Pay
1231,ORD_101231,1,218,CUST_0218,37,PROD_0037,Hardcover Novels Pro-Series 1,Books & Media,20260702,2026-07-02,2026-07-02 14:00:00,3,APAC,Standard,2,271.24,81.37,542.48,461.11,Debit Card
1232,ORD_101232,1,465,CUST_0465,1,PROD_0001,Smartphones Pro-Series 1,Consumer Electronics,20250901,2025-09-01,2025-09-01 04:00:00,3,APAC,Premium,3,247.49,0.0,742.47,742.47,PayPal
1233,ORD_101233,1,173,CUST_0173,37,PROD_0037,Hardcover Novels Pro-Series 1,Books & Media,20260710,2026-07-10,2026-07-10 09:00:00,4,LATAM,Premium,1,271.24,27.12,271.24,244.12,Apple Pay
1234,ORD_101234,1,129,CUST_0129,42,PROD_0042,Tech Guides Pro-Series 3,Books & Media,20251003,2025-10-03,2025-10-03 21:00:00,1,North America,Premium,1,201.79,20.18,201.79,181.61,Apple Pay
1235,ORD_101235,1,228,CUST_0228,30,PROD_0030,Women's Sneakers Pro-Series 3,Apparel & Fashion,20250928,2025-09-28,2025-09-28 05:00:00,1,North America,Premium,4,378.05,0.0,1512.2,1512.2,Debit Card
1236,ORD_101236,1,246,CUST_0246,41,PROD_0041,Tech Guides Pro-Series 2,Books & Media,20250207,2025-02-07,2025-02-07 11:00:00,2,EMEA,Premium,4,539.9,0.0,2159.6,2159.6,Credit Card
1237,ORD_101237,1,283,CUST_0283,21,PROD_0021,Blenders Pro-Series 3,Home & Kitchen,20251011,2025-10-11,2025-10-11 19:00:00,1,North America,Standard,4,137.29,27.46,549.16,521.7,Apple Pay
1238,ORD_101238,1,445,CUST_0445,32,PROD_0032,Sportswear Pro-Series 2,Apparel & Fashion,20251010,2025-10-10,2025-10-10 08:00:00,2,EMEA,Standard,2,106.55,10.66,213.1,202.44,PayPal
1239,ORD_101239,1,59,CUST_0059,42,PROD_0042,Tech Guides Pro-Series 3,Books & Media,20250220,2025-02-20,2025-02-20 07:00:00,1,North America,Standard,2,201.79,60.54,403.58,343.04,Apple Pay
1240,ORD_101240,1,368,CUST_0368,15,PROD_0015,Coffee Makers Pro-Series 3,Home & Kitchen,20250212,2025-02-12,2025-02-12 17:00:00,1,North America,Premium,3,397.04,119.11,1191.12,1072.01,Credit Card
1241,ORD_101241,1,368,CUST_0368,3,PROD_0003,Smartphones Pro-Series 3,Consumer Electronics,20251228,2025-12-28,2025-12-28 17:00:00,2,EMEA,Premium,3,194.64,0.0,583.92,583.92,Credit Card
1242,ORD_101242,1,58,CUST_0058,33,PROD_0033,Sportswear Pro-Series 3,Apparel & Fashion,20260604,2026-06-04,2026-06-04 14:00:00,1,North America,Premium,2,230.01,23.0,460.02,437.02,Apple Pay
1243,ORD_101243,1,425,CUST_0425,44,PROD_0044,Audiobooks Pro-Series 2,Books & Media,20260808,2026-08-08,2026-08-08 11:00:00,4,LATAM,Standard,1,86.85,13.03,86.85,73.82,Apple Pay
1244,ORD_101244,1,168,CUST_0168,39,PROD_0039,Hardcover Novels Pro-Series 3,Books & Media,20250527,2025-05-27,2025-05-27 00:00:00,3,APAC,Standard,3,217.64,97.94,652.92,554.98,Apple Pay
1245,ORD_101245,1,319,CUST_0319,2,PROD_0002,Smartphones Pro-Series 2,Consumer Electronics,20260427,2026-04-27,2026-04-27 09:00:00,2,EMEA,Standard,3,484.7,0.0,1454.1,1454.1,Apple Pay
1246,ORD_101246,1,14,CUST_0014,7,PROD_0007,Audio Headphones Pro-Series 1,Consumer Electronics,20250603,2025-06-03,2025-06-03 18:00:00,2,EMEA,Standard,3,136.35,40.91,409.05,368.14,PayPal
1247,ORD_101247,1,17,CUST_0017,43,PROD_0043,Audiobooks Pro-Series 1,Books & Media,20260123,2026-01-23,2026-01-23 18:00:00,2,EMEA,Premium,4,262.83,0.0,1051.32,1051.32,Credit Card
1248,ORD_101248,1,258,CUST_0258,37,PROD_0037,Hardcover Novels Pro-Series 1,Books & Media,20250818,2025-08-18,2025-08-18 18:00:00,4,LATAM,Standard,5,271.24,0.0,1356.2,1356.2,Credit Card
1249,ORD_101249,1,269,CUST_0269,34,PROD_0034,Watches Pro-Series 1,Apparel & Fashion,20260429,2026-04-29,2026-04-29 21:00:00,4,LATAM,Standard,3,277.89,83.37,833.67,750.3,PayPal
1250,ORD_101250,1,467,CUST_0467,16,PROD_0016,Air Fryers Pro-Series 1,Home & Kitchen,20260813,2026-08-13,2026-08-13 09:00:00,3,APAC,Premium,2,403.75,80.75,807.5,726.75,PayPal
1251,ORD_101251,1,384,CUST_0384,8,PROD_0008,Audio Headphones Pro-Series 2,Consumer Electronics,20260412,2026-04-12,2026-04-12 10:00:00,2,EMEA,Premium,4,596.84,358.1,2387.36,2029.26,Apple Pay
1252,ORD_101252,1,287,CUST_0287,33,PROD_0033,Sportswear Pro-Series 3,Apparel & Fashion,20250323,2025-03-23,2025-03-23 11:00:00,1,North America,Standard,3,230.01,103.5,690.03,586.53,PayPal
1253,ORD_101253,1,118,CUST_0118,37,PROD_0037,Hardcover Novels Pro-Series 1,Books & Media,20260405,2026-04-05,2026-04-05 13:00:00,2,EMEA,Standard,5,271.24,67.81,1356.2,1288.39,Debit Card
1254,ORD_101254,1,71,CUST_0071,39,PROD_0039,Hardcover Novels Pro-Series 3,Books & Media,20260822,2026-08-22,2026-08-22 21:00:00,3,APAC,Standard,3,217.64,65.29,652.92,587.63,Apple Pay
1255,ORD_101255,1,210,CUST_0210,27,PROD_0027,Men's Jackets Pro-Series 3,Apparel & Fashion,20250501,2025-05-01,2025-05-01 02:00:00,2,EMEA,Standard,5,452.99,339.74,2264.95,1925.21,PayPal
1256,ORD_101256,1,8,CUST_0008,11,PROD_0011,Smartwatches Pro-Series 2,Consumer Electronics,20250704,2025-07-04,2025-07-04 14:00:00,1,North America,Standard,4,627.26,250.9,2509.04,2258.14,Debit Card
1257,ORD_101257,1,446,CUST_0446,3,PROD_0003,Smartphones Pro-Series 3,Consumer Electronics,20250414,2025-04-14,2025-04-14 04:00:00,4,LATAM,Standard,1,194.64,9.73,194.64,184.91,Credit Card
1258,ORD_101258,1,444,CUST_0444,34,PROD_0034,Watches Pro-Series 1,Apparel & Fashion,20250516,2025-05-16,2025-05-16 16:00:00,4,LATAM,Standard,4,277.89,111.16,1111.56,1000.4,PayPal
1259,ORD_101259,1,286,CUST_0286,16,PROD_0016,Air Fryers Pro-Series 1,Home & Kitchen,20260216,2026-02-16,2026-02-16 22:00:00,3,APAC,Standard,1,403.75,40.38,403.75,363.37,Apple Pay
1260,ORD_101260,1,24,CUST_0024,5,PROD_0005,Laptops Pro-Series 2,Consumer Electronics,20250421,2025-04-21,2025-04-21 23:00:00,3,APAC,Standard,4,144.32,86.59,577.28,490.69,Debit Card
1261,ORD_101261,1,388,CUST_0388,31,PROD_0031,Sportswear Pro-Series 1,Apparel & Fashion,20260323,2026-03-23,2026-03-23 09:00:00,2,EMEA,Standard,2,610.97,0.0,1221.94,1221.94,PayPal
1262,ORD_101262,1,304,CUST_0304,24,PROD_0024,Robotic Vacuums Pro-Series 3,Home & Kitchen,20250108,2025-01-08,2025-01-08 18:00:00,4,LATAM,Standard,4,106.82,42.73,427.28,384.55,Debit Card
1263,ORD_101263,1,370,CUST_0370,38,PROD_0038,Hardcover Novels Pro-Series 2,Books & Media,20250630,2025-06-30,2025-06-30 16:00:00,3,APAC,Premium,1,157.75,7.89,157.75,149.86,Apple Pay
1264,ORD_101264,1,25,CUST_0025,37,PROD_0037,Hardcover Novels Pro-Series 1,Books & Media,20260521,2026-05-21,2026-05-21 10:00:00,4,LATAM,Standard,3,271.24,81.37,813.72,732.35,Debit Card
1265,ORD_101265,1,489,CUST_0489,10,PROD_0010,Smartwatches Pro-Series 1,Consumer Electronics,20251123,2025-11-23,2025-11-23 05:00:00,1,North America,Standard,2,238.77,71.63,477.54,405.91,Apple Pay
1266,ORD_101266,1,161,CUST_0161,7,PROD_0007,Audio Headphones Pro-Series 1,Consumer Electronics,20260812,2026-08-12,2026-08-12 19:00:00,3,APAC,Standard,3,136.35,20.45,409.05,388.6,Credit Card
1267,ORD_101267,1,250,CUST_0250,29,PROD_0029,Women's Sneakers Pro-Series 2,Apparel & Fashion,20251022,2025-10-22,2025-10-22 08:00:00,2,EMEA,Standard,2,420.39,84.08,840.78,756.7,Apple Pay
1268,ORD_101268,1,342,CUST_0342,18,PROD_0018,Air Fryers Pro-Series 3,Home & Kitchen,20250419,2025-04-19,2025-04-19 07:00:00,2,EMEA,VIP,1,497.95,24.9,497.95,473.05,PayPal
1269,ORD_101269,1,463,CUST_0463,3,PROD_0003,Smartphones Pro-Series 3,Consumer Electronics,20250129,2025-01-29,2025-01-29 19:00:00,2,EMEA,Premium,1,194.64,29.2,194.64,165.44,Credit Card
1270,ORD_101270,1,145,CUST_0145,37,PROD_0037,Hardcover Novels Pro-Series 1,Books & Media,20260114,2026-01-14,2026-01-14 06:00:00,4,LATAM,Premium,4,271.24,54.25,1084.96,1030.71,Debit Card
1271,ORD_101271,1,367,CUST_0367,8,PROD_0008,Audio Headphones Pro-Series 2,Consumer Electronics,20251030,2025-10-30,2025-10-30 03:00:00,4,LATAM,Standard,4,596.84,358.1,2387.36,2029.26,Apple Pay
1272,ORD_101272,1,143,CUST_0143,43,PROD_0043,Audiobooks Pro-Series 1,Books & Media,20250330,2025-03-30,2025-03-30 04:00:00,1,North America,Premium,3,262.83,0.0,788.49,788.49,PayPal
1273,ORD_101273,1,81,CUST_0081,33,PROD_0033,Sportswear Pro-Series 3,Apparel & Fashion,20250318,2025-03-18,2025-03-18 10:00:00,3,APAC,Premium,3,230.01,103.5,690.03,586.53,Credit Card
1274,ORD_101274,1,222,CUST_0222,7,PROD_0007,Audio Headphones Pro-Series 1,Consumer Electronics,20251119,2025-11-19,2025-11-19 01:00:00,3,APAC,Premium,2,136.35,0.0,272.7,272.7,Credit Card
1275,ORD_101275,1,301,CUST_0301,25,PROD_0025,Men's Jackets Pro-Series 1,Apparel & Fashion,20250909,2025-09-09,2025-09-09 04:00:00,2,EMEA,Premium,2,381.42,76.28,762.84,686.56,Debit Card
1276,ORD_101276,1,417,CUST_0417,12,PROD_0012,Smartwatches Pro-Series 3,Consumer Electronics,20250605,2025-06-05,2025-06-05 15:00:00,4,LATAM,Standard,3,414.15,62.12,1242.45,1180.33,PayPal
1277,ORD_101277,1,439,CUST_0439,14,PROD_0014,Coffee Makers Pro-Series 2,Home & Kitchen,20250401,2025-04-01,2025-04-01 16:00:00,1,North America,Standard,4,94.28,0.0,377.12,377.12,Debit Card
1278,ORD_101278,1,107,CUST_0107,12,PROD_0012,Smartwatches Pro-Series 3,Consumer Electronics,20260726,2026-07-26,2026-07-26 19:00:00,1,North America,Premium,4,414.15,165.66,1656.6,1490.94,Debit Card
1279,ORD_101279,1,327,CUST_0327,23,PROD_0023,Robotic Vacuums Pro-Series 2,Home & Kitchen,20260821,2026-08-21,2026-08-21 07:00:00,4,LATAM,Premium,5,80.72,20.18,403.6,383.42,Apple Pay
1280,ORD_101280,1,343,CUST_0343,32,PROD_0032,Sportswear Pro-Series 2,Apparel & Fashion,20250826,2025-08-26,2025-08-26 09:00:00,4,LATAM,Standard,4,106.55,42.62,426.2,383.58,Debit Card
1281,ORD_101281,1,113,CUST_0113,8,PROD_0008,Audio Headphones Pro-Series 2,Consumer Electronics,20251030,2025-10-30,2025-10-30 03:00:00,3,APAC,Standard,4,596.84,358.1,2387.36,2029.26,Apple Pay
1282,ORD_101282,1,218,CUST_0218,8,PROD_0008,Audio Headphones Pro-Series 2,Consumer Electronics,20250911,2025-09-11,2025-09-11 21:00:00,2,EMEA,Standard,4,596.84,238.74,2387.36,2148.62,Credit Card
1283,ORD_101283,1,204,CUST_0204,9,PROD_0009,Audio Headphones Pro-Series 3,Consumer Electronics,20251222,2025-12-22,2025-12-22 22:00:00,4,LATAM,Standard,4,512.06,307.24,2048.24,1741.0,PayPal
1284,ORD_101284,1,138,CUST_0138,33,PROD_0033,Sportswear Pro-Series 3,Apparel & Fashion,20250130,2025-01-30,2025-01-30 09:00:00,2,EMEA,Premium,4,230.01,0.0,920.04,920.04,Apple Pay
1285,ORD_101285,1,163,CUST_0163,27,PROD_0027,Men's Jackets Pro-Series 3,Apparel & Fashion,20250925,2025-09-25,2025-09-25 21:00:00,4,LATAM,Standard,4,452.99,271.79,1811.96,1540.17,Debit Card
1286,ORD_101286,1,138,CUST_0138,32,PROD_0032,Sportswear Pro-Series 2,Apparel & Fashion,20250924,2025-09-24,2025-09-24 01:00:00,2,EMEA,Premium,3,106.55,0.0,319.65,319.65,Apple Pay
1287,ORD_101287,1,114,CUST_0114,37,PROD_0037,Hardcover Novels Pro-Series 1,Books & Media,20260404,2026-04-04,2026-04-04 13:00:00,2,EMEA,Premium,5,271.24,67.81,1356.2,1288.39,Credit Card
1288,ORD_101288,1,310,CUST_0310,35,PROD_0035,Watches Pro-Series 2,Apparel & Fashion,20251204,2025-12-04,2025-12-04 04:00:00,1,North America,Standard,1,495.6,74.34,495.6,421.26,Credit Card
1289,ORD_101289,1,393,CUST_0393,36,PROD_0036,Watches Pro-Series 3,Apparel & Fashion,20251208,2025-12-08,2025-12-08 11:00:00,1,North America,VIP,1,387.69,19.38,387.69,368.31,Apple Pay
1290,ORD_101290,1,81,CUST_0081,35,PROD_0035,Watches Pro-Series 2,Apparel & Fashion,20260703,2026-07-03,2026-07-03 06:00:00,4,LATAM,Premium,2,495.6,99.12,991.2,892.08,PayPal
1291,ORD_101291,1,212,CUST_0212,14,PROD_0014,Coffee Makers Pro-Series 2,Home & Kitchen,20260118,2026-01-18,2026-01-18 10:00:00,2,EMEA,Premium,1,94.28,0.0,94.28,94.28,Credit Card
1292,ORD_101292,1,257,CUST_0257,26,PROD_0026,Men's Jackets Pro-Series 2,Apparel & Fashion,20260624,2026-06-24,2026-06-24 03:00:00,4,LATAM,Standard,1,387.88,19.39,387.88,368.49,Apple Pay
1293,ORD_101293,1,118,CUST_0118,41,PROD_0041,Tech Guides Pro-Series 2,Books & Media,20251105,2025-11-05,2025-11-05 00:00:00,2,EMEA,Standard,1,539.9,53.99,539.9,485.91,Credit Card
1294,ORD_101294,1,206,CUST_0206,9,PROD_0009,Audio Headphones Pro-Series 3,Consumer Electronics,20260122,2026-01-22,2026-01-22 20:00:00,3,APAC,Standard,1,512.06,0.0,512.06,512.06,Credit Card
1295,ORD_101295,1,361,CUST_0361,27,PROD_0027,Men's Jackets Pro-Series 3,Apparel & Fashion,20260601,2026-06-01,2026-06-01 23:00:00,1,North America,Standard,1,452.99,22.65,452.99,430.34,Credit Card
1296,ORD_101296,1,426,CUST_0426,39,PROD_0039,Hardcover Novels Pro-Series 3,Books & Media,20260205,2026-02-05,2026-02-05 06:00:00,3,APAC,Standard,3,217.64,97.94,652.92,554.98,Credit Card
1297,ORD_101297,1,235,CUST_0235,13,PROD_0013,Coffee Makers Pro-Series 1,Home & Kitchen,20251106,2025-11-06,2025-11-06 08:00:00,1,North America,Premium,3,177.25,79.76,531.75,451.99,Debit Card
1298,ORD_101298,1,48,CUST_0048,15,PROD_0015,Coffee Makers Pro-Series 3,Home & Kitchen,20251026,2025-10-26,2025-10-26 13:00:00,4,LATAM,Standard,5,397.04,198.52,1985.2,1786.68,Debit Card
1299,ORD_101299,1,274,CUST_0274,33,PROD_0033,Sportswear Pro-Series 3,Apparel & Fashion,20251019,2025-10-19,2025-10-19 22:00:00,2,EMEA,Standard,4,230.01,0.0,920.04,920.04,Debit Card
1300,ORD_101300,1,391,CUST_0391,35,PROD_0035,Watches Pro-Series 2,Apparel & Fashion,20260208,2026-02-08,2026-02-08 11:00:00,1,North America,Standard,4,495.6,99.12,1982.4,1883.28,Credit Card
1301,ORD_101301,1,229,CUST_0229,24,PROD_0024,Robotic Vacuums Pro-Series 3,Home & Kitchen,20260211,2026-02-11,2026-02-11 07:00:00,4,LATAM,Standard,5,106.82,0.0,534.1,534.1,Apple Pay
1302,ORD_101302,1,415,CUST_0415,41,PROD_0041,Tech Guides Pro-Series 2,Books & Media,20251207,2025-12-07,2025-12-07 04:00:00,1,North America,Premium,1,539.9,27.0,539.9,512.9,PayPal
1303,ORD_101303,1,128,CUST_0128,6,PROD_0006,Laptops Pro-Series 3,Consumer Electronics,20260517,2026-05-17,2026-05-17 18:00:00,2,EMEA,Premium,4,304.52,182.71,1218.08,1035.37,PayPal
1304,ORD_101304,1,130,CUST_0130,27,PROD_0027,Men's Jackets Pro-Series 3,Apparel & Fashion,20250302,2025-03-02,2025-03-02 15:00:00,3,APAC,VIP,3,452.99,67.95,1358.97,1291.02,Credit Card
1305,ORD_101305,1,290,CUST_0290,39,PROD_0039,Hardcover Novels Pro-Series 3,Books & Media,20251126,2025-11-26,2025-11-26 22:00:00,4,LATAM,Standard,1,217.64,21.76,217.64,195.88,PayPal
1306,ORD_101306,1,280,CUST_0280,32,PROD_0032,Sportswear Pro-Series 2,Apparel & Fashion,20260730,2026-07-30,2026-07-30 15:00:00,3,APAC,Premium,2,106.55,21.31,213.1,191.79,Debit Card
1307,ORD_101307,1,285,CUST_0285,6,PROD_0006,Laptops Pro-Series 3,Consumer Electronics,20260510,2026-05-10,2026-05-10 16:00:00,1,North America,Standard,4,304.52,0.0,1218.08,1218.08,Debit Card
1308,ORD_101308,1,83,CUST_0083,34,PROD_0034,Watches Pro-Series 1,Apparel & Fashion,20250511,2025-05-11,2025-05-11 00:00:00,1,North America,Premium,2,277.89,27.79,555.78,527.99,Debit Card
1309,ORD_101309,1,454,CUST_0454,28,PROD_0028,Women's Sneakers Pro-Series 1,Apparel & Fashion,20250427,2025-04-27,2025-04-27 01:00:00,4,LATAM,Standard,2,301.74,90.52,603.48,512.96,PayPal
1310,ORD_101310,1,205,CUST_0205,1,PROD_0001,Smartphones Pro-Series 1,Consumer Electronics,20260715,2026-07-15,2026-07-15 13:00:00,3,APAC,Standard,1,247.49,37.12,247.49,210.37,Apple Pay
1311,ORD_101311,1,166,CUST_0166,40,PROD_0040,Tech Guides Pro-Series 1,Books & Media,20251005,2025-10-05,2025-10-05 16:00:00,3,APAC,Standard,5,507.6,126.9,2538.0,2411.1,PayPal
1312,ORD_101312,1,351,CUST_0351,14,PROD_0014,Coffee Makers Pro-Series 2,Home & Kitchen,20251025,2025-10-25,2025-10-25 16:00:00,3,APAC,Standard,5,94.28,47.14,471.4,424.26,Debit Card
1313,ORD_101313,1,480,CUST_0480,22,PROD_0022,Robotic Vacuums Pro-Series 1,Home & Kitchen,20260419,2026-04-19,2026-04-19 06:00:00,2,EMEA,Standard,2,573.0,171.9,1146.0,974.1,Credit Card
1314,ORD_101314,1,92,CUST_0092,10,PROD_0010,Smartwatches Pro-Series 1,Consumer Electronics,20251122,2025-11-22,2025-11-22 13:00:00,4,LATAM,VIP,1,238.77,0.0,238.77,238.77,Apple Pay
1315,ORD_101315,1,356,CUST_0356,7,PROD_0007,Audio Headphones Pro-Series 1,Consumer Electronics,20250712,2025-07-12,2025-07-12 06:00:00,4,LATAM,Premium,3,136.35,0.0,409.05,409.05,Credit Card
1316,ORD_101316,1,81,CUST_0081,5,PROD_0005,Laptops Pro-Series 2,Consumer Electronics,20260425,2026-04-25,2026-04-25 19:00:00,3,APAC,Premium,5,144.32,36.08,721.6,685.52,Apple Pay
1317,ORD_101317,1,141,CUST_0141,19,PROD_0019,Blenders Pro-Series 1,Home & Kitchen,20250115,2025-01-15,2025-01-15 06:00:00,4,LATAM,Standard,5,523.93,261.96,2619.65,2357.69,Apple Pay
1318,ORD_101318,1,288,CUST_0288,35,PROD_0035,Watches Pro-Series 2,Apparel & Fashion,20260217,2026-02-17,2026-02-17 08:00:00,2,EMEA,Standard,1,495.6,24.78,495.6,470.82,Credit Card
1319,ORD_101319,1,92,CUST_0092,17,PROD_0017,Air Fryers Pro-Series 2,Home & Kitchen,20250810,2025-08-10,2025-08-10 08:00:00,1,North America,VIP,2,438.78,131.63,877.56,745.93,Apple Pay
1320,ORD_101320,1,310,CUST_0310,18,PROD_0018,Air Fryers Pro-Series 3,Home & Kitchen,20260813,2026-08-13,2026-08-13 18:00:00,4,LATAM,Standard,2,497.95,49.8,995.9,946.1,Credit Card
1321,ORD_101321,1,47,CUST_0047,40,PROD_0040,Tech Guides Pro-Series 1,Books & Media,20250826,2025-08-26,2025-08-26 06:00:00,2,EMEA,Standard,2,507.6,50.76,1015.2,964.44,Debit Card
1322,ORD_101322,1,40,CUST_0040,4,PROD_0004,Laptops Pro-Series 1,Consumer Electronics,20250101,2025-01-01,2025-01-01 10:00:00,2,EMEA,Standard,5,328.32,246.24,1641.6,1395.36,Debit Card
1323,ORD_101323,1,155,CUST_0155,33,PROD_0033,Sportswear Pro-Series 3,Apparel & Fashion,20260429,2026-04-29,2026-04-29 10:00:00,1,North America,Standard,2,230.01,69.0,460.02,391.02,Debit Card
1324,ORD_101324,1,243,CUST_0243,23,PROD_0023,Robotic Vacuums Pro-Series 2,Home & Kitchen,20260130,2026-01-30,2026-01-30 22:00:00,3,APAC,Standard,5,80.72,40.36,403.6,363.24,Credit Card
1325,ORD_101325,1,485,CUST_0485,41,PROD_0041,Tech Guides Pro-Series 2,Books & Media,20250808,2025-08-08,2025-08-08 05:00:00,3,APAC,Standard,2,539.9,161.97,1079.8,917.83,Debit Card
1326,ORD_101326,1,404,CUST_0404,17,PROD_0017,Air Fryers Pro-Series 2,Home & Kitchen,20260517,2026-05-17,2026-05-17 22:00:00,1,North America,Premium,5,438.78,329.08,2193.9,1864.82,Apple Pay
1327,ORD_101327,1,444,CUST_0444,24,PROD_0024,Robotic Vacuums Pro-Series 3,Home & Kitchen,20250702,2025-07-02,2025-07-02 00:00:00,4,LATAM,Standard,3,106.82,48.07,320.46,272.39,PayPal
1328,ORD_101328,1,196,CUST_0196,24,PROD_0024,Robotic Vacuums Pro-Series 3,Home & Kitchen,20260728,2026-07-28,2026-07-28 06:00:00,2,EMEA,Standard,1,106.82,5.34,106.82,101.48,Debit Card
1329,ORD_101329,1,100,CUST_0100,1,PROD_0001,Smartphones Pro-Series 1,Consumer Electronics,20260105,2026-01-05,2026-01-05 16:00:00,3,APAC,Standard,3,247.49,0.0,742.47,742.47,Apple Pay
1330,ORD_101330,1,472,CUST_0472,1,PROD_0001,Smartphones Pro-Series 1,Consumer Electronics,20250917,2025-09-17,2025-09-17 16:00:00,3,APAC,Premium,1,247.49,24.75,247.49,222.74,Debit Card
1331,ORD_101331,1,357,CUST_0357,17,PROD_0017,Air Fryers Pro-Series 2,Home & Kitchen,20260212,2026-02-12,2026-02-12 01:00:00,3,APAC,Premium,1,438.78,0.0,438.78,438.78,Debit Card
1332,ORD_101332,1,89,CUST_0089,31,PROD_0031,Sportswear Pro-Series 1,Apparel & Fashion,20260411,2026-04-11,2026-04-11 15:00:00,1,North America,Standard,1,610.97,61.1,610.97,549.87,Credit Card
1333,ORD_101333,1,377,CUST_0377,12,PROD_0012,Smartwatches Pro-Series 3,Consumer Electronics,20250606,2025-06-06,2025-06-06 22:00:00,2,EMEA,Standard,1,414.15,62.12,414.15,352.03,Credit Card
1334,ORD_101334,1,327,CUST_0327,4,PROD_0004,Laptops Pro-Series 1,Consumer Electronics,20250227,2025-02-27,2025-02-27 14:00:00,3,APAC,Premium,1,328.32,32.83,328.32,295.49,PayPal
1335,ORD_101335,1,429,CUST_0429,44,PROD_0044,Audiobooks Pro-Series 2,Books & Media,20250118,2025-01-18,2025-01-18 10:00:00,3,APAC,Standard,2,86.85,17.37,173.7,156.33,Credit Card
1336,ORD_101336,1,429,CUST_0429,43,PROD_0043,Audiobooks Pro-Series 1,Books & Media,20260217,2026-02-17,2026-02-17 13:00:00,1,North America,Standard,1,262.83,13.14,262.83,249.69,PayPal
1337,ORD_101337,1,89,CUST_0089,29,PROD_0029,Women's Sneakers Pro-Series 2,Apparel & Fashion,20251001,2025-10-01,2025-10-01 02:00:00,1,North America,Standard,3,420.39,63.06,1261.17,1198.11,Debit Card
1338,ORD_101338,1,383,CUST_0383,1,PROD_0001,Smartphones Pro-Series 1,Consumer Electronics,20250627,2025-06-27,2025-06-27 20:00:00,3,APAC,Standard,3,247.49,74.25,742.47,668.22,Credit Card
1339,ORD_101339,1,291,CUST_0291,45,PROD_0045,Audiobooks Pro-Series 3,Books & Media,20251216,2025-12-16,2025-12-16 14:00:00,1,North America,Premium,5,512.51,384.38,2562.55,2178.17,Credit Card
1340,ORD_101340,1,94,CUST_0094,6,PROD_0006,Laptops Pro-Series 3,Consumer Electronics,20250430,2025-04-30,2025-04-30 02:00:00,2,EMEA,Premium,3,304.52,0.0,913.56,913.56,PayPal
1341,ORD_101341,1,327,CUST_0327,24,PROD_0024,Robotic Vacuums Pro-Series 3,Home & Kitchen,20250111,2025-01-11,2025-01-11 06:00:00,4,LATAM,Premium,1,106.82,5.34,106.82,101.48,Apple Pay
1342,ORD_101342,1,387,CUST_0387,9,PROD_0009,Audio Headphones Pro-Series 3,Consumer Electronics,20250715,2025-07-15,2025-07-15 23:00:00,3,APAC,Premium,1,512.06,76.81,512.06,435.25,Apple Pay
1343,ORD_101343,1,72,CUST_0072,37,PROD_0037,Hardcover Novels Pro-Series 1,Books & Media,20250702,2025-07-02,2025-07-02 08:00:00,3,APAC,Premium,4,271.24,54.25,1084.96,1030.71,PayPal
1344,ORD_101344,1,91,CUST_0091,19,PROD_0019,Blenders Pro-Series 1,Home & Kitchen,20251007,2025-10-07,2025-10-07 06:00:00,3,APAC,Standard,4,523.93,209.57,2095.72,1886.15,Credit Card
1345,ORD_101345,1,297,CUST_0297,24,PROD_0024,Robotic Vacuums Pro-Series 3,Home & Kitchen,20260517,2026-05-17,2026-05-17 11:00:00,3,APAC,Standard,5,106.82,80.11,534.1,453.99,PayPal
1346,ORD_101346,1,198,CUST_0198,10,PROD_0010,Smartwatches Pro-Series 1,Consumer Electronics,20250207,2025-02-07,2025-02-07 18:00:00,2,EMEA,VIP,4,238.77,95.51,955.08,859.57,Apple Pay
1347,ORD_101347,1,359,CUST_0359,33,PROD_0033,Sportswear Pro-Series 3,Apparel & Fashion,20250801,2025-08-01,2025-08-01 10:00:00,3,APAC,Standard,1,230.01,11.5,230.01,218.51,Apple Pay
1348,ORD_101348,1,134,CUST_0134,3,PROD_0003,Smartphones Pro-Series 3,Consumer Electronics,20250812,2025-08-12,2025-08-12 14:00:00,1,North America,Premium,5,194.64,48.66,973.2,924.54,Debit Card
1349,ORD_101349,1,301,CUST_0301,21,PROD_0021,Blenders Pro-Series 3,Home & Kitchen,20250524,2025-05-24,2025-05-24 14:00:00,3,APAC,Premium,5,137.29,102.97,686.45,583.48,Credit Card
1350,ORD_101350,1,54,CUST_0054,41,PROD_0041,Tech Guides Pro-Series 2,Books & Media,20251127,2025-11-27,2025-11-27 22:00:00,3,APAC,Standard,1,539.9,27.0,539.9,512.9,Debit Card
1351,ORD_101351,1,173,CUST_0173,42,PROD_0042,Tech Guides Pro-Series 3,Books & Media,20260502,2026-05-02,2026-05-02 10:00:00,1,North America,Premium,2,201.79,40.36,403.58,363.22,Apple Pay
1352,ORD_101352,1,280,CUST_0280,12,PROD_0012,Smartwatches Pro-Series 3,Consumer Electronics,20250616,2025-06-16,2025-06-16 14:00:00,1,North America,Premium,4,414.15,248.49,1656.6,1408.11,Debit Card
1353,ORD_101353,1,428,CUST_0428,16,PROD_0016,Air Fryers Pro-Series 1,Home & Kitchen,20260213,2026-02-13,2026-02-13 15:00:00,3,APAC,Standard,3,403.75,121.12,1211.25,1090.13,Debit Card
1354,ORD_101354,1,21,CUST_0021,15,PROD_0015,Coffee Makers Pro-Series 3,Home & Kitchen,20260215,2026-02-15,2026-02-15 09:00:00,1,North America,Premium,4,397.04,238.22,1588.16,1349.94,Apple Pay
1355,ORD_101355,1,304,CUST_0304,2,PROD_0002,Smartphones Pro-Series 2,Consumer Electronics,20260815,2026-08-15,2026-08-15 12:00:00,2,EMEA,Standard,5,484.7,121.18,2423.5,2302.32,Apple Pay
1356,ORD_101356,1,488,CUST_0488,37,PROD_0037,Hardcover Novels Pro-Series 1,Books & Media,20260621,2026-06-21,2026-06-21 06:00:00,2,EMEA,VIP,2,271.24,54.25,542.48,488.23,Credit Card
1357,ORD_101357,1,406,CUST_0406,10,PROD_0010,Smartwatches Pro-Series 1,Consumer Electronics,20250403,2025-04-03,2025-04-03 09:00:00,3,APAC,Premium,4,238.77,143.26,955.08,811.82,PayPal
1358,ORD_101358,1,338,CUST_0338,10,PROD_0010,Smartwatches Pro-Series 1,Consumer Electronics,20260417,2026-04-17,2026-04-17 00:00:00,2,EMEA,Premium,2,238.77,47.75,477.54,429.79,Apple Pay
1359,ORD_101359,1,121,CUST_0121,14,PROD_0014,Coffee Makers Pro-Series 2,Home & Kitchen,20250324,2025-03-24,2025-03-24 05:00:00,4,LATAM,Premium,1,94.28,4.71,94.28,89.57,PayPal
1360,ORD_101360,1,3,CUST_0003,31,PROD_0031,Sportswear Pro-Series 1,Apparel & Fashion,20260723,2026-07-23,2026-07-23 11:00:00,2,EMEA,Standard,3,610.97,0.0,1832.91,1832.91,Debit Card
1361,ORD_101361,1,202,CUST_0202,45,PROD_0045,Audiobooks Pro-Series 3,Books & Media,20260718,2026-07-18,2026-07-18 21:00:00,2,EMEA,Standard,4,512.51,307.51,2050.04,1742.53,Debit Card
1362,ORD_101362,1,199,CUST_0199,9,PROD_0009,Audio Headphones Pro-Series 3,Consumer Electronics,20250906,2025-09-06,2025-09-06 03:00:00,3,APAC,Premium,2,512.06,153.62,1024.12,870.5,Apple Pay
1363,ORD_101363,1,374,CUST_0374,28,PROD_0028,Women's Sneakers Pro-Series 1,Apparel & Fashion,20251017,2025-10-17,2025-10-17 21:00:00,4,LATAM,Premium,5,301.74,0.0,1508.7,1508.7,Apple Pay
1364,ORD_101364,1,380,CUST_0380,38,PROD_0038,Hardcover Novels Pro-Series 2,Books & Media,20260516,2026-05-16,2026-05-16 21:00:00,1,North America,Premium,2,157.75,15.78,315.5,299.72,PayPal
1365,ORD_101365,1,175,CUST_0175,33,PROD_0033,Sportswear Pro-Series 3,Apparel & Fashion,20260113,2026-01-13,2026-01-13 11:00:00,1,North America,VIP,5,230.01,172.51,1150.05,977.54,Credit Card
1366,ORD_101366,1,256,CUST_0256,13,PROD_0013,Coffee Makers Pro-Series 1,Home & Kitchen,20250824,2025-08-24,2025-08-24 04:00:00,1,North America,Premium,2,177.25,35.45,354.5,319.05,Debit Card
1367,ORD_101367,1,197,CUST_0197,42,PROD_0042,Tech Guides Pro-Series 3,Books & Media,20250406,2025-04-06,2025-04-06 10:00:00,2,EMEA,Standard,4,201.79,40.36,807.16,766.8,Apple Pay
1368,ORD_101368,1,346,CUST_0346,31,PROD_0031,Sportswear Pro-Series 1,Apparel & Fashion,20251115,2025-11-15,2025-11-15 12:00:00,1,North America,Standard,3,610.97,274.94,1832.91,1557.97,PayPal
1369,ORD_101369,1,350,CUST_0350,34,PROD_0034,Watches Pro-Series 1,Apparel & Fashion,20250617,2025-06-17,2025-06-17 12:00:00,1,North America,Standard,4,277.89,0.0,1111.56,1111.56,Apple Pay
1370,ORD_101370,1,442,CUST_0442,26,PROD_0026,Men's Jackets Pro-Series 2,Apparel & Fashion,20250414,2025-04-14,2025-04-14 20:00:00,1,North America,Standard,2,387.88,77.58,775.76,698.18,PayPal
1371,ORD_101371,1,197,CUST_0197,44,PROD_0044,Audiobooks Pro-Series 2,Books & Media,20260812,2026-08-12,2026-08-12 16:00:00,4,LATAM,Standard,1,86.85,13.03,86.85,73.82,Debit Card
1372,ORD_101372,1,156,CUST_0156,28,PROD_0028,Women's Sneakers Pro-Series 1,Apparel & Fashion,20260309,2026-03-09,2026-03-09 01:00:00,3,APAC,Standard,1,301.74,45.26,301.74,256.48,Apple Pay
1373,ORD_101373,1,172,CUST_0172,35,PROD_0035,Watches Pro-Series 2,Apparel & Fashion,20260430,2026-04-30,2026-04-30 22:00:00,3,APAC,Standard,1,495.6,24.78,495.6,470.82,Debit Card
1374,ORD_101374,1,446,CUST_0446,44,PROD_0044,Audiobooks Pro-Series 2,Books & Media,20260629,2026-06-29,2026-06-29 12:00:00,1,North America,Standard,2,86.85,0.0,173.7,173.7,Apple Pay
1375,ORD_101375,1,264,CUST_0264,40,PROD_0040,Tech Guides Pro-Series 1,Books & Media,20250922,2025-09-22,2025-09-22 06:00:00,4,LATAM,Premium,4,507.6,0.0,2030.4,2030.4,Debit Card
1376,ORD_101376,1,63,CUST_0063,32,PROD_0032,Sportswear Pro-Series 2,Apparel & Fashion,20251016,2025-10-16,2025-10-16 01:00:00,4,LATAM,Standard,3,106.55,0.0,319.65,319.65,Apple Pay
1377,ORD_101377,1,173,CUST_0173,44,PROD_0044,Audiobooks Pro-Series 2,Books & Media,20250916,2025-09-16,2025-09-16 13:00:00,3,APAC,Premium,1,86.85,8.69,86.85,78.16,PayPal
1378,ORD_101378,1,214,CUST_0214,2,PROD_0002,Smartphones Pro-Series 2,Consumer Electronics,20251028,2025-10-28,2025-10-28 11:00:00,4,LATAM,Premium,3,484.7,145.41,1454.1,1308.69,Credit Card
1379,ORD_101379,1,375,CUST_0375,3,PROD_0003,Smartphones Pro-Series 3,Consumer Electronics,20250425,2025-04-25,2025-04-25 11:00:00,4,LATAM,Premium,2,194.64,19.46,389.28,369.82,Credit Card
1380,ORD_101380,1,65,CUST_0065,10,PROD_0010,Smartwatches Pro-Series 1,Consumer Electronics,20260702,2026-07-02,2026-07-02 03:00:00,4,LATAM,Standard,4,238.77,95.51,955.08,859.57,Apple Pay
1381,ORD_101381,1,317,CUST_0317,16,PROD_0016,Air Fryers Pro-Series 1,Home & Kitchen,20260415,2026-04-15,2026-04-15 22:00:00,4,LATAM,Standard,1,403.75,0.0,403.75,403.75,Apple Pay
1382,ORD_101382,1,76,CUST_0076,39,PROD_0039,Hardcover Novels Pro-Series 3,Books & Media,20260117,2026-01-17,2026-01-17 01:00:00,1,North America,Premium,4,217.64,0.0,870.56,870.56,Apple Pay
1383,ORD_101383,1,206,CUST_0206,2,PROD_0002,Smartphones Pro-Series 2,Consumer Electronics,20251106,2025-11-06,2025-11-06 13:00:00,2,EMEA,Standard,3,484.7,0.0,1454.1,1454.1,Debit Card
1384,ORD_101384,1,293,CUST_0293,17,PROD_0017,Air Fryers Pro-Series 2,Home & Kitchen,20250430,2025-04-30,2025-04-30 06:00:00,3,APAC,Premium,5,438.78,109.69,2193.9,2084.21,Credit Card
1385,ORD_101385,1,243,CUST_0243,14,PROD_0014,Coffee Makers Pro-Series 2,Home & Kitchen,20260119,2026-01-19,2026-01-19 18:00:00,4,LATAM,Standard,3,94.28,14.14,282.84,268.7,Apple Pay
1386,ORD_101386,1,24,CUST_0024,39,PROD_0039,Hardcover Novels Pro-Series 3,Books & Media,20260529,2026-05-29,2026-05-29 21:00:00,4,LATAM,Standard,2,217.64,43.53,435.28,391.75,Apple Pay
1387,ORD_101387,1,107,CUST_0107,2,PROD_0002,Smartphones Pro-Series 2,Consumer Electronics,20250106,2025-01-06,2025-01-06 13:00:00,4,LATAM,Premium,2,484.7,96.94,969.4,872.46,Apple Pay
1388,ORD_101388,1,405,CUST_0405,41,PROD_0041,Tech Guides Pro-Series 2,Books & Media,20260419,2026-04-19,2026-04-19 19:00:00,3,APAC,Standard,1,539.9,27.0,539.9,512.9,PayPal
1389,ORD_101389,1,167,CUST_0167,15,PROD_0015,Coffee Makers Pro-Series 3,Home & Kitchen,20250119,2025-01-19,2025-01-19 22:00:00,1,North America,Standard,5,397.04,198.52,1985.2,1786.68,Debit Card
1390,ORD_101390,1,305,CUST_0305,22,PROD_0022,Robotic Vacuums Pro-Series 1,Home & Kitchen,20260307,2026-03-07,2026-03-07 20:00:00,4,LATAM,Standard,4,573.0,0.0,2292.0,2292.0,Apple Pay
1391,ORD_101391,1,178,CUST_0178,29,PROD_0029,Women's Sneakers Pro-Series 2,Apparel & Fashion,20251215,2025-12-15,2025-12-15 10:00:00,2,EMEA,Standard,4,420.39,252.23,1681.56,1429.33,PayPal
1392,ORD_101392,1,88,CUST_0088,44,PROD_0044,Audiobooks Pro-Series 2,Books & Media,20260630,2026-06-30,2026-06-30 22:00:00,4,LATAM,VIP,3,86.85,39.08,260.55,221.47,Credit Card
1393,ORD_101393,1,324,CUST_0324,32,PROD_0032,Sportswear Pro-Series 2,Apparel & Fashion,20260809,2026-08-09,2026-08-09 02:00:00,3,APAC,VIP,1,106.55,5.33,106.55,101.22,Apple Pay
1394,ORD_101394,1,385,CUST_0385,21,PROD_0021,Blenders Pro-Series 3,Home & Kitchen,20251108,2025-11-08,2025-11-08 09:00:00,4,LATAM,Standard,4,137.29,0.0,549.16,549.16,PayPal
1395,ORD_101395,1,320,CUST_0320,23,PROD_0023,Robotic Vacuums Pro-Series 2,Home & Kitchen,20260822,2026-08-22,2026-08-22 05:00:00,4,LATAM,Premium,4,80.72,0.0,322.88,322.88,Apple Pay
1396,ORD_101396,1,252,CUST_0252,16,PROD_0016,Air Fryers Pro-Series 1,Home & Kitchen,20260724,2026-07-24,2026-07-24 23:00:00,4,LATAM,Standard,5,403.75,100.94,2018.75,1917.81,Debit Card
1397,ORD_101397,1,203,CUST_0203,14,PROD_0014,Coffee Makers Pro-Series 2,Home & Kitchen,20250507,2025-05-07,2025-05-07 03:00:00,2,EMEA,Standard,1,94.28,9.43,94.28,84.85,PayPal
1398,ORD_101398,1,206,CUST_0206,36,PROD_0036,Watches Pro-Series 3,Apparel & Fashion,20250612,2025-06-12,2025-06-12 23:00:00,4,LATAM,Standard,3,387.69,58.15,1163.07,1104.92,Debit Card
1399,ORD_101399,1,395,CUST_0395,24,PROD_0024,Robotic Vacuums Pro-Series 3,Home & Kitchen,20251013,2025-10-13,2025-10-13 10:00:00,1,North America,Premium,3,106.82,48.07,320.46,272.39,PayPal
1400,ORD_101400,1,388,CUST_0388,30,PROD_0030,Women's Sneakers Pro-Series 3,Apparel & Fashion,20260218,2026-02-18,2026-02-18 15:00:00,3,APAC,Standard,4,378.05,75.61,1512.2,1436.59,PayPal
1401,ORD_101401,1,2,CUST_0002,35,PROD_0035,Watches Pro-Series 2,Apparel & Fashion,20260214,2026-02-14,2026-02-14 09:00:00,3,APAC,Premium,4,495.6,99.12,1982.4,1883.28,Credit Card
1402,ORD_101402,1,335,CUST_0335,27,PROD_0027,Men's Jackets Pro-Series 3,Apparel & Fashion,20260128,2026-01-28,2026-01-28 18:00:00,4,LATAM,Standard,4,452.99,90.6,1811.96,1721.36,Credit Card
1403,ORD_101403,1,313,CUST_0313,40,PROD_0040,Tech Guides Pro-Series 1,Books & Media,20250818,2025-08-18,2025-08-18 04:00:00,1,North America,Standard,5,507.6,380.7,2538.0,2157.3,Credit Card
1404,ORD_101404,1,128,CUST_0128,11,PROD_0011,Smartwatches Pro-Series 2,Consumer Electronics,20251129,2025-11-29,2025-11-29 19:00:00,4,LATAM,Premium,1,627.26,62.73,627.26,564.53,Credit Card
1405,ORD_101405,1,262,CUST_0262,13,PROD_0013,Coffee Makers Pro-Series 1,Home & Kitchen,20260203,2026-02-03,2026-02-03 17:00:00,2,EMEA,Standard,4,177.25,70.9,709.0,638.1,PayPal
1406,ORD_101406,1,480,CUST_0480,13,PROD_0013,Coffee Makers Pro-Series 1,Home & Kitchen,20250629,2025-06-29,2025-06-29 15:00:00,3,APAC,Standard,2,177.25,35.45,354.5,319.05,Credit Card
1407,ORD_101407,1,296,CUST_0296,30,PROD_0030,Women's Sneakers Pro-Series 3,Apparel & Fashion,20250201,2025-02-01,2025-02-01 06:00:00,4,LATAM,Standard,2,378.05,113.42,756.1,642.68,PayPal
1408,ORD_101408,1,257,CUST_0257,42,PROD_0042,Tech Guides Pro-Series 3,Books & Media,20250701,2025-07-01,2025-07-01 14:00:00,1,North America,Standard,5,201.79,100.89,1008.95,908.06,PayPal
1409,ORD_101409,1,370,CUST_0370,5,PROD_0005,Laptops Pro-Series 2,Consumer Electronics,20250908,2025-09-08,2025-09-08 14:00:00,1,North America,Premium,1,144.32,21.65,144.32,122.67,Debit Card
1410,ORD_101410,1,401,CUST_0401,27,PROD_0027,Men's Jackets Pro-Series 3,Apparel & Fashion,20260130,2026-01-30,2026-01-30 02:00:00,3,APAC,Standard,5,452.99,0.0,2264.95,2264.95,Credit Card
1411,ORD_101411,1,424,CUST_0424,4,PROD_0004,Laptops Pro-Series 1,Consumer Electronics,20260326,2026-03-26,2026-03-26 15:00:00,3,APAC,Standard,4,328.32,0.0,1313.28,1313.28,Apple Pay
1412,ORD_101412,1,475,CUST_0475,33,PROD_0033,Sportswear Pro-Series 3,Apparel & Fashion,20260214,2026-02-14,2026-02-14 22:00:00,4,LATAM,Standard,4,230.01,0.0,920.04,920.04,Credit Card
1413,ORD_101413,1,389,CUST_0389,38,PROD_0038,Hardcover Novels Pro-Series 2,Books & Media,20250530,2025-05-30,2025-05-30 08:00:00,1,North America,Premium,2,157.75,31.55,315.5,283.95,Debit Card
1414,ORD_101414,1,468,CUST_0468,16,PROD_0016,Air Fryers Pro-Series 1,Home & Kitchen,20251214,2025-12-14,2025-12-14 04:00:00,4,LATAM,Standard,2,403.75,80.75,807.5,726.75,Credit Card
1415,ORD_101415,1,356,CUST_0356,5,PROD_0005,Laptops Pro-Series 2,Consumer Electronics,20251204,2025-12-04,2025-12-04 20:00:00,4,LATAM,Premium,4,144.32,28.86,577.28,548.42,Apple Pay
1416,ORD_101416,1,353,CUST_0353,29,PROD_0029,Women's Sneakers Pro-Series 2,Apparel & Fashion,20251217,2025-12-17,2025-12-17 09:00:00,3,APAC,Standard,4,420.39,168.16,1681.56,1513.4,Apple Pay
1417,ORD_101417,1,76,CUST_0076,34,PROD_0034,Watches Pro-Series 1,Apparel & Fashion,20250206,2025-02-06,2025-02-06 04:00:00,3,APAC,Premium,1,277.89,13.89,277.89,264.0,Apple Pay
1418,ORD_101418,1,366,CUST_0366,19,PROD_0019,Blenders Pro-Series 1,Home & Kitchen,20260801,2026-08-01,2026-08-01 11:00:00,3,APAC,Premium,2,523.93,104.79,1047.86,943.07,Debit Card
1419,ORD_101419,1,151,CUST_0151,10,PROD_0010,Smartwatches Pro-Series 1,Consumer Electronics,20260327,2026-03-27,2026-03-27 21:00:00,2,EMEA,Standard,2,238.77,47.75,477.54,429.79,Debit Card
1420,ORD_101420,1,117,CUST_0117,2,PROD_0002,Smartphones Pro-Series 2,Consumer Electronics,20250921,2025-09-21,2025-09-21 20:00:00,2,EMEA,Standard,5,484.7,242.35,2423.5,2181.15,PayPal
1421,ORD_101421,1,133,CUST_0133,24,PROD_0024,Robotic Vacuums Pro-Series 3,Home & Kitchen,20260822,2026-08-22,2026-08-22 00:00:00,4,LATAM,VIP,4,106.82,21.36,427.28,405.92,Apple Pay
1422,ORD_101422,1,437,CUST_0437,33,PROD_0033,Sportswear Pro-Series 3,Apparel & Fashion,20250609,2025-06-09,2025-06-09 18:00:00,3,APAC,Premium,5,230.01,115.0,1150.05,1035.05,Debit Card
1423,ORD_101423,1,87,CUST_0087,34,PROD_0034,Watches Pro-Series 1,Apparel & Fashion,20260512,2026-05-12,2026-05-12 20:00:00,4,LATAM,VIP,2,277.89,83.37,555.78,472.41,Debit Card
1424,ORD_101424,1,485,CUST_0485,5,PROD_0005,Laptops Pro-Series 2,Consumer Electronics,20250115,2025-01-15,2025-01-15 21:00:00,3,APAC,Standard,2,144.32,28.86,288.64,259.78,PayPal
1425,ORD_101425,1,143,CUST_0143,39,PROD_0039,Hardcover Novels Pro-Series 3,Books & Media,20250818,2025-08-18,2025-08-18 04:00:00,1,North America,Premium,2,217.64,43.53,435.28,391.75,Debit Card
1426,ORD_101426,1,468,CUST_0468,41,PROD_0041,Tech Guides Pro-Series 2,Books & Media,20260416,2026-04-16,2026-04-16 18:00:00,1,North America,Standard,5,539.9,134.97,2699.5,2564.53,PayPal
1427,ORD_101427,1,17,CUST_0017,26,PROD_0026,Men's Jackets Pro-Series 2,Apparel & Fashion,20260108,2026-01-08,2026-01-08 21:00:00,1,North America,Premium,3,387.88,0.0,1163.64,1163.64,Apple Pay
1428,ORD_101428,1,434,CUST_0434,35,PROD_0035,Watches Pro-Series 2,Apparel & Fashion,20260721,2026-07-21,2026-07-21 17:00:00,1,North America,VIP,1,495.6,74.34,495.6,421.26,PayPal
1429,ORD_101429,1,409,CUST_0409,12,PROD_0012,Smartwatches Pro-Series 3,Consumer Electronics,20250908,2025-09-08,2025-09-08 08:00:00,2,EMEA,Standard,2,414.15,124.24,828.3,704.06,PayPal
1430,ORD_101430,1,137,CUST_0137,36,PROD_0036,Watches Pro-Series 3,Apparel & Fashion,20250211,2025-02-11,2025-02-11 19:00:00,3,APAC,Premium,1,387.69,19.38,387.69,368.31,Credit Card
1431,ORD_101431,1,156,CUST_0156,4,PROD_0004,Laptops Pro-Series 1,Consumer Electronics,20250516,2025-05-16,2025-05-16 16:00:00,2,EMEA,Standard,2,328.32,32.83,656.64,623.81,Debit Card
1432,ORD_101432,1,275,CUST_0275,4,PROD_0004,Laptops Pro-Series 1,Consumer Electronics,20260421,2026-04-21,2026-04-21 03:00:00,3,APAC,Standard,1,328.32,16.42,328.32,311.9,Debit Card
1433,ORD_101433,1,43,CUST_0043,31,PROD_0031,Sportswear Pro-Series 1,Apparel & Fashion,20250430,2025-04-30,2025-04-30 14:00:00,2,EMEA,Premium,1,610.97,30.55,610.97,580.42,Debit Card
1434,ORD_101434,1,5,CUST_0005,38,PROD_0038,Hardcover Novels Pro-Series 2,Books & Media,20251104,2025-11-04,2025-11-04 18:00:00,4,LATAM,Standard,1,157.75,23.66,157.75,134.09,PayPal
1435,ORD_101435,1,129,CUST_0129,27,PROD_0027,Men's Jackets Pro-Series 3,Apparel & Fashion,20260413,2026-04-13,2026-04-13 00:00:00,3,APAC,Premium,4,452.99,90.6,1811.96,1721.36,Apple Pay
1436,ORD_101436,1,264,CUST_0264,19,PROD_0019,Blenders Pro-Series 1,Home & Kitchen,20260604,2026-06-04,2026-06-04 15:00:00,3,APAC,Premium,3,523.93,78.59,1571.79,1493.2,Apple Pay
1437,ORD_101437,1,288,CUST_0288,33,PROD_0033,Sportswear Pro-Series 3,Apparel & Fashion,20251009,2025-10-09,2025-10-09 21:00:00,3,APAC,Standard,4,230.01,0.0,920.04,920.04,PayPal
1438,ORD_101438,1,164,CUST_0164,33,PROD_0033,Sportswear Pro-Series 3,Apparel & Fashion,20260515,2026-05-15,2026-05-15 00:00:00,4,LATAM,VIP,4,230.01,46.0,920.04,874.04,PayPal
1439,ORD_101439,1,345,CUST_0345,20,PROD_0020,Blenders Pro-Series 2,Home & Kitchen,20250309,2025-03-09,2025-03-09 13:00:00,1,North America,Standard,4,80.82,32.33,323.28,290.95,PayPal
1440,ORD_101440,1,391,CUST_0391,15,PROD_0015,Coffee Makers Pro-Series 3,Home & Kitchen,20250718,2025-07-18,2025-07-18 03:00:00,2,EMEA,Standard,3,397.04,119.11,1191.12,1072.01,Apple Pay
1441,ORD_101441,1,53,CUST_0053,44,PROD_0044,Audiobooks Pro-Series 2,Books & Media,20260628,2026-06-28,2026-06-28 15:00:00,3,APAC,Standard,5,86.85,21.71,434.25,412.54,PayPal
1442,ORD_101442,1,99,CUST_0099,26,PROD_0026,Men's Jackets Pro-Series 2,Apparel & Fashion,20251128,2025-11-28,2025-11-28 05:00:00,2,EMEA,Premium,2,387.88,38.79,775.76,736.97,Apple Pay
1443,ORD_101443,1,335,CUST_0335,39,PROD_0039,Hardcover Novels Pro-Series 3,Books & Media,20260613,2026-06-13,2026-06-13 15:00:00,4,LATAM,Standard,3,217.64,32.65,652.92,620.27,Apple Pay
1444,ORD_101444,1,190,CUST_0190,10,PROD_0010,Smartwatches Pro-Series 1,Consumer Electronics,20260429,2026-04-29,2026-04-29 09:00:00,3,APAC,Standard,3,238.77,71.63,716.31,644.68,Apple Pay
1445,ORD_101445,1,218,CUST_0218,37,PROD_0037,Hardcover Novels Pro-Series 1,Books & Media,20260406,2026-04-06,2026-04-06 09:00:00,4,LATAM,Standard,4,271.24,0.0,1084.96,1084.96,Debit Card
1446,ORD_101446,1,182,CUST_0182,42,PROD_0042,Tech Guides Pro-Series 3,Books & Media,20250226,2025-02-26,2025-02-26 13:00:00,2,EMEA,Standard,4,201.79,80.72,807.16,726.44,Credit Card
1447,ORD_101447,1,339,CUST_0339,17,PROD_0017,Air Fryers Pro-Series 2,Home & Kitchen,20250727,2025-07-27,2025-07-27 06:00:00,3,APAC,Premium,3,438.78,0.0,1316.34,1316.34,Apple Pay
1448,ORD_101448,1,167,CUST_0167,36,PROD_0036,Watches Pro-Series 3,Apparel & Fashion,20260314,2026-03-14,2026-03-14 12:00:00,2,EMEA,Standard,2,387.69,116.31,775.38,659.07,Apple Pay
1449,ORD_101449,1,125,CUST_0125,11,PROD_0011,Smartwatches Pro-Series 2,Consumer Electronics,20250420,2025-04-20,2025-04-20 02:00:00,3,APAC,Standard,4,627.26,376.36,2509.04,2132.68,Credit Card
1450,ORD_101450,1,492,CUST_0492,32,PROD_0032,Sportswear Pro-Series 2,Apparel & Fashion,20260204,2026-02-04,2026-02-04 22:00:00,2,EMEA,Standard,3,106.55,47.95,319.65,271.7,Credit Card
1451,ORD_101451,1,328,CUST_0328,22,PROD_0022,Robotic Vacuums Pro-Series 1,Home & Kitchen,20250414,2025-04-14,2025-04-14 01:00:00,3,APAC,Standard,5,573.0,286.5,2865.0,2578.5,Debit Card
1452,ORD_101452,1,242,CUST_0242,9,PROD_0009,Audio Headphones Pro-Series 3,Consumer Electronics,20251019,2025-10-19,2025-10-19 03:00:00,1,North America,Premium,3,512.06,230.43,1536.18,1305.75,PayPal
1453,ORD_101453,1,154,CUST_0154,37,PROD_0037,Hardcover Novels Pro-Series 1,Books & Media,20250604,2025-06-04,2025-06-04 18:00:00,2,EMEA,Standard,5,271.24,0.0,1356.2,1356.2,Debit Card
1454,ORD_101454,1,294,CUST_0294,35,PROD_0035,Watches Pro-Series 2,Apparel & Fashion,20250909,2025-09-09,2025-09-09 10:00:00,3,APAC,Standard,5,495.6,247.8,2478.0,2230.2,Credit Card
1455,ORD_101455,1,446,CUST_0446,45,PROD_0045,Audiobooks Pro-Series 3,Books & Media,20250524,2025-05-24,2025-05-24 02:00:00,3,APAC,Standard,3,512.51,230.63,1537.53,1306.9,PayPal
1456,ORD_101456,1,240,CUST_0240,15,PROD_0015,Coffee Makers Pro-Series 3,Home & Kitchen,20250708,2025-07-08,2025-07-08 10:00:00,4,LATAM,Standard,3,397.04,119.11,1191.12,1072.01,PayPal
1457,ORD_101457,1,310,CUST_0310,2,PROD_0002,Smartphones Pro-Series 2,Consumer Electronics,20250923,2025-09-23,2025-09-23 08:00:00,2,EMEA,Standard,1,484.7,72.7,484.7,412.0,Debit Card
1458,ORD_101458,1,409,CUST_0409,4,PROD_0004,Laptops Pro-Series 1,Consumer Electronics,20260210,2026-02-10,2026-02-10 15:00:00,1,North America,Standard,5,328.32,164.16,1641.6,1477.44,Credit Card
1459,ORD_101459,1,17,CUST_0017,33,PROD_0033,Sportswear Pro-Series 3,Apparel & Fashion,20260803,2026-08-03,2026-08-03 13:00:00,3,APAC,Premium,5,230.01,172.51,1150.05,977.54,Apple Pay
1460,ORD_101460,1,325,CUST_0325,5,PROD_0005,Laptops Pro-Series 2,Consumer Electronics,20260812,2026-08-12,2026-08-12 10:00:00,1,North America,Standard,5,144.32,0.0,721.6,721.6,Credit Card
1461,ORD_101461,1,409,CUST_0409,33,PROD_0033,Sportswear Pro-Series 3,Apparel & Fashion,20260629,2026-06-29,2026-06-29 05:00:00,1,North America,Standard,5,230.01,172.51,1150.05,977.54,PayPal
1462,ORD_101462,1,221,CUST_0221,18,PROD_0018,Air Fryers Pro-Series 3,Home & Kitchen,20250316,2025-03-16,2025-03-16 21:00:00,4,LATAM,Standard,4,497.95,99.59,1991.8,1892.21,Apple Pay
1463,ORD_101463,1,332,CUST_0332,37,PROD_0037,Hardcover Novels Pro-Series 1,Books & Media,20250316,2025-03-16,2025-03-16 05:00:00,3,APAC,Standard,4,271.24,162.74,1084.96,922.22,Credit Card
1464,ORD_101464,1,151,CUST_0151,1,PROD_0001,Smartphones Pro-Series 1,Consumer Electronics,20260216,2026-02-16,2026-02-16 18:00:00,4,LATAM,Standard,1,247.49,0.0,247.49,247.49,PayPal
1465,ORD_101465,1,78,CUST_0078,17,PROD_0017,Air Fryers Pro-Series 2,Home & Kitchen,20251127,2025-11-27,2025-11-27 13:00:00,2,EMEA,Standard,5,438.78,219.39,2193.9,1974.51,Debit Card
1466,ORD_101466,1,474,CUST_0474,23,PROD_0023,Robotic Vacuums Pro-Series 2,Home & Kitchen,20250725,2025-07-25,2025-07-25 18:00:00,2,EMEA,Premium,2,80.72,8.07,161.44,153.37,PayPal
1467,ORD_101467,1,52,CUST_0052,2,PROD_0002,Smartphones Pro-Series 2,Consumer Electronics,20251112,2025-11-12,2025-11-12 05:00:00,1,North America,Standard,2,484.7,96.94,969.4,872.46,Credit Card
1468,ORD_101468,1,476,CUST_0476,15,PROD_0015,Coffee Makers Pro-Series 3,Home & Kitchen,20251202,2025-12-02,2025-12-02 10:00:00,2,EMEA,Premium,2,397.04,79.41,794.08,714.67,PayPal
1469,ORD_101469,1,120,CUST_0120,14,PROD_0014,Coffee Makers Pro-Series 2,Home & Kitchen,20260311,2026-03-11,2026-03-11 08:00:00,3,APAC,VIP,1,94.28,4.71,94.28,89.57,Debit Card
1470,ORD_101470,1,14,CUST_0014,29,PROD_0029,Women's Sneakers Pro-Series 2,Apparel & Fashion,20250507,2025-05-07,2025-05-07 12:00:00,2,EMEA,Standard,4,420.39,0.0,1681.56,1681.56,Debit Card
1471,ORD_101471,1,102,CUST_0102,14,PROD_0014,Coffee Makers Pro-Series 2,Home & Kitchen,20260326,2026-03-26,2026-03-26 12:00:00,4,LATAM,Premium,5,94.28,0.0,471.4,471.4,Credit Card
1472,ORD_101472,1,468,CUST_0468,38,PROD_0038,Hardcover Novels Pro-Series 2,Books & Media,20250629,2025-06-29,2025-06-29 16:00:00,1,North America,Standard,2,157.75,15.78,315.5,299.72,Credit Card
1473,ORD_101473,1,310,CUST_0310,23,PROD_0023,Robotic Vacuums Pro-Series 2,Home & Kitchen,20260516,2026-05-16,2026-05-16 23:00:00,3,APAC,Standard,4,80.72,16.14,322.88,306.74,PayPal
1474,ORD_101474,1,185,CUST_0185,31,PROD_0031,Sportswear Pro-Series 1,Apparel & Fashion,20250403,2025-04-03,2025-04-03 16:00:00,3,APAC,VIP,5,610.97,0.0,3054.85,3054.85,Debit Card
1475,ORD_101475,1,195,CUST_0195,27,PROD_0027,Men's Jackets Pro-Series 3,Apparel & Fashion,20250117,2025-01-17,2025-01-17 00:00:00,4,LATAM,Premium,1,452.99,45.3,452.99,407.69,Apple Pay
1476,ORD_101476,1,223,CUST_0223,42,PROD_0042,Tech Guides Pro-Series 3,Books & Media,20251114,2025-11-14,2025-11-14 02:00:00,3,APAC,Standard,2,201.79,0.0,403.58,403.58,Debit Card
1477,ORD_101477,1,488,CUST_0488,18,PROD_0018,Air Fryers Pro-Series 3,Home & Kitchen,20260428,2026-04-28,2026-04-28 00:00:00,3,APAC,VIP,1,497.95,24.9,497.95,473.05,PayPal
1478,ORD_101478,1,5,CUST_0005,9,PROD_0009,Audio Headphones Pro-Series 3,Consumer Electronics,20250701,2025-07-01,2025-07-01 18:00:00,2,EMEA,Standard,2,512.06,153.62,1024.12,870.5,Credit Card
1479,ORD_101479,1,411,CUST_0411,14,PROD_0014,Coffee Makers Pro-Series 2,Home & Kitchen,20250304,2025-03-04,2025-03-04 19:00:00,3,APAC,Standard,3,94.28,42.43,282.84,240.41,PayPal
1480,ORD_101480,1,90,CUST_0090,34,PROD_0034,Watches Pro-Series 1,Apparel & Fashion,20260306,2026-03-06,2026-03-06 05:00:00,2,EMEA,VIP,2,277.89,55.58,555.78,500.2,Credit Card
1481,ORD_101481,1,255,CUST_0255,14,PROD_0014,Coffee Makers Pro-Series 2,Home & Kitchen,20250616,2025-06-16,2025-06-16 00:00:00,3,APAC,Standard,4,94.28,37.71,377.12,339.41,Apple Pay
1482,ORD_101482,1,402,CUST_0402,2,PROD_0002,Smartphones Pro-Series 2,Consumer Electronics,20251125,2025-11-25,2025-11-25 00:00:00,3,APAC,Standard,1,484.7,72.7,484.7,412.0,Credit Card
1483,ORD_101483,1,24,CUST_0024,35,PROD_0035,Watches Pro-Series 2,Apparel & Fashion,20250528,2025-05-28,2025-05-28 13:00:00,4,LATAM,Standard,5,495.6,123.9,2478.0,2354.1,PayPal
1484,ORD_101484,1,179,CUST_0179,15,PROD_0015,Coffee Makers Pro-Series 3,Home & Kitchen,20250413,2025-04-13,2025-04-13 00:00:00,1,North America,Standard,4,397.04,0.0,1588.16,1588.16,Credit Card
1485,ORD_101485,1,213,CUST_0213,35,PROD_0035,Watches Pro-Series 2,Apparel & Fashion,20260503,2026-05-03,2026-05-03 14:00:00,4,LATAM,VIP,2,495.6,0.0,991.2,991.2,Apple Pay
1486,ORD_101486,1,461,CUST_0461,17,PROD_0017,Air Fryers Pro-Series 2,Home & Kitchen,20260503,2026-05-03,2026-05-03 15:00:00,2,EMEA,Standard,3,438.78,131.63,1316.34,1184.71,Credit Card
1487,ORD_101487,1,384,CUST_0384,37,PROD_0037,Hardcover Novels Pro-Series 1,Books & Media,20260505,2026-05-05,2026-05-05 15:00:00,2,EMEA,Premium,2,271.24,27.12,542.48,515.36,PayPal
1488,ORD_101488,1,338,CUST_0338,6,PROD_0006,Laptops Pro-Series 3,Consumer Electronics,20250527,2025-05-27,2025-05-27 07:00:00,1,North America,Premium,4,304.52,121.81,1218.08,1096.27,Credit Card
1489,ORD_101489,1,129,CUST_0129,12,PROD_0012,Smartwatches Pro-Series 3,Consumer Electronics,20250913,2025-09-13,2025-09-13 07:00:00,3,APAC,Premium,3,414.15,186.37,1242.45,1056.08,Apple Pay
1490,ORD_101490,1,217,CUST_0217,24,PROD_0024,Robotic Vacuums Pro-Series 3,Home & Kitchen,20250515,2025-05-15,2025-05-15 10:00:00,2,EMEA,Premium,5,106.82,0.0,534.1,534.1,Debit Card
1491,ORD_101491,1,94,CUST_0094,1,PROD_0001,Smartphones Pro-Series 1,Consumer Electronics,20250219,2025-02-19,2025-02-19 06:00:00,2,EMEA,Premium,1,247.49,12.37,247.49,235.12,PayPal
1492,ORD_101492,1,6,CUST_0006,37,PROD_0037,Hardcover Novels Pro-Series 1,Books & Media,20260211,2026-02-11,2026-02-11 10:00:00,4,LATAM,Premium,4,271.24,108.5,1084.96,976.46,PayPal
1493,ORD_101493,1,232,CUST_0232,14,PROD_0014,Coffee Makers Pro-Series 2,Home & Kitchen,20260815,2026-08-15,2026-08-15 12:00:00,4,LATAM,Standard,5,94.28,47.14,471.4,424.26,Debit Card
1494,ORD_101494,1,144,CUST_0144,42,PROD_0042,Tech Guides Pro-Series 3,Books & Media,20250501,2025-05-01,2025-05-01 23:00:00,3,APAC,Premium,3,201.79,30.27,605.37,575.1,Apple Pay
1495,ORD_101495,1,396,CUST_0396,36,PROD_0036,Watches Pro-Series 3,Apparel & Fashion,20251216,2025-12-16,2025-12-16 15:00:00,4,LATAM,Standard,1,387.69,38.77,387.69,348.92,Apple Pay
1496,ORD_101496,1,219,CUST_0219,42,PROD_0042,Tech Guides Pro-Series 3,Books & Media,20250306,2025-03-06,2025-03-06 11:00:00,1,North America,Standard,5,201.79,50.45,1008.95,958.5,Credit Card
1497,ORD_101497,1,425,CUST_0425,8,PROD_0008,Audio Headphones Pro-Series 2,Consumer Electronics,20250821,2025-08-21,2025-08-21 14:00:00,1,North America,Standard,5,596.84,298.42,2984.2,2685.78,PayPal
1498,ORD_101498,1,232,CUST_0232,28,PROD_0028,Women's Sneakers Pro-Series 1,Apparel & Fashion,20251222,2025-12-22,2025-12-22 09:00:00,1,North America,Standard,5,301.74,75.44,1508.7,1433.26,Debit Card
1499,ORD_101499,1,73,CUST_0073,44,PROD_0044,Audiobooks Pro-Series 2,Books & Media,20260608,2026-06-08,2026-06-08 06:00:00,2,EMEA,Premium,1,86.85,4.34,86.85,82.51,Apple Pay
1500,ORD_101500,1,400,CUST_0400,10,PROD_0010,Smartwatches Pro-Series 1,Consumer Electronics,20260623,2026-06-23,2026-06-23 19:00:00,1,North America,Premium,5,238.77,119.39,1193.85,1074.46,PayPal
1501,ORD_101501,1,192,CUST_0192,11,PROD_0011,Smartwatches Pro-Series 2,Consumer Electronics,20260628,2026-06-28,2026-06-28 05:00:00,1,North America,Premium,2,627.26,62.73,1254.52,1191.79,PayPal
1502,ORD_101502,1,218,CUST_0218,13,PROD_0013,Coffee Makers Pro-Series 1,Home & Kitchen,20260708,2026-07-08,2026-07-08 19:00:00,3,APAC,Standard,1,177.25,26.59,177.25,150.66,Apple Pay
1503,ORD_101503,1,498,CUST_0498,27,PROD_0027,Men's Jackets Pro-Series 3,Apparel & Fashion,20260204,2026-02-04,2026-02-04 16:00:00,4,LATAM,Standard,4,452.99,181.2,1811.96,1630.76,PayPal
1504,ORD_101504,1,39,CUST_0039,17,PROD_0017,Air Fryers Pro-Series 2,Home & Kitchen,20251104,2025-11-04,2025-11-04 00:00:00,3,APAC,Standard,2,438.78,0.0,877.56,877.56,Credit Card
1505,ORD_101505,1,74,CUST_0074,31,PROD_0031,Sportswear Pro-Series 1,Apparel & Fashion,20260225,2026-02-25,2026-02-25 04:00:00,2,EMEA,Premium,2,610.97,183.29,1221.94,1038.65,PayPal
1506,ORD_101506,1,303,CUST_0303,13,PROD_0013,Coffee Makers Pro-Series 1,Home & Kitchen,20260306,2026-03-06,2026-03-06 12:00:00,2,EMEA,Standard,3,177.25,0.0,531.75,531.75,PayPal
1507,ORD_101507,1,458,CUST_0458,26,PROD_0026,Men's Jackets Pro-Series 2,Apparel & Fashion,20251010,2025-10-10,2025-10-10 04:00:00,1,North America,Standard,5,387.88,96.97,1939.4,1842.43,PayPal
1508,ORD_101508,1,345,CUST_0345,18,PROD_0018,Air Fryers Pro-Series 3,Home & Kitchen,20260331,2026-03-31,2026-03-31 04:00:00,3,APAC,Standard,1,497.95,0.0,497.95,497.95,Apple Pay
1509,ORD_101509,1,396,CUST_0396,41,PROD_0041,Tech Guides Pro-Series 2,Books & Media,20260621,2026-06-21,2026-06-21 03:00:00,4,LATAM,Standard,2,539.9,161.97,1079.8,917.83,Apple Pay
1510,ORD_101510,1,381,CUST_0381,40,PROD_0040,Tech Guides Pro-Series 1,Books & Media,20250508,2025-05-08,2025-05-08 17:00:00,4,LATAM,Standard,2,507.6,0.0,1015.2,1015.2,Apple Pay
1511,ORD_101511,1,196,CUST_0196,17,PROD_0017,Air Fryers Pro-Series 2,Home & Kitchen,20251006,2025-10-06,2025-10-06 01:00:00,1,North America,Standard,4,438.78,263.27,1755.12,1491.85,PayPal
1512,ORD_101512,1,116,CUST_0116,34,PROD_0034,Watches Pro-Series 1,Apparel & Fashion,20260514,2026-05-14,2026-05-14 09:00:00,1,North America,Standard,1,277.89,27.79,277.89,250.1,PayPal
1513,ORD_101513,1,494,CUST_0494,28,PROD_0028,Women's Sneakers Pro-Series 1,Apparel & Fashion,20260522,2026-05-22,2026-05-22 22:00:00,4,LATAM,Standard,1,301.74,0.0,301.74,301.74,Apple Pay
1514,ORD_101514,1,328,CUST_0328,33,PROD_0033,Sportswear Pro-Series 3,Apparel & Fashion,20251010,2025-10-10,2025-10-10 08:00:00,3,APAC,Standard,4,230.01,92.0,920.04,828.04,Apple Pay
1515,ORD_101515,1,52,CUST_0052,32,PROD_0032,Sportswear Pro-Series 2,Apparel & Fashion,20250327,2025-03-27,2025-03-27 00:00:00,2,EMEA,Standard,5,106.55,79.91,532.75,452.84,PayPal
1516,ORD_101516,1,137,CUST_0137,7,PROD_0007,Audio Headphones Pro-Series 1,Consumer Electronics,20260321,2026-03-21,2026-03-21 21:00:00,4,LATAM,Premium,5,136.35,102.26,681.75,579.49,Debit Card
1517,ORD_101517,1,56,CUST_0056,38,PROD_0038,Hardcover Novels Pro-Series 2,Books & Media,20250213,2025-02-13,2025-02-13 19:00:00,1,North America,Standard,5,157.75,0.0,788.75,788.75,Credit Card
1518,ORD_101518,1,298,CUST_0298,44,PROD_0044,Audiobooks Pro-Series 2,Books & Media,20250902,2025-09-02,2025-09-02 11:00:00,4,LATAM,Standard,4,86.85,0.0,347.4,347.4,Apple Pay
1519,ORD_101519,1,294,CUST_0294,34,PROD_0034,Watches Pro-Series 1,Apparel & Fashion,20260327,2026-03-27,2026-03-27 14:00:00,1,North America,Standard,4,277.89,166.73,1111.56,944.83,Credit Card
1520,ORD_101520,1,93,CUST_0093,2,PROD_0002,Smartphones Pro-Series 2,Consumer Electronics,20250810,2025-08-10,2025-08-10 18:00:00,3,APAC,Standard,1,484.7,48.47,484.7,436.23,Debit Card
1521,ORD_101521,1,234,CUST_0234,17,PROD_0017,Air Fryers Pro-Series 2,Home & Kitchen,20250130,2025-01-30,2025-01-30 23:00:00,3,APAC,VIP,3,438.78,131.63,1316.34,1184.71,PayPal
1522,ORD_101522,1,402,CUST_0402,4,PROD_0004,Laptops Pro-Series 1,Consumer Electronics,20251011,2025-10-11,2025-10-11 14:00:00,3,APAC,Standard,4,328.32,131.33,1313.28,1181.95,PayPal
1523,ORD_101523,1,395,CUST_0395,36,PROD_0036,Watches Pro-Series 3,Apparel & Fashion,20250803,2025-08-03,2025-08-03 17:00:00,3,APAC,Premium,4,387.69,155.08,1550.76,1395.68,PayPal
1524,ORD_101524,1,171,CUST_0171,23,PROD_0023,Robotic Vacuums Pro-Series 2,Home & Kitchen,20260527,2026-05-27,2026-05-27 02:00:00,2,EMEA,Standard,3,80.72,24.22,242.16,217.94,Credit Card
1525,ORD_101525,1,208,CUST_0208,21,PROD_0021,Blenders Pro-Series 3,Home & Kitchen,20250403,2025-04-03,2025-04-03 20:00:00,4,LATAM,VIP,2,137.29,41.19,274.58,233.39,PayPal
1526,ORD_101526,1,249,CUST_0249,23,PROD_0023,Robotic Vacuums Pro-Series 2,Home & Kitchen,20250929,2025-09-29,2025-09-29 22:00:00,3,APAC,Standard,4,80.72,32.29,322.88,290.59,PayPal
1527,ORD_101527,1,9,CUST_0009,8,PROD_0008,Audio Headphones Pro-Series 2,Consumer Electronics,20250622,2025-06-22,2025-06-22 10:00:00,2,EMEA,Premium,5,596.84,298.42,2984.2,2685.78,Apple Pay
1528,ORD_101528,1,92,CUST_0092,26,PROD_0026,Men's Jackets Pro-Series 2,Apparel & Fashion,20260728,2026-07-28,2026-07-28 17:00:00,1,North America,VIP,2,387.88,0.0,775.76,775.76,Credit Card
1529,ORD_101529,1,75,CUST_0075,22,PROD_0022,Robotic Vacuums Pro-Series 1,Home & Kitchen,20260219,2026-02-19,2026-02-19 08:00:00,3,APAC,VIP,4,573.0,114.6,2292.0,2177.4,Debit Card
1530,ORD_101530,1,418,CUST_0418,19,PROD_0019,Blenders Pro-Series 1,Home & Kitchen,20250417,2025-04-17,2025-04-17 23:00:00,1,North America,Standard,3,523.93,78.59,1571.79,1493.2,Debit Card
1531,ORD_101531,1,281,CUST_0281,10,PROD_0010,Smartwatches Pro-Series 1,Consumer Electronics,20250211,2025-02-11,2025-02-11 07:00:00,3,APAC,Standard,1,238.77,35.82,238.77,202.95,PayPal
1532,ORD_101532,1,449,CUST_0449,15,PROD_0015,Coffee Makers Pro-Series 3,Home & Kitchen,20250813,2025-08-13,2025-08-13 07:00:00,4,LATAM,VIP,2,397.04,39.7,794.08,754.38,Credit Card
1533,ORD_101533,1,494,CUST_0494,2,PROD_0002,Smartphones Pro-Series 2,Consumer Electronics,20251031,2025-10-31,2025-10-31 07:00:00,4,LATAM,Standard,4,484.7,290.82,1938.8,1647.98,PayPal
1534,ORD_101534,1,435,CUST_0435,34,PROD_0034,Watches Pro-Series 1,Apparel & Fashion,20260227,2026-02-27,2026-02-27 05:00:00,4,LATAM,Standard,5,277.89,208.42,1389.45,1181.03,Apple Pay
1535,ORD_101535,1,221,CUST_0221,24,PROD_0024,Robotic Vacuums Pro-Series 3,Home & Kitchen,20260108,2026-01-08,2026-01-08 08:00:00,3,APAC,Standard,2,106.82,21.36,213.64,192.28,Apple Pay
1536,ORD_101536,1,69,CUST_0069,21,PROD_0021,Blenders Pro-Series 3,Home & Kitchen,20250320,2025-03-20,2025-03-20 22:00:00,2,EMEA,Standard,5,137.29,34.32,686.45,652.13,Credit Card
1537,ORD_101537,1,244,CUST_0244,35,PROD_0035,Watches Pro-Series 2,Apparel & Fashion,20260604,2026-06-04,2026-06-04 22:00:00,3,APAC,Premium,1,495.6,24.78,495.6,470.82,Apple Pay
1538,ORD_101538,1,239,CUST_0239,18,PROD_0018,Air Fryers Pro-Series 3,Home & Kitchen,20260722,2026-07-22,2026-07-22 07:00:00,1,North America,Standard,4,497.95,298.77,1991.8,1693.03,Debit Card
1539,ORD_101539,1,489,CUST_0489,11,PROD_0011,Smartwatches Pro-Series 2,Consumer Electronics,20260323,2026-03-23,2026-03-23 02:00:00,1,North America,Standard,5,627.26,470.44,3136.3,2665.86,Credit Card
1540,ORD_101540,1,445,CUST_0445,10,PROD_0010,Smartwatches Pro-Series 1,Consumer Electronics,20251222,2025-12-22,2025-12-22 15:00:00,1,North America,Standard,3,238.77,0.0,716.31,716.31,Apple Pay
1541,ORD_101541,1,486,CUST_0486,2,PROD_0002,Smartphones Pro-Series 2,Consumer Electronics,20260807,2026-08-07,2026-08-07 08:00:00,4,LATAM,Premium,4,484.7,96.94,1938.8,1841.86,Debit Card
1542,ORD_101542,1,232,CUST_0232,20,PROD_0020,Blenders Pro-Series 2,Home & Kitchen,20250809,2025-08-09,2025-08-09 21:00:00,3,APAC,Standard,3,80.82,12.12,242.46,230.34,Debit Card
1543,ORD_101543,1,349,CUST_0349,38,PROD_0038,Hardcover Novels Pro-Series 2,Books & Media,20250528,2025-05-28,2025-05-28 17:00:00,3,APAC,Standard,1,157.75,0.0,157.75,157.75,Apple Pay
1544,ORD_101544,1,315,CUST_0315,5,PROD_0005,Laptops Pro-Series 2,Consumer Electronics,20250503,2025-05-03,2025-05-03 02:00:00,4,LATAM,Premium,2,144.32,14.43,288.64,274.21,PayPal
1545,ORD_101545,1,16,CUST_0016,42,PROD_0042,Tech Guides Pro-Series 3,Books & Media,20250703,2025-07-03,2025-07-03 05:00:00,4,LATAM,Standard,1,201.79,20.18,201.79,181.61,Credit Card
1546,ORD_101546,1,294,CUST_0294,45,PROD_0045,Audiobooks Pro-Series 3,Books & Media,20250407,2025-04-07,2025-04-07 12:00:00,4,LATAM,Standard,4,512.51,307.51,2050.04,1742.53,Debit Card
1547,ORD_101547,1,94,CUST_0094,7,PROD_0007,Audio Headphones Pro-Series 1,Consumer Electronics,20250522,2025-05-22,2025-05-22 10:00:00,3,APAC,Premium,3,136.35,20.45,409.05,388.6,Debit Card
1548,ORD_101548,1,47,CUST_0047,12,PROD_0012,Smartwatches Pro-Series 3,Consumer Electronics,20250916,2025-09-16,2025-09-16 15:00:00,3,APAC,Standard,4,414.15,82.83,1656.6,1573.77,PayPal
1549,ORD_101549,1,325,CUST_0325,6,PROD_0006,Laptops Pro-Series 3,Consumer Electronics,20251226,2025-12-26,2025-12-26 20:00:00,3,APAC,Standard,4,304.52,0.0,1218.08,1218.08,Apple Pay
1550,ORD_101550,1,32,CUST_0032,36,PROD_0036,Watches Pro-Series 3,Apparel & Fashion,20250121,2025-01-21,2025-01-21 19:00:00,1,North America,Standard,3,387.69,0.0,1163.07,1163.07,PayPal
1551,ORD_101551,1,7,CUST_0007,1,PROD_0001,Smartphones Pro-Series 1,Consumer Electronics,20250102,2025-01-02,2025-01-02 16:00:00,3,APAC,VIP,4,247.49,99.0,989.96,890.96,Credit Card
1552,ORD_101552,1,192,CUST_0192,5,PROD_0005,Laptops Pro-Series 2,Consumer Electronics,20260805,2026-08-05,2026-08-05 18:00:00,2,EMEA,Premium,2,144.32,43.3,288.64,245.34,PayPal
1553,ORD_101553,1,500,CUST_0500,23,PROD_0023,Robotic Vacuums Pro-Series 2,Home & Kitchen,20260703,2026-07-03,2026-07-03 06:00:00,1,North America,Standard,2,80.72,16.14,161.44,145.3,PayPal
1554,ORD_101554,1,434,CUST_0434,12,PROD_0012,Smartwatches Pro-Series 3,Consumer Electronics,20260328,2026-03-28,2026-03-28 22:00:00,2,EMEA,VIP,4,414.15,0.0,1656.6,1656.6,Credit Card
1555,ORD_101555,1,414,CUST_0414,20,PROD_0020,Blenders Pro-Series 2,Home & Kitchen,20260705,2026-07-05,2026-07-05 03:00:00,3,APAC,Standard,1,80.82,8.08,80.82,72.74,PayPal
1556,ORD_101556,1,461,CUST_0461,7,PROD_0007,Audio Headphones Pro-Series 1,Consumer Electronics,20260615,2026-06-15,2026-06-15 05:00:00,4,LATAM,Standard,2,136.35,13.63,272.7,259.07,Apple Pay
1557,ORD_101557,1,281,CUST_0281,25,PROD_0025,Men's Jackets Pro-Series 1,Apparel & Fashion,20260411,2026-04-11,2026-04-11 21:00:00,4,LATAM,Standard,1,381.42,0.0,381.42,381.42,Apple Pay
1558,ORD_101558,1,73,CUST_0073,16,PROD_0016,Air Fryers Pro-Series 1,Home & Kitchen,20250910,2025-09-10,2025-09-10 11:00:00,4,LATAM,Premium,2,403.75,121.12,807.5,686.38,Credit Card
1559,ORD_101559,1,470,CUST_0470,31,PROD_0031,Sportswear Pro-Series 1,Apparel & Fashion,20260102,2026-01-02,2026-01-02 01:00:00,1,North America,Standard,5,610.97,0.0,3054.85,3054.85,Apple Pay
1560,ORD_101560,1,295,CUST_0295,45,PROD_0045,Audiobooks Pro-Series 3,Books & Media,20260624,2026-06-24,2026-06-24 18:00:00,4,LATAM,Standard,5,512.51,128.13,2562.55,2434.42,Apple Pay
1561,ORD_101561,1,230,CUST_0230,13,PROD_0013,Coffee Makers Pro-Series 1,Home & Kitchen,20251125,2025-11-25,2025-11-25 04:00:00,3,APAC,Premium,4,177.25,106.35,709.0,602.65,Debit Card
1562,ORD_101562,1,252,CUST_0252,2,PROD_0002,Smartphones Pro-Series 2,Consumer Electronics,20260122,2026-01-22,2026-01-22 02:00:00,4,LATAM,Standard,1,484.7,48.47,484.7,436.23,Debit Card
1563,ORD_101563,1,255,CUST_0255,19,PROD_0019,Blenders Pro-Series 1,Home & Kitchen,20260203,2026-02-03,2026-02-03 09:00:00,1,North America,Standard,5,523.93,0.0,2619.65,2619.65,PayPal
1564,ORD_101564,1,457,CUST_0457,38,PROD_0038,Hardcover Novels Pro-Series 2,Books & Media,20250402,2025-04-02,2025-04-02 09:00:00,2,EMEA,Premium,3,157.75,0.0,473.25,473.25,Credit Card
1565,ORD_101565,1,198,CUST_0198,13,PROD_0013,Coffee Makers Pro-Series 1,Home & Kitchen,20250218,2025-02-18,2025-02-18 09:00:00,3,APAC,VIP,5,177.25,0.0,886.25,886.25,Debit Card
1566,ORD_101566,1,435,CUST_0435,12,PROD_0012,Smartwatches Pro-Series 3,Consumer Electronics,20260605,2026-06-05,2026-06-05 16:00:00,3,APAC,Standard,1,414.15,20.71,414.15,393.44,Credit Card
1567,ORD_101567,1,457,CUST_0457,15,PROD_0015,Coffee Makers Pro-Series 3,Home & Kitchen,20260414,2026-04-14,2026-04-14 05:00:00,3,APAC,Premium,1,397.04,19.85,397.04,377.19,Debit Card
1568,ORD_101568,1,328,CUST_0328,40,PROD_0040,Tech Guides Pro-Series 1,Books & Media,20250731,2025-07-31,2025-07-31 18:00:00,1,North America,Standard,1,507.6,76.14,507.6,431.46,PayPal
1569,ORD_101569,1,3,CUST_0003,16,PROD_0016,Air Fryers Pro-Series 1,Home & Kitchen,20250430,2025-04-30,2025-04-30 09:00:00,3,APAC,Standard,2,403.75,121.12,807.5,686.38,PayPal
1570,ORD_101570,1,23,CUST_0023,10,PROD_0010,Smartwatches Pro-Series 1,Consumer Electronics,20260116,2026-01-16,2026-01-16 12:00:00,2,EMEA,Premium,5,238.77,59.69,1193.85,1134.16,Apple Pay
1571,ORD_101571,1,293,CUST_0293,41,PROD_0041,Tech Guides Pro-Series 2,Books & Media,20260309,2026-03-09,2026-03-09 21:00:00,3,APAC,Premium,2,539.9,107.98,1079.8,971.82,Debit Card
1572,ORD_101572,1,422,CUST_0422,27,PROD_0027,Men's Jackets Pro-Series 3,Apparel & Fashion,20250111,2025-01-11,2025-01-11 13:00:00,4,LATAM,Premium,3,452.99,67.95,1358.97,1291.02,Debit Card
1573,ORD_101573,1,6,CUST_0006,41,PROD_0041,Tech Guides Pro-Series 2,Books & Media,20250917,2025-09-17,2025-09-17 19:00:00,4,LATAM,Premium,1,539.9,80.98,539.9,458.92,PayPal
1574,ORD_101574,1,327,CUST_0327,8,PROD_0008,Audio Headphones Pro-Series 2,Consumer Electronics,20250817,2025-08-17,2025-08-17 02:00:00,1,North America,Premium,2,596.84,179.05,1193.68,1014.63,Credit Card
1575,ORD_101575,1,168,CUST_0168,11,PROD_0011,Smartwatches Pro-Series 2,Consumer Electronics,20250707,2025-07-07,2025-07-07 17:00:00,3,APAC,Standard,4,627.26,250.9,2509.04,2258.14,Apple Pay
1576,ORD_101576,1,134,CUST_0134,7,PROD_0007,Audio Headphones Pro-Series 1,Consumer Electronics,20251019,2025-10-19,2025-10-19 18:00:00,1,North America,Premium,4,136.35,27.27,545.4,518.13,Credit Card
1577,ORD_101577,1,103,CUST_0103,9,PROD_0009,Audio Headphones Pro-Series 3,Consumer Electronics,20260723,2026-07-23,2026-07-23 15:00:00,1,North America,Premium,4,512.06,307.24,2048.24,1741.0,Credit Card
1578,ORD_101578,1,20,CUST_0020,25,PROD_0025,Men's Jackets Pro-Series 1,Apparel & Fashion,20250425,2025-04-25,2025-04-25 07:00:00,2,EMEA,Standard,1,381.42,0.0,381.42,381.42,PayPal
1579,ORD_101579,1,190,CUST_0190,29,PROD_0029,Women's Sneakers Pro-Series 2,Apparel & Fashion,20260323,2026-03-23,2026-03-23 19:00:00,2,EMEA,Standard,4,420.39,0.0,1681.56,1681.56,PayPal
1580,ORD_101580,1,163,CUST_0163,3,PROD_0003,Smartphones Pro-Series 3,Consumer Electronics,20250804,2025-08-04,2025-08-04 23:00:00,1,North America,Standard,2,194.64,38.93,389.28,350.35,Apple Pay
1581,ORD_101581,1,237,CUST_0237,13,PROD_0013,Coffee Makers Pro-Series 1,Home & Kitchen,20250629,2025-06-29,2025-06-29 11:00:00,1,North America,Standard,4,177.25,106.35,709.0,602.65,PayPal
1582,ORD_101582,1,33,CUST_0033,15,PROD_0015,Coffee Makers Pro-Series 3,Home & Kitchen,20251026,2025-10-26,2025-10-26 16:00:00,2,EMEA,Premium,2,397.04,79.41,794.08,714.67,Debit Card
1583,ORD_101583,1,36,CUST_0036,16,PROD_0016,Air Fryers Pro-Series 1,Home & Kitchen,20250126,2025-01-26,2025-01-26 14:00:00,3,APAC,Standard,5,403.75,100.94,2018.75,1917.81,PayPal
1584,ORD_101584,1,30,CUST_0030,8,PROD_0008,Audio Headphones Pro-Series 2,Consumer Electronics,20260715,2026-07-15,2026-07-15 10:00:00,1,North America,VIP,4,596.84,0.0,2387.36,2387.36,PayPal
1585,ORD_101585,1,20,CUST_0020,10,PROD_0010,Smartwatches Pro-Series 1,Consumer Electronics,20251126,2025-11-26,2025-11-26 11:00:00,1,North America,Standard,2,238.77,0.0,477.54,477.54,Debit Card
1586,ORD_101586,1,30,CUST_0030,25,PROD_0025,Men's Jackets Pro-Series 1,Apparel & Fashion,20250104,2025-01-04,2025-01-04 18:00:00,1,North America,VIP,2,381.42,0.0,762.84,762.84,Credit Card
1587,ORD_101587,1,422,CUST_0422,31,PROD_0031,Sportswear Pro-Series 1,Apparel & Fashion,20250121,2025-01-21,2025-01-21 20:00:00,4,LATAM,Premium,3,610.97,274.94,1832.91,1557.97,Debit Card
1588,ORD_101588,1,252,CUST_0252,40,PROD_0040,Tech Guides Pro-Series 1,Books & Media,20250901,2025-09-01,2025-09-01 21:00:00,3,APAC,Standard,3,507.6,228.42,1522.8,1294.38,Debit Card
1589,ORD_101589,1,275,CUST_0275,24,PROD_0024,Robotic Vacuums Pro-Series 3,Home & Kitchen,20250606,2025-06-06,2025-06-06 14:00:00,2,EMEA,Standard,2,106.82,21.36,213.64,192.28,PayPal
1590,ORD_101590,1,452,CUST_0452,11,PROD_0011,Smartwatches Pro-Series 2,Consumer Electronics,20260202,2026-02-02,2026-02-02 08:00:00,3,APAC,Premium,1,627.26,94.09,627.26,533.17,Apple Pay
1591,ORD_101591,1,236,CUST_0236,27,PROD_0027,Men's Jackets Pro-Series 3,Apparel & Fashion,20250528,2025-05-28,2025-05-28 01:00:00,2,EMEA,Standard,4,452.99,90.6,1811.96,1721.36,Apple Pay
1592,ORD_101592,1,216,CUST_0216,27,PROD_0027,Men's Jackets Pro-Series 3,Apparel & Fashion,20250802,2025-08-02,2025-08-02 12:00:00,4,LATAM,Standard,4,452.99,271.79,1811.96,1540.17,Debit Card
1593,ORD_101593,1,173,CUST_0173,21,PROD_0021,Blenders Pro-Series 3,Home & Kitchen,20260420,2026-04-20,2026-04-20 11:00:00,4,LATAM,Premium,2,137.29,13.73,274.58,260.85,PayPal
1594,ORD_101594,1,98,CUST_0098,37,PROD_0037,Hardcover Novels Pro-Series 1,Books & Media,20250811,2025-08-11,2025-08-11 22:00:00,2,EMEA,Standard,5,271.24,135.62,1356.2,1220.58,Debit Card
1595,ORD_101595,1,192,CUST_0192,42,PROD_0042,Tech Guides Pro-Series 3,Books & Media,20260716,2026-07-16,2026-07-16 13:00:00,3,APAC,Premium,2,201.79,60.54,403.58,343.04,PayPal
1596,ORD_101596,1,278,CUST_0278,42,PROD_0042,Tech Guides Pro-Series 3,Books & Media,20260427,2026-04-27,2026-04-27 03:00:00,4,LATAM,Standard,3,201.79,90.81,605.37,514.56,Credit Card
1597,ORD_101597,1,173,CUST_0173,36,PROD_0036,Watches Pro-Series 3,Apparel & Fashion,20250724,2025-07-24,2025-07-24 06:00:00,2,EMEA,Premium,4,387.69,232.61,1550.76,1318.15,PayPal
1598,ORD_101598,1,356,CUST_0356,14,PROD_0014,Coffee Makers Pro-Series 2,Home & Kitchen,20260330,2026-03-30,2026-03-30 00:00:00,4,LATAM,Premium,5,94.28,23.57,471.4,447.83,Apple Pay
1599,ORD_101599,1,329,CUST_0329,26,PROD_0026,Men's Jackets Pro-Series 2,Apparel & Fashion,20260731,2026-07-31,2026-07-31 04:00:00,2,EMEA,Standard,2,387.88,116.36,775.76,659.4,Apple Pay
1600,ORD_101600,1,445,CUST_0445,9,PROD_0009,Audio Headphones Pro-Series 3,Consumer Electronics,20260425,2026-04-25,2026-04-25 07:00:00,4,LATAM,Standard,3,512.06,0.0,1536.18,1536.18,Credit Card
1601,ORD_101601,1,11,CUST_0011,1,PROD_0001,Smartphones Pro-Series 1,Consumer Electronics,20250308,2025-03-08,2025-03-08 02:00:00,1,North America,Standard,3,247.49,0.0,742.47,742.47,Apple Pay
1602,ORD_101602,1,381,CUST_0381,10,PROD_0010,Smartwatches Pro-Series 1,Consumer Electronics,20260101,2026-01-01,2026-01-01 06:00:00,2,EMEA,Standard,3,238.77,0.0,716.31,716.31,Apple Pay
1603,ORD_101603,1,464,CUST_0464,29,PROD_0029,Women's Sneakers Pro-Series 2,Apparel & Fashion,20251120,2025-11-20,2025-11-20 18:00:00,4,LATAM,Standard,3,420.39,63.06,1261.17,1198.11,Apple Pay
1604,ORD_101604,1,411,CUST_0411,36,PROD_0036,Watches Pro-Series 3,Apparel & Fashion,20251107,2025-11-07,2025-11-07 03:00:00,2,EMEA,Standard,2,387.69,38.77,775.38,736.61,Debit Card
1605,ORD_101605,1,467,CUST_0467,40,PROD_0040,Tech Guides Pro-Series 1,Books & Media,20250502,2025-05-02,2025-05-02 17:00:00,4,LATAM,Premium,2,507.6,152.28,1015.2,862.92,Apple Pay
1606,ORD_101606,1,340,CUST_0340,10,PROD_0010,Smartwatches Pro-Series 1,Consumer Electronics,20250913,2025-09-13,2025-09-13 03:00:00,4,LATAM,Premium,1,238.77,0.0,238.77,238.77,PayPal
1607,ORD_101607,1,195,CUST_0195,31,PROD_0031,Sportswear Pro-Series 1,Apparel & Fashion,20260126,2026-01-26,2026-01-26 15:00:00,2,EMEA,Premium,1,610.97,61.1,610.97,549.87,Debit Card
1608,ORD_101608,1,94,CUST_0094,29,PROD_0029,Women's Sneakers Pro-Series 2,Apparel & Fashion,20260822,2026-08-22,2026-08-22 18:00:00,1,North America,Premium,4,420.39,168.16,1681.56,1513.4,Apple Pay
1609,ORD_101609,1,36,CUST_0036,12,PROD_0012,Smartwatches Pro-Series 3,Consumer Electronics,20250329,2025-03-29,2025-03-29 11:00:00,2,EMEA,Standard,5,414.15,207.08,2070.75,1863.67,Debit Card
1610,ORD_101610,1,479,CUST_0479,43,PROD_0043,Audiobooks Pro-Series 1,Books & Media,20250603,2025-06-03,2025-06-03 03:00:00,2,EMEA,Standard,3,262.83,78.85,788.49,709.64,Credit Card
1611,ORD_101611,1,410,CUST_0410,32,PROD_0032,Sportswear Pro-Series 2,Apparel & Fashion,20251230,2025-12-30,2025-12-30 19:00:00,1,North America,Standard,5,106.55,79.91,532.75,452.84,PayPal
1612,ORD_101612,1,99,CUST_0099,33,PROD_0033,Sportswear Pro-Series 3,Apparel & Fashion,20260109,2026-01-09,2026-01-09 08:00:00,3,APAC,Premium,5,230.01,0.0,1150.05,1150.05,Debit Card
1613,ORD_101613,1,27,CUST_0027,42,PROD_0042,Tech Guides Pro-Series 3,Books & Media,20251123,2025-11-23,2025-11-23 05:00:00,2,EMEA,Standard,3,201.79,60.54,605.37,544.83,Debit Card
1614,ORD_101614,1,21,CUST_0021,18,PROD_0018,Air Fryers Pro-Series 3,Home & Kitchen,20260320,2026-03-20,2026-03-20 10:00:00,4,LATAM,Premium,1,497.95,49.8,497.95,448.15,Credit Card
1615,ORD_101615,1,6,CUST_0006,37,PROD_0037,Hardcover Novels Pro-Series 1,Books & Media,20250514,2025-05-14,2025-05-14 19:00:00,1,North America,Premium,3,271.24,122.06,813.72,691.66,PayPal
1616,ORD_101616,1,199,CUST_0199,3,PROD_0003,Smartphones Pro-Series 3,Consumer Electronics,20260427,2026-04-27,2026-04-27 12:00:00,3,APAC,Premium,4,194.64,77.86,778.56,700.7,Apple Pay
1617,ORD_101617,1,209,CUST_0209,22,PROD_0022,Robotic Vacuums Pro-Series 1,Home & Kitchen,20260609,2026-06-09,2026-06-09 13:00:00,2,EMEA,Premium,3,573.0,171.9,1719.0,1547.1,PayPal
1618,ORD_101618,1,137,CUST_0137,6,PROD_0006,Laptops Pro-Series 3,Consumer Electronics,20260516,2026-05-16,2026-05-16 09:00:00,4,LATAM,Premium,1,304.52,30.45,304.52,274.07,Credit Card
1619,ORD_101619,1,413,CUST_0413,7,PROD_0007,Audio Headphones Pro-Series 1,Consumer Electronics,20250124,2025-01-24,2025-01-24 04:00:00,2,EMEA,Standard,1,136.35,6.82,136.35,129.53,Apple Pay
1620,ORD_101620,1,293,CUST_0293,16,PROD_0016,Air Fryers Pro-Series 1,Home & Kitchen,20250308,2025-03-08,2025-03-08 04:00:00,1,North America,Premium,1,403.75,0.0,403.75,403.75,Credit Card
1621,ORD_101621,1,37,CUST_0037,10,PROD_0010,Smartwatches Pro-Series 1,Consumer Electronics,20251216,2025-12-16,2025-12-16 19:00:00,4,LATAM,Premium,3,238.77,0.0,716.31,716.31,Credit Card
1622,ORD_101622,1,72,CUST_0072,13,PROD_0013,Coffee Makers Pro-Series 1,Home & Kitchen,20250227,2025-02-27,2025-02-27 22:00:00,1,North America,Premium,2,177.25,0.0,354.5,354.5,Credit Card
1623,ORD_101623,1,406,CUST_0406,44,PROD_0044,Audiobooks Pro-Series 2,Books & Media,20250104,2025-01-04,2025-01-04 13:00:00,2,EMEA,Premium,2,86.85,0.0,173.7,173.7,Credit Card
1624,ORD_101624,1,321,CUST_0321,34,PROD_0034,Watches Pro-Series 1,Apparel & Fashion,20260201,2026-02-01,2026-02-01 10:00:00,2,EMEA,Standard,4,277.89,55.58,1111.56,1055.98,Debit Card
1625,ORD_101625,1,148,CUST_0148,44,PROD_0044,Audiobooks Pro-Series 2,Books & Media,20250710,2025-07-10,2025-07-10 15:00:00,1,North America,Standard,4,86.85,17.37,347.4,330.03,Credit Card
1626,ORD_101626,1,499,CUST_0499,13,PROD_0013,Coffee Makers Pro-Series 1,Home & Kitchen,20250323,2025-03-23,2025-03-23 05:00:00,3,APAC,Standard,2,177.25,17.73,354.5,336.77,Credit Card
1627,ORD_101627,1,96,CUST_0096,21,PROD_0021,Blenders Pro-Series 3,Home & Kitchen,20250319,2025-03-19,2025-03-19 06:00:00,2,EMEA,Standard,2,137.29,41.19,274.58,233.39,Apple Pay
1628,ORD_101628,1,328,CUST_0328,19,PROD_0019,Blenders Pro-Series 1,Home & Kitchen,20260227,2026-02-27,2026-02-27 16:00:00,2,EMEA,Standard,4,523.93,209.57,2095.72,1886.15,Apple Pay
1629,ORD_101629,1,4,CUST_0004,42,PROD_0042,Tech Guides Pro-Series 3,Books & Media,20250904,2025-09-04,2025-09-04 16:00:00,3,APAC,Premium,3,201.79,30.27,605.37,575.1,Credit Card
1630,ORD_101630,1,253,CUST_0253,23,PROD_0023,Robotic Vacuums Pro-Series 2,Home & Kitchen,20250305,2025-03-05,2025-03-05 02:00:00,1,North America,Premium,5,80.72,60.54,403.6,343.06,Credit Card
1631,ORD_101631,1,382,CUST_0382,44,PROD_0044,Audiobooks Pro-Series 2,Books & Media,20260402,2026-04-02,2026-04-02 00:00:00,1,North America,Premium,3,86.85,26.05,260.55,234.5,Credit Card
1632,ORD_101632,1,373,CUST_0373,21,PROD_0021,Blenders Pro-Series 3,Home & Kitchen,20260806,2026-08-06,2026-08-06 08:00:00,4,LATAM,Standard,3,137.29,61.78,411.87,350.09,Apple Pay
1633,ORD_101633,1,391,CUST_0391,32,PROD_0032,Sportswear Pro-Series 2,Apparel & Fashion,20260527,2026-05-27,2026-05-27 09:00:00,3,APAC,Standard,5,106.55,26.64,532.75,506.11,PayPal
1634,ORD_101634,1,354,CUST_0354,23,PROD_0023,Robotic Vacuums Pro-Series 2,Home & Kitchen,20250624,2025-06-24,2025-06-24 01:00:00,4,LATAM,Standard,4,80.72,48.43,322.88,274.45,Apple Pay
1635,ORD_101635,1,445,CUST_0445,30,PROD_0030,Women's Sneakers Pro-Series 3,Apparel & Fashion,20260217,2026-02-17,2026-02-17 14:00:00,4,LATAM,Standard,2,378.05,37.8,756.1,718.3,Debit Card
1636,ORD_101636,1,448,CUST_0448,9,PROD_0009,Audio Headphones Pro-Series 3,Consumer Electronics,20260306,2026-03-06,2026-03-06 00:00:00,3,APAC,Premium,4,512.06,102.41,2048.24,1945.83,Debit Card
1637,ORD_101637,1,223,CUST_0223,43,PROD_0043,Audiobooks Pro-Series 1,Books & Media,20260110,2026-01-10,2026-01-10 00:00:00,2,EMEA,Standard,2,262.83,26.28,525.66,499.38,PayPal
1638,ORD_101638,1,201,CUST_0201,31,PROD_0031,Sportswear Pro-Series 1,Apparel & Fashion,20250408,2025-04-08,2025-04-08 00:00:00,2,EMEA,Premium,3,610.97,183.29,1832.91,1649.62,PayPal
1639,ORD_101639,1,201,CUST_0201,11,PROD_0011,Smartwatches Pro-Series 2,Consumer Electronics,20250123,2025-01-23,2025-01-23 15:00:00,3,APAC,Premium,5,627.26,313.63,3136.3,2822.67,PayPal
1640,ORD_101640,1,311,CUST_0311,32,PROD_0032,Sportswear Pro-Series 2,Apparel & Fashion,20250714,2025-07-14,2025-07-14 15:00:00,4,LATAM,Standard,4,106.55,21.31,426.2,404.89,Debit Card
1641,ORD_101641,1,493,CUST_0493,7,PROD_0007,Audio Headphones Pro-Series 1,Consumer Electronics,20250303,2025-03-03,2025-03-03 11:00:00,1,North America,Premium,3,136.35,61.36,409.05,347.69,Apple Pay
1642,ORD_101642,1,266,CUST_0266,32,PROD_0032,Sportswear Pro-Series 2,Apparel & Fashion,20250525,2025-05-25,2025-05-25 07:00:00,2,EMEA,Premium,4,106.55,63.93,426.2,362.27,Credit Card
1643,ORD_101643,1,82,CUST_0082,22,PROD_0022,Robotic Vacuums Pro-Series 1,Home & Kitchen,20251112,2025-11-12,2025-11-12 20:00:00,3,APAC,Standard,5,573.0,429.75,2865.0,2435.25,Credit Card
1644,ORD_101644,1,145,CUST_0145,22,PROD_0022,Robotic Vacuums Pro-Series 1,Home & Kitchen,20250513,2025-05-13,2025-05-13 16:00:00,3,APAC,Premium,2,573.0,114.6,1146.0,1031.4,Debit Card
1645,ORD_101645,1,229,CUST_0229,24,PROD_0024,Robotic Vacuums Pro-Series 3,Home & Kitchen,20250306,2025-03-06,2025-03-06 00:00:00,4,LATAM,Standard,2,106.82,10.68,213.64,202.96,Apple Pay
1646,ORD_101646,1,325,CUST_0325,31,PROD_0031,Sportswear Pro-Series 1,Apparel & Fashion,20250828,2025-08-28,2025-08-28 10:00:00,3,APAC,Standard,5,610.97,305.49,3054.85,2749.36,Apple Pay
1647,ORD_101647,1,495,CUST_0495,21,PROD_0021,Blenders Pro-Series 3,Home & Kitchen,20250719,2025-07-19,2025-07-19 04:00:00,2,EMEA,Standard,5,137.29,34.32,686.45,652.13,PayPal
1648,ORD_101648,1,241,CUST_0241,2,PROD_0002,Smartphones Pro-Series 2,Consumer Electronics,20260516,2026-05-16,2026-05-16 18:00:00,3,APAC,Standard,5,484.7,0.0,2423.5,2423.5,Debit Card
1649,ORD_101649,1,165,CUST_0165,6,PROD_0006,Laptops Pro-Series 3,Consumer Electronics,20250601,2025-06-01,2025-06-01 19:00:00,4,LATAM,Standard,4,304.52,121.81,1218.08,1096.27,Credit Card
1650,ORD_101650,1,399,CUST_0399,13,PROD_0013,Coffee Makers Pro-Series 1,Home & Kitchen,20260406,2026-04-06,2026-04-06 12:00:00,3,APAC,Standard,2,177.25,35.45,354.5,319.05,Credit Card
1651,ORD_101651,1,115,CUST_0115,41,PROD_0041,Tech Guides Pro-Series 2,Books & Media,20260501,2026-05-01,2026-05-01 07:00:00,1,North America,Premium,3,539.9,161.97,1619.7,1457.73,Debit Card
1652,ORD_101652,1,402,CUST_0402,18,PROD_0018,Air Fryers Pro-Series 3,Home & Kitchen,20260730,2026-07-30,2026-07-30 04:00:00,3,APAC,Standard,4,497.95,199.18,1991.8,1792.62,PayPal
1653,ORD_101653,1,310,CUST_0310,8,PROD_0008,Audio Headphones Pro-Series 2,Consumer Electronics,20250712,2025-07-12,2025-07-12 19:00:00,3,APAC,Standard,1,596.84,29.84,596.84,567.0,Apple Pay
1654,ORD_101654,1,217,CUST_0217,45,PROD_0045,Audiobooks Pro-Series 3,Books & Media,20250912,2025-09-12,2025-09-12 12:00:00,1,North America,Premium,3,512.51,153.75,1537.53,1383.78,PayPal
1655,ORD_101655,1,13,CUST_0013,2,PROD_0002,Smartphones Pro-Series 2,Consumer Electronics,20250528,2025-05-28,2025-05-28 09:00:00,4,LATAM,Standard,1,484.7,48.47,484.7,436.23,Debit Card
1656,ORD_101656,1,321,CUST_0321,25,PROD_0025,Men's Jackets Pro-Series 1,Apparel & Fashion,20250601,2025-06-01,2025-06-01 14:00:00,2,EMEA,Standard,5,381.42,286.06,1907.1,1621.04,Apple Pay
1657,ORD_101657,1,234,CUST_0234,18,PROD_0018,Air Fryers Pro-Series 3,Home & Kitchen,20250421,2025-04-21,2025-04-21 08:00:00,2,EMEA,VIP,5,497.95,373.46,2489.75,2116.29,Apple Pay
1658,ORD_101658,1,66,CUST_0066,21,PROD_0021,Blenders Pro-Series 3,Home & Kitchen,20250616,2025-06-16,2025-06-16 18:00:00,1,North America,Standard,1,137.29,0.0,137.29,137.29,Apple Pay
1659,ORD_101659,1,189,CUST_0189,10,PROD_0010,Smartwatches Pro-Series 1,Consumer Electronics,20260720,2026-07-20,2026-07-20 15:00:00,3,APAC,Standard,4,238.77,0.0,955.08,955.08,Debit Card
1660,ORD_101660,1,92,CUST_0092,21,PROD_0021,Blenders Pro-Series 3,Home & Kitchen,20251128,2025-11-28,2025-11-28 12:00:00,1,North America,VIP,3,137.29,41.19,411.87,370.68,Credit Card
1661,ORD_101661,1,371,CUST_0371,9,PROD_0009,Audio Headphones Pro-Series 3,Consumer Electronics,20260608,2026-06-08,2026-06-08 01:00:00,4,LATAM,Standard,1,512.06,0.0,512.06,512.06,PayPal
1662,ORD_101662,1,268,CUST_0268,11,PROD_0011,Smartwatches Pro-Series 2,Consumer Electronics,20250605,2025-06-05,2025-06-05 03:00:00,2,EMEA,Premium,1,627.26,62.73,627.26,564.53,Apple Pay
1663,ORD_101663,1,212,CUST_0212,22,PROD_0022,Robotic Vacuums Pro-Series 1,Home & Kitchen,20251213,2025-12-13,2025-12-13 02:00:00,1,North America,Premium,4,573.0,343.8,2292.0,1948.2,Credit Card
1664,ORD_101664,1,329,CUST_0329,26,PROD_0026,Men's Jackets Pro-Series 2,Apparel & Fashion,20260622,2026-06-22,2026-06-22 13:00:00,2,EMEA,Standard,5,387.88,0.0,1939.4,1939.4,PayPal
1665,ORD_101665,1,60,CUST_0060,17,PROD_0017,Air Fryers Pro-Series 2,Home & Kitchen,20260405,2026-04-05,2026-04-05 05:00:00,2,EMEA,Standard,2,438.78,0.0,877.56,877.56,Credit Card
1666,ORD_101666,1,432,CUST_0432,45,PROD_0045,Audiobooks Pro-Series 3,Books & Media,20250223,2025-02-23,2025-02-23 20:00:00,2,EMEA,Standard,4,512.51,0.0,2050.04,2050.04,Credit Card
1667,ORD_101667,1,487,CUST_0487,10,PROD_0010,Smartwatches Pro-Series 1,Consumer Electronics,20250813,2025-08-13,2025-08-13 07:00:00,2,EMEA,Standard,5,238.77,119.39,1193.85,1074.46,Apple Pay
1668,ORD_101668,1,344,CUST_0344,26,PROD_0026,Men's Jackets Pro-Series 2,Apparel & Fashion,20260201,2026-02-01,2026-02-01 20:00:00,1,North America,Standard,5,387.88,193.94,1939.4,1745.46,Debit Card
1669,ORD_101669,1,366,CUST_0366,45,PROD_0045,Audiobooks Pro-Series 3,Books & Media,20250125,2025-01-25,2025-01-25 21:00:00,4,LATAM,Premium,5,512.51,0.0,2562.55,2562.55,Credit Card
1670,ORD_101670,1,19,CUST_0019,14,PROD_0014,Coffee Makers Pro-Series 2,Home & Kitchen,20250724,2025-07-24,2025-07-24 18:00:00,2,EMEA,Standard,5,94.28,70.71,471.4,400.69,Credit Card
1671,ORD_101671,1,42,CUST_0042,38,PROD_0038,Hardcover Novels Pro-Series 2,Books & Media,20251224,2025-12-24,2025-12-24 22:00:00,3,APAC,Standard,5,157.75,39.44,788.75,749.31,Debit Card
1672,ORD_101672,1,275,CUST_0275,1,PROD_0001,Smartphones Pro-Series 1,Consumer Electronics,20250806,2025-08-06,2025-08-06 04:00:00,3,APAC,Standard,3,247.49,74.25,742.47,668.22,Debit Card
1673,ORD_101673,1,387,CUST_0387,39,PROD_0039,Hardcover Novels Pro-Series 3,Books & Media,20250613,2025-06-13,2025-06-13 06:00:00,3,APAC,Premium,3,217.64,32.65,652.92,620.27,Apple Pay
1674,ORD_101674,1,62,CUST_0062,42,PROD_0042,Tech Guides Pro-Series 3,Books & Media,20250924,2025-09-24,2025-09-24 12:00:00,3,APAC,Standard,4,201.79,0.0,807.16,807.16,Debit Card
1675,ORD_101675,1,105,CUST_0105,12,PROD_0012,Smartwatches Pro-Series 3,Consumer Electronics,20260609,2026-06-09,2026-06-09 12:00:00,1,North America,Premium,1,414.15,62.12,414.15,352.03,Credit Card
1676,ORD_101676,1,389,CUST_0389,37,PROD_0037,Hardcover Novels Pro-Series 1,Books & Media,20250730,2025-07-30,2025-07-30 06:00:00,3,APAC,Premium,2,271.24,54.25,542.48,488.23,Apple Pay
1677,ORD_101677,1,332,CUST_0332,41,PROD_0041,Tech Guides Pro-Series 2,Books & Media,20260420,2026-04-20,2026-04-20 01:00:00,2,EMEA,Standard,5,539.9,269.95,2699.5,2429.55,PayPal
1678,ORD_101678,1,159,CUST_0159,1,PROD_0001,Smartphones Pro-Series 1,Consumer Electronics,20260608,2026-06-08,2026-06-08 00:00:00,2,EMEA,Standard,2,247.49,49.5,494.98,445.48,PayPal
1679,ORD_101679,1,199,CUST_0199,21,PROD_0021,Blenders Pro-Series 3,Home & Kitchen,20260527,2026-05-27,2026-05-27 23:00:00,4,LATAM,Premium,4,137.29,27.46,549.16,521.7,Debit Card
1680,ORD_101680,1,306,CUST_0306,19,PROD_0019,Blenders Pro-Series 1,Home & Kitchen,20260507,2026-05-07,2026-05-07 17:00:00,2,EMEA,Premium,1,523.93,0.0,523.93,523.93,Credit Card
1681,ORD_101681,1,26,CUST_0026,1,PROD_0001,Smartphones Pro-Series 1,Consumer Electronics,20250201,2025-02-01,2025-02-01 19:00:00,3,APAC,Premium,1,247.49,24.75,247.49,222.74,Debit Card
1682,ORD_101682,1,291,CUST_0291,11,PROD_0011,Smartwatches Pro-Series 2,Consumer Electronics,20260126,2026-01-26,2026-01-26 23:00:00,1,North America,Premium,1,627.26,62.73,627.26,564.53,PayPal
1683,ORD_101683,1,380,CUST_0380,24,PROD_0024,Robotic Vacuums Pro-Series 3,Home & Kitchen,20250715,2025-07-15,2025-07-15 13:00:00,1,North America,Premium,3,106.82,48.07,320.46,272.39,Credit Card
1684,ORD_101684,1,461,CUST_0461,8,PROD_0008,Audio Headphones Pro-Series 2,Consumer Electronics,20251101,2025-11-01,2025-11-01 01:00:00,3,APAC,Standard,2,596.84,119.37,1193.68,1074.31,Debit Card
1685,ORD_101685,1,471,CUST_0471,41,PROD_0041,Tech Guides Pro-Series 2,Books & Media,20250729,2025-07-29,2025-07-29 03:00:00,1,North America,Standard,4,539.9,107.98,2159.6,2051.62,Credit Card
1686,ORD_101686,1,372,CUST_0372,16,PROD_0016,Air Fryers Pro-Series 1,Home & Kitchen,20250426,2025-04-26,2025-04-26 02:00:00,4,LATAM,Premium,5,403.75,201.88,2018.75,1816.87,Apple Pay
1687,ORD_101687,1,289,CUST_0289,31,PROD_0031,Sportswear Pro-Series 1,Apparel & Fashion,20250124,2025-01-24,2025-01-24 22:00:00,1,North America,Premium,2,610.97,61.1,1221.94,1160.84,Credit Card
1688,ORD_101688,1,194,CUST_0194,2,PROD_0002,Smartphones Pro-Series 2,Consumer Electronics,20260212,2026-02-12,2026-02-12 21:00:00,1,North America,Premium,4,484.7,290.82,1938.8,1647.98,Debit Card
1689,ORD_101689,1,499,CUST_0499,1,PROD_0001,Smartphones Pro-Series 1,Consumer Electronics,20260227,2026-02-27,2026-02-27 05:00:00,1,North America,Standard,1,247.49,24.75,247.49,222.74,Apple Pay
1690,ORD_101690,1,411,CUST_0411,18,PROD_0018,Air Fryers Pro-Series 3,Home & Kitchen,20260506,2026-05-06,2026-05-06 06:00:00,1,North America,Standard,3,497.95,74.69,1493.85,1419.16,PayPal
1691,ORD_101691,1,333,CUST_0333,3,PROD_0003,Smartphones Pro-Series 3,Consumer Electronics,20260404,2026-04-04,2026-04-04 00:00:00,4,LATAM,Premium,5,194.64,145.98,973.2,827.22,PayPal
1692,ORD_101692,1,187,CUST_0187,6,PROD_0006,Laptops Pro-Series 3,Consumer Electronics,20250218,2025-02-18,2025-02-18 09:00:00,3,APAC,Standard,4,304.52,182.71,1218.08,1035.37,PayPal
1693,ORD_101693,1,462,CUST_0462,24,PROD_0024,Robotic Vacuums Pro-Series 3,Home & Kitchen,20260118,2026-01-18,2026-01-18 21:00:00,2,EMEA,Standard,3,106.82,32.05,320.46,288.41,Debit Card
1694,ORD_101694,1,206,CUST_0206,24,PROD_0024,Robotic Vacuums Pro-Series 3,Home & Kitchen,20250628,2025-06-28,2025-06-28 18:00:00,4,LATAM,Standard,3,106.82,32.05,320.46,288.41,PayPal
1695,ORD_101695,1,278,CUST_0278,27,PROD_0027,Men's Jackets Pro-Series 3,Apparel & Fashion,20260522,2026-05-22,2026-05-22 21:00:00,3,APAC,Standard,4,452.99,0.0,1811.96,1811.96,Apple Pay
1696,ORD_101696,1,474,CUST_0474,23,PROD_0023,Robotic Vacuums Pro-Series 2,Home & Kitchen,20250521,2025-05-21,2025-05-21 10:00:00,4,LATAM,Premium,4,80.72,16.14,322.88,306.74,Credit Card
1697,ORD_101697,1,471,CUST_0471,41,PROD_0041,Tech Guides Pro-Series 2,Books & Media,20251218,2025-12-18,2025-12-18 16:00:00,2,EMEA,Standard,5,539.9,269.95,2699.5,2429.55,PayPal
1698,ORD_101698,1,418,CUST_0418,14,PROD_0014,Coffee Makers Pro-Series 2,Home & Kitchen,20260811,2026-08-11,2026-08-11 04:00:00,4,LATAM,Standard,1,94.28,14.14,94.28,80.14,Credit Card
1699,ORD_101699,1,22,CUST_0022,34,PROD_0034,Watches Pro-Series 1,Apparel & Fashion,20260529,2026-05-29,2026-05-29 17:00:00,1,North America,Standard,5,277.89,0.0,1389.45,1389.45,Apple Pay
1700,ORD_101700,1,483,CUST_0483,11,PROD_0011,Smartwatches Pro-Series 2,Consumer Electronics,20260718,2026-07-18,2026-07-18 21:00:00,2,EMEA,Premium,3,627.26,282.27,1881.78,1599.51,Credit Card
1701,ORD_101701,1,429,CUST_0429,24,PROD_0024,Robotic Vacuums Pro-Series 3,Home & Kitchen,20251130,2025-11-30,2025-11-30 23:00:00,4,LATAM,Standard,5,106.82,80.11,534.1,453.99,PayPal
1702,ORD_101702,1,384,CUST_0384,27,PROD_0027,Men's Jackets Pro-Series 3,Apparel & Fashion,20260814,2026-08-14,2026-08-14 11:00:00,1,North America,Premium,2,452.99,135.9,905.98,770.08,PayPal
1703,ORD_101703,1,1,CUST_0001,33,PROD_0033,Sportswear Pro-Series 3,Apparel & Fashion,20250712,2025-07-12,2025-07-12 22:00:00,1,North America,Premium,4,230.01,46.0,920.04,874.04,Credit Card
1704,ORD_101704,1,387,CUST_0387,26,PROD_0026,Men's Jackets Pro-Series 2,Apparel & Fashion,20251110,2025-11-10,2025-11-10 07:00:00,3,APAC,Premium,2,387.88,0.0,775.76,775.76,PayPal
1705,ORD_101705,1,16,CUST_0016,19,PROD_0019,Blenders Pro-Series 1,Home & Kitchen,20250125,2025-01-25,2025-01-25 00:00:00,1,North America,Standard,2,523.93,52.39,1047.86,995.47,Credit Card
1706,ORD_101706,1,232,CUST_0232,8,PROD_0008,Audio Headphones Pro-Series 2,Consumer Electronics,20250310,2025-03-10,2025-03-10 08:00:00,4,LATAM,Standard,3,596.84,268.58,1790.52,1521.94,Credit Card
1707,ORD_101707,1,199,CUST_0199,24,PROD_0024,Robotic Vacuums Pro-Series 3,Home & Kitchen,20251104,2025-11-04,2025-11-04 10:00:00,2,EMEA,Premium,3,106.82,48.07,320.46,272.39,Debit Card
1708,ORD_101708,1,252,CUST_0252,3,PROD_0003,Smartphones Pro-Series 3,Consumer Electronics,20250212,2025-02-12,2025-02-12 21:00:00,4,LATAM,Standard,3,194.64,58.39,583.92,525.53,Credit Card
1709,ORD_101709,1,243,CUST_0243,25,PROD_0025,Men's Jackets Pro-Series 1,Apparel & Fashion,20250919,2025-09-19,2025-09-19 22:00:00,1,North America,Standard,4,381.42,152.57,1525.68,1373.11,Debit Card
1710,ORD_101710,1,20,CUST_0020,32,PROD_0032,Sportswear Pro-Series 2,Apparel & Fashion,20250128,2025-01-28,2025-01-28 12:00:00,1,North America,Standard,4,106.55,42.62,426.2,383.58,Credit Card
1711,ORD_101711,1,371,CUST_0371,41,PROD_0041,Tech Guides Pro-Series 2,Books & Media,20250326,2025-03-26,2025-03-26 07:00:00,1,North America,Standard,4,539.9,323.94,2159.6,1835.66,Apple Pay
1712,ORD_101712,1,241,CUST_0241,3,PROD_0003,Smartphones Pro-Series 3,Consumer Electronics,20250905,2025-09-05,2025-09-05 19:00:00,3,APAC,Standard,3,194.64,87.59,583.92,496.33,PayPal
1713,ORD_101713,1,6,CUST_0006,44,PROD_0044,Audiobooks Pro-Series 2,Books & Media,20260225,2026-02-25,2026-02-25 03:00:00,2,EMEA,Premium,5,86.85,0.0,434.25,434.25,Debit Card
1714,ORD_101714,1,93,CUST_0093,30,PROD_0030,Women's Sneakers Pro-Series 3,Apparel & Fashion,20250312,2025-03-12,2025-03-12 16:00:00,3,APAC,Standard,5,378.05,283.54,1890.25,1606.71,Credit Card
1715,ORD_101715,1,61,CUST_0061,45,PROD_0045,Audiobooks Pro-Series 3,Books & Media,20250917,2025-09-17,2025-09-17 18:00:00,4,LATAM,VIP,2,512.51,153.75,1025.02,871.27,Apple Pay
1716,ORD_101716,1,149,CUST_0149,39,PROD_0039,Hardcover Novels Pro-Series 3,Books & Media,20250616,2025-06-16,2025-06-16 01:00:00,3,APAC,Premium,4,217.64,0.0,870.56,870.56,PayPal
1717,ORD_101717,1,247,CUST_0247,32,PROD_0032,Sportswear Pro-Series 2,Apparel & Fashion,20250320,2025-03-20,2025-03-20 06:00:00,2,EMEA,Premium,1,106.55,15.98,106.55,90.57,PayPal
1718,ORD_101718,1,155,CUST_0155,12,PROD_0012,Smartwatches Pro-Series 3,Consumer Electronics,20260121,2026-01-21,2026-01-21 01:00:00,2,EMEA,Standard,3,414.15,186.37,1242.45,1056.08,PayPal
1719,ORD_101719,1,486,CUST_0486,8,PROD_0008,Audio Headphones Pro-Series 2,Consumer Electronics,20260401,2026-04-01,2026-04-01 22:00:00,1,North America,Premium,2,596.84,59.68,1193.68,1134.0,PayPal
1720,ORD_101720,1,225,CUST_0225,32,PROD_0032,Sportswear Pro-Series 2,Apparel & Fashion,20260731,2026-07-31,2026-07-31 00:00:00,3,APAC,Premium,4,106.55,0.0,426.2,426.2,Apple Pay
1721,ORD_101721,1,215,CUST_0215,31,PROD_0031,Sportswear Pro-Series 1,Apparel & Fashion,20260711,2026-07-11,2026-07-11 03:00:00,1,North America,Premium,3,610.97,274.94,1832.91,1557.97,Debit Card
1722,ORD_101722,1,45,CUST_0045,17,PROD_0017,Air Fryers Pro-Series 2,Home & Kitchen,20250310,2025-03-10,2025-03-10 02:00:00,3,APAC,Premium,4,438.78,263.27,1755.12,1491.85,PayPal
1723,ORD_101723,1,13,CUST_0013,11,PROD_0011,Smartwatches Pro-Series 2,Consumer Electronics,20250521,2025-05-21,2025-05-21 03:00:00,1,North America,Standard,5,627.26,156.82,3136.3,2979.48,PayPal
1724,ORD_101724,1,280,CUST_0280,24,PROD_0024,Robotic Vacuums Pro-Series 3,Home & Kitchen,20260402,2026-04-02,2026-04-02 21:00:00,3,APAC,Premium,4,106.82,0.0,427.28,427.28,PayPal
1725,ORD_101725,1,60,CUST_0060,36,PROD_0036,Watches Pro-Series 3,Apparel & Fashion,20260820,2026-08-20,2026-08-20 13:00:00,1,North America,Standard,2,387.69,38.77,775.38,736.61,PayPal
1726,ORD_101726,1,383,CUST_0383,45,PROD_0045,Audiobooks Pro-Series 3,Books & Media,20251104,2025-11-04,2025-11-04 04:00:00,4,LATAM,Standard,1,512.51,51.25,512.51,461.26,Credit Card
1727,ORD_101727,1,58,CUST_0058,34,PROD_0034,Watches Pro-Series 1,Apparel & Fashion,20260607,2026-06-07,2026-06-07 00:00:00,3,APAC,Premium,5,277.89,0.0,1389.45,1389.45,Apple Pay
1728,ORD_101728,1,472,CUST_0472,16,PROD_0016,Air Fryers Pro-Series 1,Home & Kitchen,20250521,2025-05-21,2025-05-21 10:00:00,4,LATAM,Premium,2,403.75,40.38,807.5,767.12,Debit Card
1729,ORD_101729,1,110,CUST_0110,7,PROD_0007,Audio Headphones Pro-Series 1,Consumer Electronics,20260505,2026-05-05,2026-05-05 15:00:00,2,EMEA,Standard,4,136.35,0.0,545.4,545.4,PayPal
1730,ORD_101730,1,75,CUST_0075,5,PROD_0005,Laptops Pro-Series 2,Consumer Electronics,20250511,2025-05-11,2025-05-11 16:00:00,4,LATAM,VIP,5,144.32,0.0,721.6,721.6,PayPal
1731,ORD_101731,1,386,CUST_0386,27,PROD_0027,Men's Jackets Pro-Series 3,Apparel & Fashion,20250910,2025-09-10,2025-09-10 20:00:00,3,APAC,Premium,2,452.99,90.6,905.98,815.38,Debit Card
1732,ORD_101732,1,22,CUST_0022,21,PROD_0021,Blenders Pro-Series 3,Home & Kitchen,20250303,2025-03-03,2025-03-03 13:00:00,4,LATAM,Standard,1,137.29,6.86,137.29,130.43,Apple Pay
1733,ORD_101733,1,311,CUST_0311,15,PROD_0015,Coffee Makers Pro-Series 3,Home & Kitchen,20260205,2026-02-05,2026-02-05 14:00:00,2,EMEA,Standard,4,397.04,238.22,1588.16,1349.94,PayPal
1734,ORD_101734,1,267,CUST_0267,19,PROD_0019,Blenders Pro-Series 1,Home & Kitchen,20250905,2025-09-05,2025-09-05 19:00:00,4,LATAM,Standard,1,523.93,78.59,523.93,445.34,Credit Card
1735,ORD_101735,1,288,CUST_0288,6,PROD_0006,Laptops Pro-Series 3,Consumer Electronics,20260304,2026-03-04,2026-03-04 02:00:00,2,EMEA,Standard,1,304.52,30.45,304.52,274.07,Apple Pay
1736,ORD_101736,1,238,CUST_0238,42,PROD_0042,Tech Guides Pro-Series 3,Books & Media,20260207,2026-02-07,2026-02-07 08:00:00,3,APAC,Standard,3,201.79,60.54,605.37,544.83,Apple Pay
1737,ORD_101737,1,250,CUST_0250,25,PROD_0025,Men's Jackets Pro-Series 1,Apparel & Fashion,20260427,2026-04-27,2026-04-27 16:00:00,2,EMEA,Standard,4,381.42,152.57,1525.68,1373.11,Credit Card
1738,ORD_101738,1,273,CUST_0273,34,PROD_0034,Watches Pro-Series 1,Apparel & Fashion,20260517,2026-05-17,2026-05-17 10:00:00,1,North America,Premium,3,277.89,83.37,833.67,750.3,Apple Pay
1739,ORD_101739,1,263,CUST_0263,15,PROD_0015,Coffee Makers Pro-Series 3,Home & Kitchen,20251023,2025-10-23,2025-10-23 19:00:00,3,APAC,Standard,3,397.04,59.56,1191.12,1131.56,PayPal
1740,ORD_101740,1,99,CUST_0099,22,PROD_0022,Robotic Vacuums Pro-Series 1,Home & Kitchen,20251223,2025-12-23,2025-12-23 09:00:00,4,LATAM,Premium,3,573.0,171.9,1719.0,1547.1,Debit Card
1741,ORD_101741,1,456,CUST_0456,9,PROD_0009,Audio Headphones Pro-Series 3,Consumer Electronics,20250712,2025-07-12,2025-07-12 19:00:00,3,APAC,Standard,2,512.06,102.41,1024.12,921.71,Apple Pay
1742,ORD_101742,1,298,CUST_0298,34,PROD_0034,Watches Pro-Series 1,Apparel & Fashion,20250729,2025-07-29,2025-07-29 14:00:00,2,EMEA,Standard,1,277.89,27.79,277.89,250.1,PayPal
1743,ORD_101743,1,405,CUST_0405,41,PROD_0041,Tech Guides Pro-Series 2,Books & Media,20250730,2025-07-30,2025-07-30 19:00:00,3,APAC,Standard,2,539.9,161.97,1079.8,917.83,Apple Pay
1744,ORD_101744,1,248,CUST_0248,18,PROD_0018,Air Fryers Pro-Series 3,Home & Kitchen,20250909,2025-09-09,2025-09-09 12:00:00,4,LATAM,Standard,5,497.95,248.98,2489.75,2240.77,PayPal
1745,ORD_101745,1,37,CUST_0037,17,PROD_0017,Air Fryers Pro-Series 2,Home & Kitchen,20250918,2025-09-18,2025-09-18 19:00:00,1,North America,Premium,4,438.78,263.27,1755.12,1491.85,Credit Card
1746,ORD_101746,1,416,CUST_0416,17,PROD_0017,Air Fryers Pro-Series 2,Home & Kitchen,20250310,2025-03-10,2025-03-10 06:00:00,4,LATAM,VIP,4,438.78,175.51,1755.12,1579.61,Debit Card
1747,ORD_101747,1,27,CUST_0027,28,PROD_0028,Women's Sneakers Pro-Series 1,Apparel & Fashion,20250723,2025-07-23,2025-07-23 08:00:00,4,LATAM,Standard,5,301.74,0.0,1508.7,1508.7,Debit Card
1748,ORD_101748,1,161,CUST_0161,8,PROD_0008,Audio Headphones Pro-Series 2,Consumer Electronics,20260324,2026-03-24,2026-03-24 12:00:00,2,EMEA,Standard,2,596.84,0.0,1193.68,1193.68,Apple Pay
1749,ORD_101749,1,434,CUST_0434,5,PROD_0005,Laptops Pro-Series 2,Consumer Electronics,20250225,2025-02-25,2025-02-25 01:00:00,3,APAC,VIP,1,144.32,14.43,144.32,129.89,PayPal
1750,ORD_101750,1,352,CUST_0352,28,PROD_0028,Women's Sneakers Pro-Series 1,Apparel & Fashion,20250409,2025-04-09,2025-04-09 23:00:00,2,EMEA,Premium,1,301.74,0.0,301.74,301.74,Credit Card
1751,ORD_101751,1,320,CUST_0320,18,PROD_0018,Air Fryers Pro-Series 3,Home & Kitchen,20250425,2025-04-25,2025-04-25 10:00:00,3,APAC,Premium,4,497.95,99.59,1991.8,1892.21,PayPal
1752,ORD_101752,1,310,CUST_0310,37,PROD_0037,Hardcover Novels Pro-Series 1,Books & Media,20250814,2025-08-14,2025-08-14 19:00:00,3,APAC,Standard,5,271.24,135.62,1356.2,1220.58,PayPal
1753,ORD_101753,1,284,CUST_0284,38,PROD_0038,Hardcover Novels Pro-Series 2,Books & Media,20250605,2025-06-05,2025-06-05 00:00:00,3,APAC,Standard,2,157.75,15.78,315.5,299.72,Debit Card
1754,ORD_101754,1,316,CUST_0316,2,PROD_0002,Smartphones Pro-Series 2,Consumer Electronics,20250728,2025-07-28,2025-07-28 17:00:00,2,EMEA,Standard,1,484.7,48.47,484.7,436.23,Debit Card
1755,ORD_101755,1,127,CUST_0127,27,PROD_0027,Men's Jackets Pro-Series 3,Apparel & Fashion,20250508,2025-05-08,2025-05-08 03:00:00,2,EMEA,Standard,2,452.99,135.9,905.98,770.08,PayPal
1756,ORD_101756,1,144,CUST_0144,7,PROD_0007,Audio Headphones Pro-Series 1,Consumer Electronics,20250627,2025-06-27,2025-06-27 07:00:00,1,North America,Premium,2,136.35,27.27,272.7,245.43,Debit Card
1757,ORD_101757,1,435,CUST_0435,25,PROD_0025,Men's Jackets Pro-Series 1,Apparel & Fashion,20260817,2026-08-17,2026-08-17 19:00:00,4,LATAM,Standard,2,381.42,38.14,762.84,724.7,Credit Card
1758,ORD_101758,1,365,CUST_0365,29,PROD_0029,Women's Sneakers Pro-Series 2,Apparel & Fashion,20250325,2025-03-25,2025-03-25 13:00:00,4,LATAM,Standard,2,420.39,126.12,840.78,714.66,Debit Card
1759,ORD_101759,1,392,CUST_0392,18,PROD_0018,Air Fryers Pro-Series 3,Home & Kitchen,20250124,2025-01-24,2025-01-24 17:00:00,2,EMEA,Premium,4,497.95,298.77,1991.8,1693.03,Apple Pay
1760,ORD_101760,1,256,CUST_0256,33,PROD_0033,Sportswear Pro-Series 3,Apparel & Fashion,20251126,2025-11-26,2025-11-26 00:00:00,4,LATAM,Premium,4,230.01,46.0,920.04,874.04,Apple Pay
1761,ORD_101761,1,40,CUST_0040,39,PROD_0039,Hardcover Novels Pro-Series 3,Books & Media,20250528,2025-05-28,2025-05-28 22:00:00,4,LATAM,Standard,2,217.64,65.29,435.28,369.99,PayPal
1762,ORD_101762,1,181,CUST_0181,26,PROD_0026,Men's Jackets Pro-Series 2,Apparel & Fashion,20250812,2025-08-12,2025-08-12 10:00:00,3,APAC,Premium,2,387.88,77.58,775.76,698.18,PayPal
1763,ORD_101763,1,450,CUST_0450,31,PROD_0031,Sportswear Pro-Series 1,Apparel & Fashion,20260124,2026-01-24,2026-01-24 19:00:00,1,North America,Premium,5,610.97,152.74,3054.85,2902.11,Credit Card
1764,ORD_101764,1,410,CUST_0410,2,PROD_0002,Smartphones Pro-Series 2,Consumer Electronics,20260409,2026-04-09,2026-04-09 22:00:00,4,LATAM,Standard,5,484.7,242.35,2423.5,2181.15,Apple Pay
1765,ORD_101765,1,252,CUST_0252,28,PROD_0028,Women's Sneakers Pro-Series 1,Apparel & Fashion,20260126,2026-01-26,2026-01-26 00:00:00,4,LATAM,Standard,4,301.74,0.0,1206.96,1206.96,Debit Card
1766,ORD_101766,1,118,CUST_0118,18,PROD_0018,Air Fryers Pro-Series 3,Home & Kitchen,20250919,2025-09-19,2025-09-19 11:00:00,3,APAC,Standard,3,497.95,224.08,1493.85,1269.77,PayPal
1767,ORD_101767,1,438,CUST_0438,38,PROD_0038,Hardcover Novels Pro-Series 2,Books & Media,20250622,2025-06-22,2025-06-22 07:00:00,2,EMEA,Standard,1,157.75,23.66,157.75,134.09,Apple Pay
1768,ORD_101768,1,47,CUST_0047,11,PROD_0011,Smartwatches Pro-Series 2,Consumer Electronics,20250219,2025-02-19,2025-02-19 07:00:00,1,North America,Standard,5,627.26,0.0,3136.3,3136.3,Apple Pay
1769,ORD_101769,1,478,CUST_0478,17,PROD_0017,Air Fryers Pro-Series 2,Home & Kitchen,20250323,2025-03-23,2025-03-23 16:00:00,4,LATAM,Premium,2,438.78,87.76,877.56,789.8,PayPal
1770,ORD_101770,1,446,CUST_0446,12,PROD_0012,Smartwatches Pro-Series 3,Consumer Electronics,20260323,2026-03-23,2026-03-23 08:00:00,2,EMEA,Standard,4,414.15,165.66,1656.6,1490.94,PayPal
1771,ORD_101771,1,119,CUST_0119,6,PROD_0006,Laptops Pro-Series 3,Consumer Electronics,20260618,2026-06-18,2026-06-18 02:00:00,1,North America,Premium,5,304.52,76.13,1522.6,1446.47,Apple Pay
1772,ORD_101772,1,483,CUST_0483,28,PROD_0028,Women's Sneakers Pro-Series 1,Apparel & Fashion,20260716,2026-07-16,2026-07-16 15:00:00,2,EMEA,Premium,2,301.74,0.0,603.48,603.48,PayPal
1773,ORD_101773,1,396,CUST_0396,7,PROD_0007,Audio Headphones Pro-Series 1,Consumer Electronics,20250320,2025-03-20,2025-03-20 02:00:00,3,APAC,Standard,2,136.35,0.0,272.7,272.7,Debit Card
1774,ORD_101774,1,371,CUST_0371,12,PROD_0012,Smartwatches Pro-Series 3,Consumer Electronics,20260721,2026-07-21,2026-07-21 11:00:00,2,EMEA,Standard,5,414.15,103.54,2070.75,1967.21,PayPal
1775,ORD_101775,1,438,CUST_0438,11,PROD_0011,Smartwatches Pro-Series 2,Consumer Electronics,20250109,2025-01-09,2025-01-09 10:00:00,3,APAC,Standard,5,627.26,0.0,3136.3,3136.3,Credit Card
1776,ORD_101776,1,86,CUST_0086,4,PROD_0004,Laptops Pro-Series 1,Consumer Electronics,20260208,2026-02-08,2026-02-08 04:00:00,4,LATAM,Premium,2,328.32,32.83,656.64,623.81,PayPal
1777,ORD_101777,1,401,CUST_0401,18,PROD_0018,Air Fryers Pro-Series 3,Home & Kitchen,20260112,2026-01-12,2026-01-12 18:00:00,4,LATAM,Standard,2,497.95,149.38,995.9,846.52,PayPal
1778,ORD_101778,1,128,CUST_0128,11,PROD_0011,Smartwatches Pro-Series 2,Consumer Electronics,20250423,2025-04-23,2025-04-23 22:00:00,1,North America,Premium,1,627.26,94.09,627.26,533.17,PayPal
1779,ORD_101779,1,236,CUST_0236,34,PROD_0034,Watches Pro-Series 1,Apparel & Fashion,20250101,2025-01-01,2025-01-01 09:00:00,4,LATAM,Standard,4,277.89,166.73,1111.56,944.83,Debit Card
1780,ORD_101780,1,403,CUST_0403,39,PROD_0039,Hardcover Novels Pro-Series 3,Books & Media,20260617,2026-06-17,2026-06-17 11:00:00,4,LATAM,Standard,3,217.64,97.94,652.92,554.98,PayPal
1781,ORD_101781,1,65,CUST_0065,3,PROD_0003,Smartphones Pro-Series 3,Consumer Electronics,20260531,2026-05-31,2026-05-31 15:00:00,2,EMEA,Standard,1,194.64,19.46,194.64,175.18,Apple Pay
1782,ORD_101782,1,463,CUST_0463,27,PROD_0027,Men's Jackets Pro-Series 3,Apparel & Fashion,20250429,2025-04-29,2025-04-29 19:00:00,4,LATAM,Premium,4,452.99,181.2,1811.96,1630.76,Apple Pay
1783,ORD_101783,1,250,CUST_0250,13,PROD_0013,Coffee Makers Pro-Series 1,Home & Kitchen,20250125,2025-01-25,2025-01-25 10:00:00,1,North America,Standard,2,177.25,53.17,354.5,301.33,PayPal
1784,ORD_101784,1,405,CUST_0405,9,PROD_0009,Audio Headphones Pro-Series 3,Consumer Electronics,20260406,2026-04-06,2026-04-06 18:00:00,3,APAC,Standard,4,512.06,102.41,2048.24,1945.83,PayPal
1785,ORD_101785,1,463,CUST_0463,29,PROD_0029,Women's Sneakers Pro-Series 2,Apparel & Fashion,20250117,2025-01-17,2025-01-17 07:00:00,3,APAC,Premium,4,420.39,252.23,1681.56,1429.33,Debit Card
1786,ORD_101786,1,452,CUST_0452,14,PROD_0014,Coffee Makers Pro-Series 2,Home & Kitchen,20260422,2026-04-22,2026-04-22 11:00:00,4,LATAM,Premium,2,94.28,28.28,188.56,160.28,Credit Card
1787,ORD_101787,1,460,CUST_0460,41,PROD_0041,Tech Guides Pro-Series 2,Books & Media,20250909,2025-09-09,2025-09-09 04:00:00,1,North America,Standard,3,539.9,161.97,1619.7,1457.73,Credit Card
1788,ORD_101788,1,466,CUST_0466,25,PROD_0025,Men's Jackets Pro-Series 1,Apparel & Fashion,20251225,2025-12-25,2025-12-25 14:00:00,4,LATAM,Premium,1,381.42,38.14,381.42,343.28,Apple Pay
1789,ORD_101789,1,245,CUST_0245,3,PROD_0003,Smartphones Pro-Series 3,Consumer Electronics,20260609,2026-06-09,2026-06-09 17:00:00,4,LATAM,Premium,1,194.64,19.46,194.64,175.18,Apple Pay
1790,ORD_101790,1,473,CUST_0473,33,PROD_0033,Sportswear Pro-Series 3,Apparel & Fashion,20250718,2025-07-18,2025-07-18 09:00:00,2,EMEA,Standard,1,230.01,0.0,230.01,230.01,PayPal
1791,ORD_101791,1,31,CUST_0031,2,PROD_0002,Smartphones Pro-Series 2,Consumer Electronics,20260730,2026-07-30,2026-07-30 08:00:00,2,EMEA,Standard,5,484.7,242.35,2423.5,2181.15,Credit Card
1792,ORD_101792,1,172,CUST_0172,40,PROD_0040,Tech Guides Pro-Series 1,Books & Media,20260405,2026-04-05,2026-04-05 12:00:00,4,LATAM,Standard,3,507.6,152.28,1522.8,1370.52,Apple Pay
1793,ORD_101793,1,411,CUST_0411,34,PROD_0034,Watches Pro-Series 1,Apparel & Fashion,20260112,2026-01-12,2026-01-12 01:00:00,1,North America,Standard,4,277.89,166.73,1111.56,944.83,Debit Card
1794,ORD_101794,1,342,CUST_0342,36,PROD_0036,Watches Pro-Series 3,Apparel & Fashion,20260611,2026-06-11,2026-06-11 01:00:00,1,North America,VIP,2,387.69,116.31,775.38,659.07,Apple Pay
1795,ORD_101795,1,370,CUST_0370,41,PROD_0041,Tech Guides Pro-Series 2,Books & Media,20260327,2026-03-27,2026-03-27 23:00:00,3,APAC,Premium,2,539.9,53.99,1079.8,1025.81,PayPal
1796,ORD_101796,1,197,CUST_0197,18,PROD_0018,Air Fryers Pro-Series 3,Home & Kitchen,20250406,2025-04-06,2025-04-06 19:00:00,4,LATAM,Standard,2,497.95,0.0,995.9,995.9,Credit Card
1797,ORD_101797,1,489,CUST_0489,9,PROD_0009,Audio Headphones Pro-Series 3,Consumer Electronics,20251107,2025-11-07,2025-11-07 00:00:00,2,EMEA,Standard,4,512.06,102.41,2048.24,1945.83,Debit Card
1798,ORD_101798,1,281,CUST_0281,37,PROD_0037,Hardcover Novels Pro-Series 1,Books & Media,20250605,2025-06-05,2025-06-05 13:00:00,3,APAC,Standard,2,271.24,0.0,542.48,542.48,Credit Card
1799,ORD_101799,1,136,CUST_0136,31,PROD_0031,Sportswear Pro-Series 1,Apparel & Fashion,20250617,2025-06-17,2025-06-17 01:00:00,1,North America,Standard,2,610.97,183.29,1221.94,1038.65,PayPal
1800,ORD_101800,1,41,CUST_0041,43,PROD_0043,Audiobooks Pro-Series 1,Books & Media,20260521,2026-05-21,2026-05-21 03:00:00,4,LATAM,Standard,3,262.83,78.85,788.49,709.64,Debit Card
1801,ORD_101801,1,286,CUST_0286,36,PROD_0036,Watches Pro-Series 3,Apparel & Fashion,20250922,2025-09-22,2025-09-22 18:00:00,3,APAC,Standard,3,387.69,58.15,1163.07,1104.92,Apple Pay
1802,ORD_101802,1,418,CUST_0418,2,PROD_0002,Smartphones Pro-Series 2,Consumer Electronics,20250909,2025-09-09,2025-09-09 07:00:00,4,LATAM,Standard,4,484.7,193.88,1938.8,1744.92,Apple Pay
1803,ORD_101803,1,256,CUST_0256,26,PROD_0026,Men's Jackets Pro-Series 2,Apparel & Fashion,20260606,2026-06-06,2026-06-06 09:00:00,1,North America,Premium,5,387.88,193.94,1939.4,1745.46,Apple Pay
1804,ORD_101804,1,285,CUST_0285,15,PROD_0015,Coffee Makers Pro-Series 3,Home & Kitchen,20250420,2025-04-20,2025-04-20 04:00:00,2,EMEA,Standard,2,397.04,119.11,794.08,674.97,PayPal
1805,ORD_101805,1,278,CUST_0278,33,PROD_0033,Sportswear Pro-Series 3,Apparel & Fashion,20250411,2025-04-11,2025-04-11 22:00:00,3,APAC,Standard,4,230.01,138.01,920.04,782.03,Debit Card
1806,ORD_101806,1,154,CUST_0154,6,PROD_0006,Laptops Pro-Series 3,Consumer Electronics,20260804,2026-08-04,2026-08-04 10:00:00,2,EMEA,Standard,2,304.52,91.36,609.04,517.68,Credit Card
1807,ORD_101807,1,224,CUST_0224,26,PROD_0026,Men's Jackets Pro-Series 2,Apparel & Fashion,20251118,2025-11-18,2025-11-18 01:00:00,4,LATAM,Premium,2,387.88,116.36,775.76,659.4,Debit Card
1808,ORD_101808,1,481,CUST_0481,24,PROD_0024,Robotic Vacuums Pro-Series 3,Home & Kitchen,20250201,2025-02-01,2025-02-01 10:00:00,1,North America,Standard,3,106.82,16.02,320.46,304.44,Debit Card
1809,ORD_101809,1,302,CUST_0302,14,PROD_0014,Coffee Makers Pro-Series 2,Home & Kitchen,20260519,2026-05-19,2026-05-19 12:00:00,4,LATAM,Standard,4,94.28,18.86,377.12,358.26,Apple Pay
1810,ORD_101810,1,412,CUST_0412,11,PROD_0011,Smartwatches Pro-Series 2,Consumer Electronics,20250907,2025-09-07,2025-09-07 19:00:00,3,APAC,Standard,2,627.26,125.45,1254.52,1129.07,Debit Card
1811,ORD_101811,1,43,CUST_0043,6,PROD_0006,Laptops Pro-Series 3,Consumer Electronics,20250326,2025-03-26,2025-03-26 03:00:00,1,North America,Premium,2,304.52,91.36,609.04,517.68,Debit Card
1812,ORD_101812,1,332,CUST_0332,10,PROD_0010,Smartwatches Pro-Series 1,Consumer Electronics,20250405,2025-04-05,2025-04-05 22:00:00,1,North America,Standard,1,238.77,35.82,238.77,202.95,PayPal
1813,ORD_101813,1,150,CUST_0150,24,PROD_0024,Robotic Vacuums Pro-Series 3,Home & Kitchen,20250203,2025-02-03,2025-02-03 04:00:00,3,APAC,VIP,5,106.82,0.0,534.1,534.1,Credit Card
1814,ORD_101814,1,170,CUST_0170,7,PROD_0007,Audio Headphones Pro-Series 1,Consumer Electronics,20250619,2025-06-19,2025-06-19 09:00:00,1,North America,Premium,5,136.35,0.0,681.75,681.75,Credit Card
1815,ORD_101815,1,405,CUST_0405,11,PROD_0011,Smartwatches Pro-Series 2,Consumer Electronics,20250101,2025-01-01,2025-01-01 06:00:00,4,LATAM,Standard,4,627.26,0.0,2509.04,2509.04,Apple Pay
1816,ORD_101816,1,429,CUST_0429,34,PROD_0034,Watches Pro-Series 1,Apparel & Fashion,20251026,2025-10-26,2025-10-26 19:00:00,1,North America,Standard,5,277.89,138.94,1389.45,1250.51,PayPal
1817,ORD_101817,1,311,CUST_0311,17,PROD_0017,Air Fryers Pro-Series 2,Home & Kitchen,20250308,2025-03-08,2025-03-08 14:00:00,2,EMEA,Standard,5,438.78,0.0,2193.9,2193.9,Debit Card
1818,ORD_101818,1,146,CUST_0146,3,PROD_0003,Smartphones Pro-Series 3,Consumer Electronics,20250818,2025-08-18,2025-08-18 22:00:00,4,LATAM,Premium,3,194.64,29.2,583.92,554.72,Debit Card
1819,ORD_101819,1,488,CUST_0488,33,PROD_0033,Sportswear Pro-Series 3,Apparel & Fashion,20260409,2026-04-09,2026-04-09 11:00:00,3,APAC,VIP,3,230.01,103.5,690.03,586.53,Debit Card
1820,ORD_101820,1,342,CUST_0342,21,PROD_0021,Blenders Pro-Series 3,Home & Kitchen,20250829,2025-08-29,2025-08-29 09:00:00,2,EMEA,VIP,2,137.29,41.19,274.58,233.39,PayPal
1821,ORD_101821,1,41,CUST_0041,4,PROD_0004,Laptops Pro-Series 1,Consumer Electronics,20250608,2025-06-08,2025-06-08 01:00:00,1,North America,Standard,2,328.32,0.0,656.64,656.64,Debit Card
1822,ORD_101822,1,371,CUST_0371,5,PROD_0005,Laptops Pro-Series 2,Consumer Electronics,20250510,2025-05-10,2025-05-10 04:00:00,3,APAC,Standard,3,144.32,43.3,432.96,389.66,PayPal
1823,ORD_101823,1,210,CUST_0210,8,PROD_0008,Audio Headphones Pro-Series 2,Consumer Electronics,20260509,2026-05-09,2026-05-09 13:00:00,3,APAC,Standard,2,596.84,179.05,1193.68,1014.63,Credit Card
1824,ORD_101824,1,201,CUST_0201,13,PROD_0013,Coffee Makers Pro-Series 1,Home & Kitchen,20260108,2026-01-08,2026-01-08 05:00:00,3,APAC,Premium,1,177.25,0.0,177.25,177.25,Credit Card
1825,ORD_101825,1,96,CUST_0096,32,PROD_0032,Sportswear Pro-Series 2,Apparel & Fashion,20250916,2025-09-16,2025-09-16 12:00:00,4,LATAM,Standard,4,106.55,42.62,426.2,383.58,Debit Card
1826,ORD_101826,1,382,CUST_0382,28,PROD_0028,Women's Sneakers Pro-Series 1,Apparel & Fashion,20250517,2025-05-17,2025-05-17 10:00:00,3,APAC,Premium,5,301.74,75.44,1508.7,1433.26,Credit Card
1827,ORD_101827,1,213,CUST_0213,6,PROD_0006,Laptops Pro-Series 3,Consumer Electronics,20250618,2025-06-18,2025-06-18 08:00:00,4,LATAM,VIP,3,304.52,45.68,913.56,867.88,Credit Card
1828,ORD_101828,1,263,CUST_0263,39,PROD_0039,Hardcover Novels Pro-Series 3,Books & Media,20250524,2025-05-24,2025-05-24 07:00:00,4,LATAM,Standard,3,217.64,32.65,652.92,620.27,PayPal
1829,ORD_101829,1,395,CUST_0395,1,PROD_0001,Smartphones Pro-Series 1,Consumer Electronics,20260304,2026-03-04,2026-03-04 01:00:00,3,APAC,Premium,3,247.49,74.25,742.47,668.22,Apple Pay
1830,ORD_101830,1,248,CUST_0248,33,PROD_0033,Sportswear Pro-Series 3,Apparel & Fashion,20250103,2025-01-03,2025-01-03 03:00:00,2,EMEA,Standard,2,230.01,23.0,460.02,437.02,Apple Pay
1831,ORD_101831,1,272,CUST_0272,26,PROD_0026,Men's Jackets Pro-Series 2,Apparel & Fashion,20260602,2026-06-02,2026-06-02 08:00:00,2,EMEA,Standard,4,387.88,0.0,1551.52,1551.52,Debit Card
1832,ORD_101832,1,276,CUST_0276,30,PROD_0030,Women's Sneakers Pro-Series 3,Apparel & Fashion,20260715,2026-07-15,2026-07-15 09:00:00,1,North America,Premium,3,378.05,113.42,1134.15,1020.73,Credit Card
1833,ORD_101833,1,322,CUST_0322,5,PROD_0005,Laptops Pro-Series 2,Consumer Electronics,20260222,2026-02-22,2026-02-22 18:00:00,4,LATAM,Premium,4,144.32,86.59,577.28,490.69,PayPal
1834,ORD_101834,1,115,CUST_0115,29,PROD_0029,Women's Sneakers Pro-Series 2,Apparel & Fashion,20251119,2025-11-19,2025-11-19 18:00:00,3,APAC,Premium,3,420.39,0.0,1261.17,1261.17,PayPal
1835,ORD_101835,1,203,CUST_0203,17,PROD_0017,Air Fryers Pro-Series 2,Home & Kitchen,20260817,2026-08-17,2026-08-17 08:00:00,1,North America,Standard,5,438.78,109.69,2193.9,2084.21,Credit Card
1836,ORD_101836,1,123,CUST_0123,26,PROD_0026,Men's Jackets Pro-Series 2,Apparel & Fashion,20250816,2025-08-16,2025-08-16 14:00:00,1,North America,Standard,4,387.88,0.0,1551.52,1551.52,Credit Card
1837,ORD_101837,1,417,CUST_0417,35,PROD_0035,Watches Pro-Series 2,Apparel & Fashion,20251008,2025-10-08,2025-10-08 17:00:00,4,LATAM,Standard,1,495.6,49.56,495.6,446.04,Credit Card
1838,ORD_101838,1,110,CUST_0110,35,PROD_0035,Watches Pro-Series 2,Apparel & Fashion,20260524,2026-05-24,2026-05-24 18:00:00,3,APAC,Standard,1,495.6,24.78,495.6,470.82,Debit Card
1839,ORD_101839,1,169,CUST_0169,12,PROD_0012,Smartwatches Pro-Series 3,Consumer Electronics,20260729,2026-07-29,2026-07-29 23:00:00,2,EMEA,Standard,1,414.15,62.12,414.15,352.03,Credit Card
1840,ORD_101840,1,126,CUST_0126,31,PROD_0031,Sportswear Pro-Series 1,Apparel & Fashion,20251203,2025-12-03,2025-12-03 20:00:00,1,North America,Standard,1,610.97,30.55,610.97,580.42,Apple Pay
1841,ORD_101841,1,150,CUST_0150,43,PROD_0043,Audiobooks Pro-Series 1,Books & Media,20250623,2025-06-23,2025-06-23 21:00:00,3,APAC,VIP,4,262.83,52.57,1051.32,998.75,Debit Card
1842,ORD_101842,1,84,CUST_0084,24,PROD_0024,Robotic Vacuums Pro-Series 3,Home & Kitchen,20250728,2025-07-28,2025-07-28 23:00:00,1,North America,Standard,3,106.82,32.05,320.46,288.41,Credit Card
1843,ORD_101843,1,448,CUST_0448,8,PROD_0008,Audio Headphones Pro-Series 2,Consumer Electronics,20250320,2025-03-20,2025-03-20 04:00:00,1,North America,Premium,2,596.84,0.0,1193.68,1193.68,Apple Pay
1844,ORD_101844,1,392,CUST_0392,29,PROD_0029,Women's Sneakers Pro-Series 2,Apparel & Fashion,20250703,2025-07-03,2025-07-03 03:00:00,3,APAC,Premium,1,420.39,63.06,420.39,357.33,Credit Card
1845,ORD_101845,1,315,CUST_0315,18,PROD_0018,Air Fryers Pro-Series 3,Home & Kitchen,20260508,2026-05-08,2026-05-08 21:00:00,1,North America,Premium,3,497.95,0.0,1493.85,1493.85,Apple Pay
1846,ORD_101846,1,413,CUST_0413,13,PROD_0013,Coffee Makers Pro-Series 1,Home & Kitchen,20250630,2025-06-30,2025-06-30 12:00:00,3,APAC,Standard,1,177.25,0.0,177.25,177.25,Credit Card
1847,ORD_101847,1,176,CUST_0176,11,PROD_0011,Smartwatches Pro-Series 2,Consumer Electronics,20250616,2025-06-16,2025-06-16 04:00:00,2,EMEA,Standard,4,627.26,250.9,2509.04,2258.14,Credit Card
1848,ORD_101848,1,406,CUST_0406,28,PROD_0028,Women's Sneakers Pro-Series 1,Apparel & Fashion,20251215,2025-12-15,2025-12-15 12:00:00,1,North America,Premium,5,301.74,226.31,1508.7,1282.39,PayPal
1849,ORD_101849,1,318,CUST_0318,41,PROD_0041,Tech Guides Pro-Series 2,Books & Media,20250621,2025-06-21,2025-06-21 06:00:00,4,LATAM,Standard,5,539.9,0.0,2699.5,2699.5,PayPal
1850,ORD_101850,1,395,CUST_0395,30,PROD_0030,Women's Sneakers Pro-Series 3,Apparel & Fashion,20260522,2026-05-22,2026-05-22 17:00:00,4,LATAM,Premium,3,378.05,113.42,1134.15,1020.73,PayPal
1851,ORD_101851,1,232,CUST_0232,13,PROD_0013,Coffee Makers Pro-Series 1,Home & Kitchen,20250212,2025-02-12,2025-02-12 01:00:00,1,North America,Standard,5,177.25,88.62,886.25,797.63,Credit Card
1852,ORD_101852,1,174,CUST_0174,27,PROD_0027,Men's Jackets Pro-Series 3,Apparel & Fashion,20260117,2026-01-17,2026-01-17 20:00:00,1,North America,Standard,3,452.99,203.85,1358.97,1155.12,Credit Card
1853,ORD_101853,1,305,CUST_0305,34,PROD_0034,Watches Pro-Series 1,Apparel & Fashion,20250518,2025-05-18,2025-05-18 03:00:00,1,North America,Standard,5,277.89,69.47,1389.45,1319.98,Debit Card
1854,ORD_101854,1,283,CUST_0283,22,PROD_0022,Robotic Vacuums Pro-Series 1,Home & Kitchen,20260522,2026-05-22,2026-05-22 17:00:00,1,North America,Standard,5,573.0,0.0,2865.0,2865.0,Apple Pay
1855,ORD_101855,1,275,CUST_0275,28,PROD_0028,Women's Sneakers Pro-Series 1,Apparel & Fashion,20250909,2025-09-09,2025-09-09 09:00:00,3,APAC,Standard,1,301.74,0.0,301.74,301.74,Credit Card
1856,ORD_101856,1,494,CUST_0494,9,PROD_0009,Audio Headphones Pro-Series 3,Consumer Electronics,20251104,2025-11-04,2025-11-04 21:00:00,3,APAC,Standard,4,512.06,102.41,2048.24,1945.83,Apple Pay
1857,ORD_101857,1,39,CUST_0039,34,PROD_0034,Watches Pro-Series 1,Apparel & Fashion,20251215,2025-12-15,2025-12-15 13:00:00,3,APAC,Standard,1,277.89,41.68,277.89,236.21,Apple Pay
1858,ORD_101858,1,12,CUST_0012,2,PROD_0002,Smartphones Pro-Series 2,Consumer Electronics,20251104,2025-11-04,2025-11-04 13:00:00,3,APAC,VIP,3,484.7,72.7,1454.1,1381.4,Credit Card
1859,ORD_101859,1,309,CUST_0309,39,PROD_0039,Hardcover Novels Pro-Series 3,Books & Media,20250521,2025-05-21,2025-05-21 16:00:00,1,North America,Standard,3,217.64,0.0,652.92,652.92,Credit Card
1860,ORD_101860,1,163,CUST_0163,8,PROD_0008,Audio Headphones Pro-Series 2,Consumer Electronics,20250928,2025-09-28,2025-09-28 10:00:00,2,EMEA,Standard,5,596.84,149.21,2984.2,2834.99,Credit Card
1861,ORD_101861,1,142,CUST_0142,20,PROD_0020,Blenders Pro-Series 2,Home & Kitchen,20250826,2025-08-26,2025-08-26 01:00:00,1,North America,Standard,5,80.82,40.41,404.1,363.69,Apple Pay
1862,ORD_101862,1,386,CUST_0386,3,PROD_0003,Smartphones Pro-Series 3,Consumer Electronics,20250413,2025-04-13,2025-04-13 12:00:00,3,APAC,Premium,4,194.64,0.0,778.56,778.56,Apple Pay
1863,ORD_101863,1,27,CUST_0027,9,PROD_0009,Audio Headphones Pro-Series 3,Consumer Electronics,20251003,2025-10-03,2025-10-03 23:00:00,1,North America,Standard,1,512.06,0.0,512.06,512.06,Credit Card
1864,ORD_101864,1,241,CUST_0241,24,PROD_0024,Robotic Vacuums Pro-Series 3,Home & Kitchen,20260504,2026-05-04,2026-05-04 01:00:00,4,LATAM,Standard,5,106.82,0.0,534.1,534.1,Apple Pay
1865,ORD_101865,1,482,CUST_0482,36,PROD_0036,Watches Pro-Series 3,Apparel & Fashion,20250612,2025-06-12,2025-06-12 18:00:00,2,EMEA,Standard,1,387.69,38.77,387.69,348.92,PayPal
1866,ORD_101866,1,471,CUST_0471,37,PROD_0037,Hardcover Novels Pro-Series 1,Books & Media,20250709,2025-07-09,2025-07-09 20:00:00,1,North America,Standard,1,271.24,40.69,271.24,230.55,PayPal
1867,ORD_101867,1,378,CUST_0378,44,PROD_0044,Audiobooks Pro-Series 2,Books & Media,20250510,2025-05-10,2025-05-10 05:00:00,2,EMEA,Standard,4,86.85,0.0,347.4,347.4,Apple Pay
1868,ORD_101868,1,398,CUST_0398,13,PROD_0013,Coffee Makers Pro-Series 1,Home & Kitchen,20260814,2026-08-14,2026-08-14 23:00:00,4,LATAM,Premium,5,177.25,44.31,886.25,841.94,Credit Card
1869,ORD_101869,1,314,CUST_0314,43,PROD_0043,Audiobooks Pro-Series 1,Books & Media,20260317,2026-03-17,2026-03-17 06:00:00,4,LATAM,VIP,2,262.83,52.57,525.66,473.09,Apple Pay
1870,ORD_101870,1,499,CUST_0499,38,PROD_0038,Hardcover Novels Pro-Series 2,Books & Media,20250520,2025-05-20,2025-05-20 12:00:00,4,LATAM,Standard,5,157.75,78.88,788.75,709.87,Apple Pay
1871,ORD_101871,1,439,CUST_0439,8,PROD_0008,Audio Headphones Pro-Series 2,Consumer Electronics,20250913,2025-09-13,2025-09-13 19:00:00,4,LATAM,Standard,3,596.84,268.58,1790.52,1521.94,Credit Card
1872,ORD_101872,1,303,CUST_0303,13,PROD_0013,Coffee Makers Pro-Series 1,Home & Kitchen,20250428,2025-04-28,2025-04-28 12:00:00,3,APAC,Standard,2,177.25,17.73,354.5,336.77,Credit Card
1873,ORD_101873,1,365,CUST_0365,3,PROD_0003,Smartphones Pro-Series 3,Consumer Electronics,20250912,2025-09-12,2025-09-12 04:00:00,2,EMEA,Standard,2,194.64,0.0,389.28,389.28,Credit Card
1874,ORD_101874,1,495,CUST_0495,14,PROD_0014,Coffee Makers Pro-Series 2,Home & Kitchen,20260209,2026-02-09,2026-02-09 04:00:00,3,APAC,Standard,1,94.28,0.0,94.28,94.28,PayPal
1875,ORD_101875,1,8,CUST_0008,27,PROD_0027,Men's Jackets Pro-Series 3,Apparel & Fashion,20250424,2025-04-24,2025-04-24 22:00:00,1,North America,Standard,3,452.99,67.95,1358.97,1291.02,Debit Card
1876,ORD_101876,1,371,CUST_0371,42,PROD_0042,Tech Guides Pro-Series 3,Books & Media,20250528,2025-05-28,2025-05-28 04:00:00,1,North America,Standard,3,201.79,60.54,605.37,544.83,Debit Card
1877,ORD_101877,1,266,CUST_0266,44,PROD_0044,Audiobooks Pro-Series 2,Books & Media,20260123,2026-01-23,2026-01-23 21:00:00,3,APAC,Premium,4,86.85,17.37,347.4,330.03,PayPal
1878,ORD_101878,1,181,CUST_0181,13,PROD_0013,Coffee Makers Pro-Series 1,Home & Kitchen,20250731,2025-07-31,2025-07-31 12:00:00,2,EMEA,Premium,4,177.25,106.35,709.0,602.65,Apple Pay
1879,ORD_101879,1,130,CUST_0130,1,PROD_0001,Smartphones Pro-Series 1,Consumer Electronics,20260324,2026-03-24,2026-03-24 01:00:00,4,LATAM,VIP,4,247.49,49.5,989.96,940.46,Credit Card
1880,ORD_101880,1,235,CUST_0235,34,PROD_0034,Watches Pro-Series 1,Apparel & Fashion,20250303,2025-03-03,2025-03-03 23:00:00,3,APAC,Premium,2,277.89,83.37,555.78,472.41,Credit Card
1881,ORD_101881,1,146,CUST_0146,18,PROD_0018,Air Fryers Pro-Series 3,Home & Kitchen,20251022,2025-10-22,2025-10-22 04:00:00,2,EMEA,Premium,4,497.95,0.0,1991.8,1991.8,Debit Card
1882,ORD_101882,1,301,CUST_0301,30,PROD_0030,Women's Sneakers Pro-Series 3,Apparel & Fashion,20260627,2026-06-27,2026-06-27 02:00:00,3,APAC,Premium,3,378.05,56.71,1134.15,1077.44,Debit Card
1883,ORD_101883,1,443,CUST_0443,18,PROD_0018,Air Fryers Pro-Series 3,Home & Kitchen,20250725,2025-07-25,2025-07-25 22:00:00,4,LATAM,Standard,4,497.95,199.18,1991.8,1792.62,PayPal
1884,ORD_101884,1,225,CUST_0225,9,PROD_0009,Audio Headphones Pro-Series 3,Consumer Electronics,20260507,2026-05-07,2026-05-07 07:00:00,1,North America,Premium,2,512.06,153.62,1024.12,870.5,Debit Card
1885,ORD_101885,1,261,CUST_0261,42,PROD_0042,Tech Guides Pro-Series 3,Books & Media,20250813,2025-08-13,2025-08-13 17:00:00,2,EMEA,VIP,1,201.79,20.18,201.79,181.61,Apple Pay
1886,ORD_101886,1,354,CUST_0354,7,PROD_0007,Audio Headphones Pro-Series 1,Consumer Electronics,20260619,2026-06-19,2026-06-19 08:00:00,3,APAC,Standard,5,136.35,68.17,681.75,613.58,Debit Card
1887,ORD_101887,1,291,CUST_0291,7,PROD_0007,Audio Headphones Pro-Series 1,Consumer Electronics,20250121,2025-01-21,2025-01-21 02:00:00,2,EMEA,Premium,3,136.35,40.91,409.05,368.14,PayPal
1888,ORD_101888,1,295,CUST_0295,34,PROD_0034,Watches Pro-Series 1,Apparel & Fashion,20260724,2026-07-24,2026-07-24 19:00:00,2,EMEA,Standard,4,277.89,0.0,1111.56,1111.56,PayPal
1889,ORD_101889,1,394,CUST_0394,45,PROD_0045,Audiobooks Pro-Series 3,Books & Media,20250121,2025-01-21,2025-01-21 10:00:00,4,LATAM,Premium,5,512.51,256.26,2562.55,2306.29,Credit Card
1890,ORD_101890,1,96,CUST_0096,7,PROD_0007,Audio Headphones Pro-Series 1,Consumer Electronics,20260508,2026-05-08,2026-05-08 06:00:00,3,APAC,Standard,4,136.35,54.54,545.4,490.86,Apple Pay
1891,ORD_101891,1,322,CUST_0322,26,PROD_0026,Men's Jackets Pro-Series 2,Apparel & Fashion,20260824,2026-08-24,2026-08-24 06:00:00,3,APAC,Premium,1,387.88,58.18,387.88,329.7,Debit Card
1892,ORD_101892,1,167,CUST_0167,3,PROD_0003,Smartphones Pro-Series 3,Consumer Electronics,20250720,2025-07-20,2025-07-20 07:00:00,3,APAC,Standard,3,194.64,87.59,583.92,496.33,PayPal
1893,ORD_101893,1,253,CUST_0253,15,PROD_0015,Coffee Makers Pro-Series 3,Home & Kitchen,20260630,2026-06-30,2026-06-30 10:00:00,4,LATAM,Premium,5,397.04,0.0,1985.2,1985.2,Credit Card
1894,ORD_101894,1,459,CUST_0459,9,PROD_0009,Audio Headphones Pro-Series 3,Consumer Electronics,20250416,2025-04-16,2025-04-16 18:00:00,2,EMEA,Premium,4,512.06,0.0,2048.24,2048.24,PayPal
1895,ORD_101895,1,274,CUST_0274,5,PROD_0005,Laptops Pro-Series 2,Consumer Electronics,20260424,2026-04-24,2026-04-24 13:00:00,1,North America,Standard,5,144.32,108.24,721.6,613.36,PayPal
1896,ORD_101896,1,110,CUST_0110,14,PROD_0014,Coffee Makers Pro-Series 2,Home & Kitchen,20250815,2025-08-15,2025-08-15 23:00:00,3,APAC,Standard,1,94.28,0.0,94.28,94.28,Apple Pay
1897,ORD_101897,1,210,CUST_0210,8,PROD_0008,Audio Headphones Pro-Series 2,Consumer Electronics,20250112,2025-01-12,2025-01-12 18:00:00,3,APAC,Standard,5,596.84,447.63,2984.2,2536.57,PayPal
1898,ORD_101898,1,473,CUST_0473,16,PROD_0016,Air Fryers Pro-Series 1,Home & Kitchen,20250406,2025-04-06,2025-04-06 10:00:00,1,North America,Standard,1,403.75,40.38,403.75,363.37,PayPal
1899,ORD_101899,1,353,CUST_0353,18,PROD_0018,Air Fryers Pro-Series 3,Home & Kitchen,20250215,2025-02-15,2025-02-15 15:00:00,2,EMEA,Standard,1,497.95,74.69,497.95,423.26,PayPal
1900,ORD_101900,1,52,CUST_0052,6,PROD_0006,Laptops Pro-Series 3,Consumer Electronics,20260226,2026-02-26,2026-02-26 10:00:00,2,EMEA,Standard,5,304.52,152.26,1522.6,1370.34,Credit Card
1901,ORD_101901,1,179,CUST_0179,23,PROD_0023,Robotic Vacuums Pro-Series 2,Home & Kitchen,20260314,2026-03-14,2026-03-14 22:00:00,4,LATAM,Standard,5,80.72,20.18,403.6,383.42,Credit Card
1902,ORD_101902,1,293,CUST_0293,2,PROD_0002,Smartphones Pro-Series 2,Consumer Electronics,20250410,2025-04-10,2025-04-10 20:00:00,3,APAC,Premium,2,484.7,48.47,969.4,920.93,PayPal
1903,ORD_101903,1,24,CUST_0024,12,PROD_0012,Smartwatches Pro-Series 3,Consumer Electronics,20250828,2025-08-28,2025-08-28 23:00:00,2,EMEA,Standard,2,414.15,41.41,828.3,786.89,PayPal
1904,ORD_101904,1,32,CUST_0032,43,PROD_0043,Audiobooks Pro-Series 1,Books & Media,20251030,2025-10-30,2025-10-30 14:00:00,4,LATAM,Standard,2,262.83,26.28,525.66,499.38,Credit Card
1905,ORD_101905,1,468,CUST_0468,14,PROD_0014,Coffee Makers Pro-Series 2,Home & Kitchen,20250501,2025-05-01,2025-05-01 23:00:00,3,APAC,Standard,3,94.28,42.43,282.84,240.41,PayPal
1906,ORD_101906,1,243,CUST_0243,25,PROD_0025,Men's Jackets Pro-Series 1,Apparel & Fashion,20250306,2025-03-06,2025-03-06 05:00:00,1,North America,Standard,2,381.42,76.28,762.84,686.56,Credit Card
1907,ORD_101907,1,351,CUST_0351,27,PROD_0027,Men's Jackets Pro-Series 3,Apparel & Fashion,20260630,2026-06-30,2026-06-30 05:00:00,1,North America,Standard,1,452.99,22.65,452.99,430.34,PayPal
1908,ORD_101908,1,213,CUST_0213,7,PROD_0007,Audio Headphones Pro-Series 1,Consumer Electronics,20250316,2025-03-16,2025-03-16 04:00:00,4,LATAM,VIP,2,136.35,13.63,272.7,259.07,Apple Pay
1909,ORD_101909,1,285,CUST_0285,44,PROD_0044,Audiobooks Pro-Series 2,Books & Media,20260617,2026-06-17,2026-06-17 22:00:00,3,APAC,Standard,4,86.85,17.37,347.4,330.03,PayPal
1910,ORD_101910,1,89,CUST_0089,40,PROD_0040,Tech Guides Pro-Series 1,Books & Media,20260405,2026-04-05,2026-04-05 13:00:00,4,LATAM,Standard,3,507.6,152.28,1522.8,1370.52,Apple Pay
1911,ORD_101911,1,409,CUST_0409,2,PROD_0002,Smartphones Pro-Series 2,Consumer Electronics,20250808,2025-08-08,2025-08-08 23:00:00,2,EMEA,Standard,4,484.7,193.88,1938.8,1744.92,Debit Card
1912,ORD_101912,1,475,CUST_0475,6,PROD_0006,Laptops Pro-Series 3,Consumer Electronics,20260703,2026-07-03,2026-07-03 14:00:00,1,North America,Standard,2,304.52,0.0,609.04,609.04,PayPal
1913,ORD_101913,1,287,CUST_0287,31,PROD_0031,Sportswear Pro-Series 1,Apparel & Fashion,20260701,2026-07-01,2026-07-01 03:00:00,4,LATAM,Standard,5,610.97,152.74,3054.85,2902.11,Credit Card
1914,ORD_101914,1,276,CUST_0276,15,PROD_0015,Coffee Makers Pro-Series 3,Home & Kitchen,20260615,2026-06-15,2026-06-15 05:00:00,2,EMEA,Premium,2,397.04,0.0,794.08,794.08,Credit Card
1915,ORD_101915,1,283,CUST_0283,6,PROD_0006,Laptops Pro-Series 3,Consumer Electronics,20250905,2025-09-05,2025-09-05 17:00:00,3,APAC,Standard,5,304.52,0.0,1522.6,1522.6,Apple Pay
1916,ORD_101916,1,282,CUST_0282,9,PROD_0009,Audio Headphones Pro-Series 3,Consumer Electronics,20250925,2025-09-25,2025-09-25 10:00:00,2,EMEA,Standard,1,512.06,76.81,512.06,435.25,Debit Card
1917,ORD_101917,1,412,CUST_0412,15,PROD_0015,Coffee Makers Pro-Series 3,Home & Kitchen,20250730,2025-07-30,2025-07-30 04:00:00,1,North America,Standard,5,397.04,99.26,1985.2,1885.94,Debit Card
1918,ORD_101918,1,370,CUST_0370,41,PROD_0041,Tech Guides Pro-Series 2,Books & Media,20250315,2025-03-15,2025-03-15 13:00:00,1,North America,Premium,3,539.9,242.95,1619.7,1376.75,PayPal
1919,ORD_101919,1,16,CUST_0016,3,PROD_0003,Smartphones Pro-Series 3,Consumer Electronics,20251010,2025-10-10,2025-10-10 10:00:00,1,North America,Standard,1,194.64,0.0,194.64,194.64,Credit Card
1920,ORD_101920,1,85,CUST_0085,41,PROD_0041,Tech Guides Pro-Series 2,Books & Media,20250327,2025-03-27,2025-03-27 10:00:00,1,North America,Standard,1,539.9,27.0,539.9,512.9,Debit Card
1921,ORD_101921,1,402,CUST_0402,35,PROD_0035,Watches Pro-Series 2,Apparel & Fashion,20250411,2025-04-11,2025-04-11 14:00:00,3,APAC,Standard,1,495.6,0.0,495.6,495.6,PayPal
1922,ORD_101922,1,195,CUST_0195,44,PROD_0044,Audiobooks Pro-Series 2,Books & Media,20251228,2025-12-28,2025-12-28 10:00:00,1,North America,Premium,5,86.85,43.43,434.25,390.82,Apple Pay
1923,ORD_101923,1,44,CUST_0044,35,PROD_0035,Watches Pro-Series 2,Apparel & Fashion,20250925,2025-09-25,2025-09-25 05:00:00,2,EMEA,Premium,5,495.6,371.7,2478.0,2106.3,Apple Pay
1924,ORD_101924,1,467,CUST_0467,5,PROD_0005,Laptops Pro-Series 2,Consumer Electronics,20260518,2026-05-18,2026-05-18 16:00:00,2,EMEA,Premium,2,144.32,28.86,288.64,259.78,Credit Card
1925,ORD_101925,1,241,CUST_0241,3,PROD_0003,Smartphones Pro-Series 3,Consumer Electronics,20251118,2025-11-18,2025-11-18 12:00:00,4,LATAM,Standard,4,194.64,0.0,778.56,778.56,Credit Card
1926,ORD_101926,1,339,CUST_0339,17,PROD_0017,Air Fryers Pro-Series 2,Home & Kitchen,20250220,2025-02-20,2025-02-20 00:00:00,2,EMEA,Premium,4,438.78,175.51,1755.12,1579.61,Apple Pay
1927,ORD_101927,1,371,CUST_0371,34,PROD_0034,Watches Pro-Series 1,Apparel & Fashion,20250401,2025-04-01,2025-04-01 11:00:00,3,APAC,Standard,5,277.89,69.47,1389.45,1319.98,Debit Card
1928,ORD_101928,1,63,CUST_0063,16,PROD_0016,Air Fryers Pro-Series 1,Home & Kitchen,20260122,2026-01-22,2026-01-22 18:00:00,4,LATAM,Standard,2,403.75,80.75,807.5,726.75,PayPal
1929,ORD_101929,1,339,CUST_0339,4,PROD_0004,Laptops Pro-Series 1,Consumer Electronics,20251126,2025-11-26,2025-11-26 11:00:00,3,APAC,Premium,3,328.32,49.25,984.96,935.71,Debit Card
1930,ORD_101930,1,366,CUST_0366,3,PROD_0003,Smartphones Pro-Series 3,Consumer Electronics,20250212,2025-02-12,2025-02-12 17:00:00,4,LATAM,Premium,1,194.64,29.2,194.64,165.44,PayPal
1931,ORD_101931,1,309,CUST_0309,40,PROD_0040,Tech Guides Pro-Series 1,Books & Media,20250904,2025-09-04,2025-09-04 13:00:00,4,LATAM,Standard,5,507.6,253.8,2538.0,2284.2,Credit Card
1932,ORD_101932,1,65,CUST_0065,5,PROD_0005,Laptops Pro-Series 2,Consumer Electronics,20260623,2026-06-23,2026-06-23 05:00:00,1,North America,Standard,3,144.32,0.0,432.96,432.96,Credit Card
1933,ORD_101933,1,428,CUST_0428,34,PROD_0034,Watches Pro-Series 1,Apparel & Fashion,20260206,2026-02-06,2026-02-06 08:00:00,1,North America,Standard,5,277.89,0.0,1389.45,1389.45,Apple Pay
1934,ORD_101934,1,91,CUST_0091,36,PROD_0036,Watches Pro-Series 3,Apparel & Fashion,20250922,2025-09-22,2025-09-22 20:00:00,4,LATAM,Standard,4,387.69,77.54,1550.76,1473.22,PayPal
1935,ORD_101935,1,392,CUST_0392,13,PROD_0013,Coffee Makers Pro-Series 1,Home & Kitchen,20260123,2026-01-23,2026-01-23 22:00:00,1,North America,Premium,4,177.25,70.9,709.0,638.1,PayPal
1936,ORD_101936,1,34,CUST_0034,10,PROD_0010,Smartwatches Pro-Series 1,Consumer Electronics,20250608,2025-06-08,2025-06-08 21:00:00,4,LATAM,VIP,5,238.77,119.39,1193.85,1074.46,PayPal
1937,ORD_101937,1,331,CUST_0331,43,PROD_0043,Audiobooks Pro-Series 1,Books & Media,20260619,2026-06-19,2026-06-19 18:00:00,3,APAC,Standard,4,262.83,105.13,1051.32,946.19,PayPal
1938,ORD_101938,1,451,CUST_0451,27,PROD_0027,Men's Jackets Pro-Series 3,Apparel & Fashion,20250122,2025-01-22,2025-01-22 07:00:00,2,EMEA,VIP,3,452.99,203.85,1358.97,1155.12,PayPal
1939,ORD_101939,1,492,CUST_0492,17,PROD_0017,Air Fryers Pro-Series 2,Home & Kitchen,20250417,2025-04-17,2025-04-17 09:00:00,1,North America,Standard,4,438.78,0.0,1755.12,1755.12,Debit Card
1940,ORD_101940,1,200,CUST_0200,11,PROD_0011,Smartwatches Pro-Series 2,Consumer Electronics,20251026,2025-10-26,2025-10-26 20:00:00,3,APAC,Standard,3,627.26,188.18,1881.78,1693.6,Credit Card
1941,ORD_101941,1,404,CUST_0404,15,PROD_0015,Coffee Makers Pro-Series 3,Home & Kitchen,20250711,2025-07-11,2025-07-11 12:00:00,3,APAC,Premium,3,397.04,59.56,1191.12,1131.56,Apple Pay
1942,ORD_101942,1,12,CUST_0012,43,PROD_0043,Audiobooks Pro-Series 1,Books & Media,20250716,2025-07-16,2025-07-16 23:00:00,1,North America,VIP,4,262.83,157.7,1051.32,893.62,Apple Pay
1943,ORD_101943,1,442,CUST_0442,19,PROD_0019,Blenders Pro-Series 1,Home & Kitchen,20260226,2026-02-26,2026-02-26 08:00:00,1,North America,Standard,2,523.93,0.0,1047.86,1047.86,Apple Pay
1944,ORD_101944,1,358,CUST_0358,33,PROD_0033,Sportswear Pro-Series 3,Apparel & Fashion,20250905,2025-09-05,2025-09-05 17:00:00,2,EMEA,Standard,3,230.01,69.0,690.03,621.03,PayPal
1945,ORD_101945,1,426,CUST_0426,45,PROD_0045,Audiobooks Pro-Series 3,Books & Media,20260422,2026-04-22,2026-04-22 19:00:00,1,North America,Standard,3,512.51,0.0,1537.53,1537.53,Apple Pay
1946,ORD_101946,1,123,CUST_0123,14,PROD_0014,Coffee Makers Pro-Series 2,Home & Kitchen,20250228,2025-02-28,2025-02-28 09:00:00,2,EMEA,Standard,2,94.28,18.86,188.56,169.7,PayPal
1947,ORD_101947,1,301,CUST_0301,21,PROD_0021,Blenders Pro-Series 3,Home & Kitchen,20260623,2026-06-23,2026-06-23 08:00:00,1,North America,Premium,4,137.29,27.46,549.16,521.7,PayPal
1948,ORD_101948,1,49,CUST_0049,39,PROD_0039,Hardcover Novels Pro-Series 3,Books & Media,20250415,2025-04-15,2025-04-15 02:00:00,4,LATAM,Standard,5,217.64,163.23,1088.2,924.97,Credit Card
1949,ORD_101949,1,311,CUST_0311,13,PROD_0013,Coffee Makers Pro-Series 1,Home & Kitchen,20260712,2026-07-12,2026-07-12 01:00:00,2,EMEA,Standard,5,177.25,0.0,886.25,886.25,PayPal
1950,ORD_101950,1,69,CUST_0069,26,PROD_0026,Men's Jackets Pro-Series 2,Apparel & Fashion,20260520,2026-05-20,2026-05-20 06:00:00,3,APAC,Standard,2,387.88,0.0,775.76,775.76,Debit Card
1951,ORD_101951,1,40,CUST_0040,6,PROD_0006,Laptops Pro-Series 3,Consumer Electronics,20250205,2025-02-05,2025-02-05 23:00:00,4,LATAM,Standard,3,304.52,137.03,913.56,776.53,Credit Card
1952,ORD_101952,1,440,CUST_0440,27,PROD_0027,Men's Jackets Pro-Series 3,Apparel & Fashion,20260418,2026-04-18,2026-04-18 16:00:00,1,North America,Standard,1,452.99,22.65,452.99,430.34,PayPal
1953,ORD_101953,1,301,CUST_0301,7,PROD_0007,Audio Headphones Pro-Series 1,Consumer Electronics,20250128,2025-01-28,2025-01-28 00:00:00,3,APAC,Premium,4,136.35,0.0,545.4,545.4,PayPal
1954,ORD_101954,1,126,CUST_0126,45,PROD_0045,Audiobooks Pro-Series 3,Books & Media,20260621,2026-06-21,2026-06-21 00:00:00,4,LATAM,Standard,3,512.51,230.63,1537.53,1306.9,Debit Card
1955,ORD_101955,1,146,CUST_0146,39,PROD_0039,Hardcover Novels Pro-Series 3,Books & Media,20250928,2025-09-28,2025-09-28 23:00:00,1,North America,Premium,4,217.64,0.0,870.56,870.56,PayPal
1956,ORD_101956,1,313,CUST_0313,23,PROD_0023,Robotic Vacuums Pro-Series 2,Home & Kitchen,20260206,2026-02-06,2026-02-06 11:00:00,2,EMEA,Standard,1,80.72,0.0,80.72,80.72,Apple Pay
1957,ORD_101957,1,446,CUST_0446,34,PROD_0034,Watches Pro-Series 1,Apparel & Fashion,20250314,2025-03-14,2025-03-14 03:00:00,3,APAC,Standard,1,277.89,27.79,277.89,250.1,PayPal
1958,ORD_101958,1,272,CUST_0272,31,PROD_0031,Sportswear Pro-Series 1,Apparel & Fashion,20250825,2025-08-25,2025-08-25 12:00:00,3,APAC,Standard,1,610.97,30.55,610.97,580.42,Debit Card
1959,ORD_101959,1,418,CUST_0418,11,PROD_0011,Smartwatches Pro-Series 2,Consumer Electronics,20250719,2025-07-19,2025-07-19 05:00:00,2,EMEA,Standard,5,627.26,156.82,3136.3,2979.48,Credit Card
1960,ORD_101960,1,141,CUST_0141,22,PROD_0022,Robotic Vacuums Pro-Series 1,Home & Kitchen,20250903,2025-09-03,2025-09-03 14:00:00,3,APAC,Standard,4,573.0,0.0,2292.0,2292.0,Credit Card
1961,ORD_101961,1,357,CUST_0357,19,PROD_0019,Blenders Pro-Series 1,Home & Kitchen,20250919,2025-09-19,2025-09-19 01:00:00,2,EMEA,Premium,5,523.93,392.95,2619.65,2226.7,Credit Card
1962,ORD_101962,1,11,CUST_0011,22,PROD_0022,Robotic Vacuums Pro-Series 1,Home & Kitchen,20260111,2026-01-11,2026-01-11 20:00:00,2,EMEA,Standard,4,573.0,343.8,2292.0,1948.2,Debit Card
1963,ORD_101963,1,24,CUST_0024,34,PROD_0034,Watches Pro-Series 1,Apparel & Fashion,20260322,2026-03-22,2026-03-22 23:00:00,1,North America,Standard,1,277.89,13.89,277.89,264.0,Debit Card
1964,ORD_101964,1,484,CUST_0484,13,PROD_0013,Coffee Makers Pro-Series 1,Home & Kitchen,20250119,2025-01-19,2025-01-19 01:00:00,1,North America,Standard,5,177.25,44.31,886.25,841.94,Apple Pay
1965,ORD_101965,1,453,CUST_0453,39,PROD_0039,Hardcover Novels Pro-Series 3,Books & Media,20260204,2026-02-04,2026-02-04 12:00:00,1,North America,Premium,1,217.64,32.65,217.64,184.99,PayPal
1966,ORD_101966,1,165,CUST_0165,14,PROD_0014,Coffee Makers Pro-Series 2,Home & Kitchen,20260412,2026-04-12,2026-04-12 02:00:00,1,North America,Standard,2,94.28,9.43,188.56,179.13,Apple Pay
1967,ORD_101967,1,27,CUST_0027,28,PROD_0028,Women's Sneakers Pro-Series 1,Apparel & Fashion,20251215,2025-12-15,2025-12-15 11:00:00,2,EMEA,Standard,4,301.74,0.0,1206.96,1206.96,Debit Card
1968,ORD_101968,1,391,CUST_0391,36,PROD_0036,Watches Pro-Series 3,Apparel & Fashion,20260512,2026-05-12,2026-05-12 13:00:00,2,EMEA,Standard,5,387.69,96.92,1938.45,1841.53,Apple Pay
1969,ORD_101969,1,494,CUST_0494,3,PROD_0003,Smartphones Pro-Series 3,Consumer Electronics,20251025,2025-10-25,2025-10-25 23:00:00,1,North America,Standard,2,194.64,38.93,389.28,350.35,Credit Card
1970,ORD_101970,1,400,CUST_0400,13,PROD_0013,Coffee Makers Pro-Series 1,Home & Kitchen,20260625,2026-06-25,2026-06-25 14:00:00,3,APAC,Premium,3,177.25,26.59,531.75,505.16,Debit Card
1971,ORD_101971,1,458,CUST_0458,34,PROD_0034,Watches Pro-Series 1,Apparel & Fashion,20260718,2026-07-18,2026-07-18 23:00:00,2,EMEA,Standard,4,277.89,0.0,1111.56,1111.56,PayPal
1972,ORD_101972,1,192,CUST_0192,40,PROD_0040,Tech Guides Pro-Series 1,Books & Media,20250828,2025-08-28,2025-08-28 20:00:00,1,North America,Premium,1,507.6,0.0,507.6,507.6,Apple Pay
1973,ORD_101973,1,356,CUST_0356,2,PROD_0002,Smartphones Pro-Series 2,Consumer Electronics,20260408,2026-04-08,2026-04-08 22:00:00,1,North America,Premium,5,484.7,242.35,2423.5,2181.15,Credit Card
1974,ORD_101974,1,294,CUST_0294,12,PROD_0012,Smartwatches Pro-Series 3,Consumer Electronics,20251024,2025-10-24,2025-10-24 09:00:00,1,North America,Standard,4,414.15,165.66,1656.6,1490.94,PayPal
1975,ORD_101975,1,362,CUST_0362,37,PROD_0037,Hardcover Novels Pro-Series 1,Books & Media,20260217,2026-02-17,2026-02-17 19:00:00,4,LATAM,Premium,5,271.24,203.43,1356.2,1152.77,Apple Pay
1976,ORD_101976,1,310,CUST_0310,39,PROD_0039,Hardcover Novels Pro-Series 3,Books & Media,20260720,2026-07-20,2026-07-20 20:00:00,4,LATAM,Standard,1,217.64,21.76,217.64,195.88,PayPal
1977,ORD_101977,1,297,CUST_0297,25,PROD_0025,Men's Jackets Pro-Series 1,Apparel & Fashion,20260703,2026-07-03,2026-07-03 11:00:00,2,EMEA,Standard,2,381.42,76.28,762.84,686.56,Credit Card
1978,ORD_101978,1,396,CUST_0396,33,PROD_0033,Sportswear Pro-Series 3,Apparel & Fashion,20251029,2025-10-29,2025-10-29 00:00:00,3,APAC,Standard,5,230.01,57.5,1150.05,1092.55,PayPal
1979,ORD_101979,1,95,CUST_0095,15,PROD_0015,Coffee Makers Pro-Series 3,Home & Kitchen,20250714,2025-07-14,2025-07-14 03:00:00,3,APAC,Premium,2,397.04,119.11,794.08,674.97,Debit Card
1980,ORD_101980,1,492,CUST_0492,4,PROD_0004,Laptops Pro-Series 1,Consumer Electronics,20260801,2026-08-01,2026-08-01 17:00:00,4,LATAM,Standard,5,328.32,0.0,1641.6,1641.6,Debit Card
1981,ORD_101981,1,328,CUST_0328,8,PROD_0008,Audio Headphones Pro-Series 2,Consumer Electronics,20250608,2025-06-08,2025-06-08 12:00:00,4,LATAM,Standard,4,596.84,0.0,2387.36,2387.36,Debit Card
1982,ORD_101982,1,111,CUST_0111,20,PROD_0020,Blenders Pro-Series 2,Home & Kitchen,20250628,2025-06-28,2025-06-28 23:00:00,2,EMEA,Premium,5,80.82,20.2,404.1,383.9,Apple Pay
1983,ORD_101983,1,125,CUST_0125,34,PROD_0034,Watches Pro-Series 1,Apparel & Fashion,20260106,2026-01-06,2026-01-06 20:00:00,2,EMEA,Standard,5,277.89,0.0,1389.45,1389.45,Apple Pay
1984,ORD_101984,1,492,CUST_0492,27,PROD_0027,Men's Jackets Pro-Series 3,Apparel & Fashion,20250104,2025-01-04,2025-01-04 11:00:00,1,North America,Standard,2,452.99,135.9,905.98,770.08,Apple Pay
1985,ORD_101985,1,412,CUST_0412,10,PROD_0010,Smartwatches Pro-Series 1,Consumer Electronics,20250131,2025-01-31,2025-01-31 17:00:00,4,LATAM,Standard,5,238.77,119.39,1193.85,1074.46,PayPal
1986,ORD_101986,1,137,CUST_0137,6,PROD_0006,Laptops Pro-Series 3,Consumer Electronics,20260321,2026-03-21,2026-03-21 21:00:00,4,LATAM,Premium,5,304.52,228.39,1522.6,1294.21,Apple Pay
1987,ORD_101987,1,38,CUST_0038,14,PROD_0014,Coffee Makers Pro-Series 2,Home & Kitchen,20260221,2026-02-21,2026-02-21 20:00:00,1,North America,Standard,5,94.28,70.71,471.4,400.69,Debit Card
1988,ORD_101988,1,426,CUST_0426,44,PROD_0044,Audiobooks Pro-Series 2,Books & Media,20250411,2025-04-11,2025-04-11 21:00:00,2,EMEA,Standard,2,86.85,17.37,173.7,156.33,Apple Pay
1989,ORD_101989,1,432,CUST_0432,13,PROD_0013,Coffee Makers Pro-Series 1,Home & Kitchen,20250504,2025-05-04,2025-05-04 08:00:00,3,APAC,Standard,4,177.25,35.45,709.0,673.55,PayPal
1990,ORD_101990,1,140,CUST_0140,41,PROD_0041,Tech Guides Pro-Series 2,Books & Media,20251115,2025-11-15,2025-11-15 16:00:00,1,North America,Standard,1,539.9,27.0,539.9,512.9,Debit Card
1991,ORD_101991,1,4,CUST_0004,43,PROD_0043,Audiobooks Pro-Series 1,Books & Media,20250818,2025-08-18,2025-08-18 00:00:00,4,LATAM,Premium,5,262.83,197.12,1314.15,1117.03,Debit Card
1992,ORD_101992,1,60,CUST_0060,25,PROD_0025,Men's Jackets Pro-Series 1,Apparel & Fashion,20250306,2025-03-06,2025-03-06 01:00:00,2,EMEA,Standard,1,381.42,0.0,381.42,381.42,PayPal
1993,ORD_101993,1,25,CUST_0025,5,PROD_0005,Laptops Pro-Series 2,Consumer Electronics,20251209,2025-12-09,2025-12-09 00:00:00,4,LATAM,Standard,5,144.32,0.0,721.6,721.6,Apple Pay
1994,ORD_101994,1,323,CUST_0323,39,PROD_0039,Hardcover Novels Pro-Series 3,Books & Media,20250324,2025-03-24,2025-03-24 09:00:00,1,North America,Standard,3,217.64,0.0,652.92,652.92,Debit Card
1995,ORD_101995,1,442,CUST_0442,41,PROD_0041,Tech Guides Pro-Series 2,Books & Media,20260222,2026-02-22,2026-02-22 05:00:00,2,EMEA,Standard,5,539.9,404.93,2699.5,2294.57,Debit Card
1996,ORD_101996,1,374,CUST_0374,24,PROD_0024,Robotic Vacuums Pro-Series 3,Home & Kitchen,20250528,2025-05-28,2025-05-28 01:00:00,2,EMEA,Premium,3,106.82,32.05,320.46,288.41,Credit Card
1997,ORD_101997,1,227,CUST_0227,39,PROD_0039,Hardcover Novels Pro-Series 3,Books & Media,20260523,2026-05-23,2026-05-23 14:00:00,3,APAC,Standard,4,217.64,43.53,870.56,827.03,Credit Card
1998,ORD_101998,1,372,CUST_0372,26,PROD_0026,Men's Jackets Pro-Series 2,Apparel & Fashion,20260405,2026-04-05,2026-04-05 04:00:00,4,LATAM,Premium,2,387.88,38.79,775.76,736.97,Apple Pay
1999,ORD_101999,1,409,CUST_0409,6,PROD_0006,Laptops Pro-Series 3,Consumer Electronics,20250120,2025-01-20,2025-01-20 17:00:00,4,LATAM,Standard,4,304.52,182.71,1218.08,1035.37,Credit Card
2000,ORD_102000,1,359,CUST_0359,39,PROD_0039,Hardcover Novels Pro-Series 3,Books & Media,20250614,2025-06-14,2025-06-14 18:00:00,1,North America,Standard,3,217.64,0.0,652.92,652.92,Debit Card
2001,ORD_102001,1,274,CUST_0274,17,PROD_0017,Air Fryers Pro-Series 2,Home & Kitchen,20260621,2026-06-21,2026-06-21 21:00:00,1,North America,Standard,2,438.78,43.88,877.56,833.68,PayPal
2002,ORD_102002,1,46,CUST_0046,9,PROD_0009,Audio Headphones Pro-Series 3,Consumer Electronics,20260410,2026-04-10,2026-04-10 07:00:00,3,APAC,Standard,3,512.06,76.81,1536.18,1459.37,PayPal
2003,ORD_102003,1,56,CUST_0056,30,PROD_0030,Women's Sneakers Pro-Series 3,Apparel & Fashion,20251220,2025-12-20,2025-12-20 12:00:00,1,North America,Standard,4,378.05,0.0,1512.2,1512.2,PayPal
2004,ORD_102004,1,53,CUST_0053,6,PROD_0006,Laptops Pro-Series 3,Consumer Electronics,20250618,2025-06-18,2025-06-18 21:00:00,2,EMEA,Standard,1,304.52,45.68,304.52,258.84,Credit Card
2005,ORD_102005,1,122,CUST_0122,33,PROD_0033,Sportswear Pro-Series 3,Apparel & Fashion,20250813,2025-08-13,2025-08-13 13:00:00,3,APAC,Standard,2,230.01,69.0,460.02,391.02,Debit Card
2006,ORD_102006,1,500,CUST_0500,23,PROD_0023,Robotic Vacuums Pro-Series 2,Home & Kitchen,20260714,2026-07-14,2026-07-14 18:00:00,4,LATAM,Standard,1,80.72,4.04,80.72,76.68,PayPal
2007,ORD_102007,1,457,CUST_0457,43,PROD_0043,Audiobooks Pro-Series 1,Books & Media,20260404,2026-04-04,2026-04-04 02:00:00,3,APAC,Premium,3,262.83,78.85,788.49,709.64,Credit Card
2008,ORD_102008,1,166,CUST_0166,4,PROD_0004,Laptops Pro-Series 1,Consumer Electronics,20250622,2025-06-22,2025-06-22 18:00:00,2,EMEA,Standard,4,328.32,131.33,1313.28,1181.95,Credit Card
2009,ORD_102009,1,142,CUST_0142,19,PROD_0019,Blenders Pro-Series 1,Home & Kitchen,20250407,2025-04-07,2025-04-07 13:00:00,1,North America,Standard,2,523.93,157.18,1047.86,890.68,PayPal
2010,ORD_102010,1,204,CUST_0204,31,PROD_0031,Sportswear Pro-Series 1,Apparel & Fashion,20250914,2025-09-14,2025-09-14 03:00:00,1,North America,Standard,2,610.97,183.29,1221.94,1038.65,Debit Card
2011,ORD_102011,1,469,CUST_0469,12,PROD_0012,Smartwatches Pro-Series 3,Consumer Electronics,20260610,2026-06-10,2026-06-10 05:00:00,1,North America,VIP,1,414.15,20.71,414.15,393.44,Credit Card
2012,ORD_102012,1,275,CUST_0275,12,PROD_0012,Smartwatches Pro-Series 3,Consumer Electronics,20260519,2026-05-19,2026-05-19 18:00:00,1,North America,Standard,2,414.15,82.83,828.3,745.47,Debit Card
2013,ORD_102013,1,280,CUST_0280,22,PROD_0022,Robotic Vacuums Pro-Series 1,Home & Kitchen,20250625,2025-06-25,2025-06-25 18:00:00,4,LATAM,Premium,5,573.0,429.75,2865.0,2435.25,PayPal
2014,ORD_102014,1,448,CUST_0448,35,PROD_0035,Watches Pro-Series 2,Apparel & Fashion,20260313,2026-03-13,2026-03-13 07:00:00,2,EMEA,Premium,1,495.6,24.78,495.6,470.82,Apple Pay
2015,ORD_102015,1,174,CUST_0174,15,PROD_0015,Coffee Makers Pro-Series 3,Home & Kitchen,20260223,2026-02-23,2026-02-23 00:00:00,4,LATAM,Standard,1,397.04,59.56,397.04,337.48,Debit Card
2016,ORD_102016,1,475,CUST_0475,8,PROD_0008,Audio Headphones Pro-Series 2,Consumer Electronics,20260217,2026-02-17,2026-02-17 21:00:00,4,LATAM,Standard,4,596.84,0.0,2387.36,2387.36,Debit Card
2017,ORD_102017,1,461,CUST_0461,26,PROD_0026,Men's Jackets Pro-Series 2,Apparel & Fashion,20260524,2026-05-24,2026-05-24 07:00:00,2,EMEA,Standard,1,387.88,38.79,387.88,349.09,Credit Card
2018,ORD_102018,1,74,CUST_0074,6,PROD_0006,Laptops Pro-Series 3,Consumer Electronics,20260121,2026-01-21,2026-01-21 17:00:00,2,EMEA,Premium,2,304.52,30.45,609.04,578.59,Apple Pay
2019,ORD_102019,1,82,CUST_0082,6,PROD_0006,Laptops Pro-Series 3,Consumer Electronics,20251202,2025-12-02,2025-12-02 21:00:00,4,LATAM,Standard,3,304.52,0.0,913.56,913.56,Apple Pay
2020,ORD_102020,1,480,CUST_0480,7,PROD_0007,Audio Headphones Pro-Series 1,Consumer Electronics,20260707,2026-07-07,2026-07-07 14:00:00,3,APAC,Standard,4,136.35,27.27,545.4,518.13,Credit Card
2021,ORD_102021,1,395,CUST_0395,12,PROD_0012,Smartwatches Pro-Series 3,Consumer Electronics,20260620,2026-06-20,2026-06-20 20:00:00,1,North America,Premium,5,414.15,103.54,2070.75,1967.21,Apple Pay
2022,ORD_102022,1,497,CUST_0497,30,PROD_0030,Women's Sneakers Pro-Series 3,Apparel & Fashion,20260805,2026-08-05,2026-08-05 12:00:00,1,North America,Premium,5,378.05,189.03,1890.25,1701.22,PayPal
2023,ORD_102023,1,312,CUST_0312,35,PROD_0035,Watches Pro-Series 2,Apparel & Fashion,20260317,2026-03-17,2026-03-17 19:00:00,3,APAC,Standard,5,495.6,0.0,2478.0,2478.0,PayPal
2024,ORD_102024,1,436,CUST_0436,22,PROD_0022,Robotic Vacuums Pro-Series 1,Home & Kitchen,20250510,2025-05-10,2025-05-10 01:00:00,1,North America,Premium,5,573.0,143.25,2865.0,2721.75,Debit Card
2025,ORD_102025,1,497,CUST_0497,19,PROD_0019,Blenders Pro-Series 1,Home & Kitchen,20250914,2025-09-14,2025-09-14 16:00:00,2,EMEA,Premium,3,523.93,157.18,1571.79,1414.61,Credit Card
2026,ORD_102026,1,178,CUST_0178,29,PROD_0029,Women's Sneakers Pro-Series 2,Apparel & Fashion,20250328,2025-03-28,2025-03-28 09:00:00,4,LATAM,Standard,1,420.39,63.06,420.39,357.33,Credit Card
2027,ORD_102027,1,121,CUST_0121,35,PROD_0035,Watches Pro-Series 2,Apparel & Fashion,20260101,2026-01-01,2026-01-01 05:00:00,4,LATAM,Premium,4,495.6,297.36,1982.4,1685.04,Debit Card
2028,ORD_102028,1,394,CUST_0394,43,PROD_0043,Audiobooks Pro-Series 1,Books & Media,20250720,2025-07-20,2025-07-20 17:00:00,2,EMEA,Premium,1,262.83,39.42,262.83,223.41,Apple Pay
2029,ORD_102029,1,494,CUST_0494,40,PROD_0040,Tech Guides Pro-Series 1,Books & Media,20260125,2026-01-25,2026-01-25 02:00:00,1,North America,Standard,4,507.6,304.56,2030.4,1725.84,Debit Card
2030,ORD_102030,1,77,CUST_0077,40,PROD_0040,Tech Guides Pro-Series 1,Books & Media,20260129,2026-01-29,2026-01-29 17:00:00,4,LATAM,Standard,5,507.6,380.7,2538.0,2157.3,PayPal
2031,ORD_102031,1,265,CUST_0265,37,PROD_0037,Hardcover Novels Pro-Series 1,Books & Media,20250513,2025-05-13,2025-05-13 10:00:00,2,EMEA,Standard,4,271.24,0.0,1084.96,1084.96,Apple Pay
2032,ORD_102032,1,205,CUST_0205,42,PROD_0042,Tech Guides Pro-Series 3,Books & Media,20260621,2026-06-21,2026-06-21 00:00:00,2,EMEA,Standard,2,201.79,40.36,403.58,363.22,Credit Card
2033,ORD_102033,1,340,CUST_0340,24,PROD_0024,Robotic Vacuums Pro-Series 3,Home & Kitchen,20251003,2025-10-03,2025-10-03 00:00:00,4,LATAM,Premium,4,106.82,42.73,427.28,384.55,Debit Card
2034,ORD_102034,1,16,CUST_0016,44,PROD_0044,Audiobooks Pro-Series 2,Books & Media,20260806,2026-08-06,2026-08-06 01:00:00,1,North America,Standard,2,86.85,17.37,173.7,156.33,PayPal
2035,ORD_102035,1,138,CUST_0138,17,PROD_0017,Air Fryers Pro-Series 2,Home & Kitchen,20251217,2025-12-17,2025-12-17 11:00:00,2,EMEA,Premium,5,438.78,329.08,2193.9,1864.82,Debit Card
2036,ORD_102036,1,72,CUST_0072,23,PROD_0023,Robotic Vacuums Pro-Series 2,Home & Kitchen,20260208,2026-02-08,2026-02-08 06:00:00,3,APAC,Premium,2,80.72,8.07,161.44,153.37,PayPal
2037,ORD_102037,1,295,CUST_0295,18,PROD_0018,Air Fryers Pro-Series 3,Home & Kitchen,20260630,2026-06-30,2026-06-30 23:00:00,4,LATAM,Standard,2,497.95,49.8,995.9,946.1,Credit Card
2038,ORD_102038,1,85,CUST_0085,17,PROD_0017,Air Fryers Pro-Series 2,Home & Kitchen,20251215,2025-12-15,2025-12-15 12:00:00,1,North America,Standard,3,438.78,65.82,1316.34,1250.52,Apple Pay
2039,ORD_102039,1,468,CUST_0468,22,PROD_0022,Robotic Vacuums Pro-Series 1,Home & Kitchen,20260510,2026-05-10,2026-05-10 05:00:00,4,LATAM,Standard,2,573.0,57.3,1146.0,1088.7,Debit Card
2040,ORD_102040,1,114,CUST_0114,22,PROD_0022,Robotic Vacuums Pro-Series 1,Home & Kitchen,20250815,2025-08-15,2025-08-15 22:00:00,3,APAC,Premium,1,573.0,28.65,573.0,544.35,Credit Card
2041,ORD_102041,1,201,CUST_0201,24,PROD_0024,Robotic Vacuums Pro-Series 3,Home & Kitchen,20260728,2026-07-28,2026-07-28 22:00:00,3,APAC,Premium,1,106.82,16.02,106.82,90.8,Apple Pay
2042,ORD_102042,1,167,CUST_0167,2,PROD_0002,Smartphones Pro-Series 2,Consumer Electronics,20260131,2026-01-31,2026-01-31 17:00:00,3,APAC,Standard,4,484.7,193.88,1938.8,1744.92,Apple Pay
2043,ORD_102043,1,100,CUST_0100,20,PROD_0020,Blenders Pro-Series 2,Home & Kitchen,20250818,2025-08-18,2025-08-18 00:00:00,1,North America,Standard,5,80.82,0.0,404.1,404.1,Credit Card
2044,ORD_102044,1,248,CUST_0248,11,PROD_0011,Smartwatches Pro-Series 2,Consumer Electronics,20260508,2026-05-08,2026-05-08 19:00:00,1,North America,Standard,2,627.26,125.45,1254.52,1129.07,PayPal
2045,ORD_102045,1,45,CUST_0045,24,PROD_0024,Robotic Vacuums Pro-Series 3,Home & Kitchen,20251003,2025-10-03,2025-10-03 01:00:00,2,EMEA,Premium,4,106.82,42.73,427.28,384.55,Credit Card
2046,ORD_102046,1,233,CUST_0233,7,PROD_0007,Audio Headphones Pro-Series 1,Consumer Electronics,20251130,2025-11-30,2025-11-30 09:00:00,3,APAC,Standard,3,136.35,20.45,409.05,388.6,Credit Card
2047,ORD_102047,1,89,CUST_0089,24,PROD_0024,Robotic Vacuums Pro-Series 3,Home & Kitchen,20250810,2025-08-10,2025-08-10 23:00:00,2,EMEA,Standard,4,106.82,64.09,427.28,363.19,Credit Card
2048,ORD_102048,1,230,CUST_0230,21,PROD_0021,Blenders Pro-Series 3,Home & Kitchen,20250901,2025-09-01,2025-09-01 13:00:00,1,North America,Premium,1,137.29,13.73,137.29,123.56,PayPal
2049,ORD_102049,1,487,CUST_0487,6,PROD_0006,Laptops Pro-Series 3,Consumer Electronics,20250422,2025-04-22,2025-04-22 09:00:00,1,North America,Standard,3,304.52,45.68,913.56,867.88,Debit Card
2050,ORD_102050,1,271,CUST_0271,8,PROD_0008,Audio Headphones Pro-Series 2,Consumer Electronics,20260128,2026-01-28,2026-01-28 19:00:00,4,LATAM,Standard,5,596.84,0.0,2984.2,2984.2,PayPal
2051,ORD_102051,1,140,CUST_0140,24,PROD_0024,Robotic Vacuums Pro-Series 3,Home & Kitchen,20260505,2026-05-05,2026-05-05 00:00:00,2,EMEA,Standard,2,106.82,21.36,213.64,192.28,Debit Card
2052,ORD_102052,1,479,CUST_0479,22,PROD_0022,Robotic Vacuums Pro-Series 1,Home & Kitchen,20250616,2025-06-16,2025-06-16 04:00:00,4,LATAM,Standard,4,573.0,0.0,2292.0,2292.0,Apple Pay
2053,ORD_102053,1,213,CUST_0213,29,PROD_0029,Women's Sneakers Pro-Series 2,Apparel & Fashion,20260821,2026-08-21,2026-08-21 16:00:00,4,LATAM,VIP,3,420.39,126.12,1261.17,1135.05,PayPal
2054,ORD_102054,1,362,CUST_0362,22,PROD_0022,Robotic Vacuums Pro-Series 1,Home & Kitchen,20250522,2025-05-22,2025-05-22 15:00:00,3,APAC,Premium,3,573.0,171.9,1719.0,1547.1,Debit Card
2055,ORD_102055,1,404,CUST_0404,40,PROD_0040,Tech Guides Pro-Series 1,Books & Media,20260108,2026-01-08,2026-01-08 10:00:00,3,APAC,Premium,2,507.6,50.76,1015.2,964.44,Apple Pay
2056,ORD_102056,1,416,CUST_0416,45,PROD_0045,Audiobooks Pro-Series 3,Books & Media,20250502,2025-05-02,2025-05-02 02:00:00,4,LATAM,VIP,3,512.51,0.0,1537.53,1537.53,PayPal
2057,ORD_102057,1,22,CUST_0022,10,PROD_0010,Smartwatches Pro-Series 1,Consumer Electronics,20250107,2025-01-07,2025-01-07 01:00:00,3,APAC,Standard,3,238.77,35.82,716.31,680.49,PayPal
2058,ORD_102058,1,68,CUST_0068,42,PROD_0042,Tech Guides Pro-Series 3,Books & Media,20250316,2025-03-16,2025-03-16 07:00:00,1,North America,Standard,3,201.79,60.54,605.37,544.83,Credit Card
2059,ORD_102059,1,166,CUST_0166,22,PROD_0022,Robotic Vacuums Pro-Series 1,Home & Kitchen,20250802,2025-08-02,2025-08-02 00:00:00,4,LATAM,Standard,1,573.0,28.65,573.0,544.35,Debit Card
2060,ORD_102060,1,94,CUST_0094,44,PROD_0044,Audiobooks Pro-Series 2,Books & Media,20260723,2026-07-23,2026-07-23 23:00:00,1,North America,Premium,3,86.85,26.05,260.55,234.5,Apple Pay
2061,ORD_102061,1,316,CUST_0316,25,PROD_0025,Men's Jackets Pro-Series 1,Apparel & Fashion,20260617,2026-06-17,2026-06-17 16:00:00,4,LATAM,Standard,5,381.42,286.06,1907.1,1621.04,PayPal
2062,ORD_102062,1,480,CUST_0480,15,PROD_0015,Coffee Makers Pro-Series 3,Home & Kitchen,20260527,2026-05-27,2026-05-27 22:00:00,4,LATAM,Standard,4,397.04,238.22,1588.16,1349.94,Apple Pay
2063,ORD_102063,1,383,CUST_0383,1,PROD_0001,Smartphones Pro-Series 1,Consumer Electronics,20260228,2026-02-28,2026-02-28 04:00:00,2,EMEA,Standard,3,247.49,37.12,742.47,705.35,Apple Pay
2064,ORD_102064,1,487,CUST_0487,5,PROD_0005,Laptops Pro-Series 2,Consumer Electronics,20251022,2025-10-22,2025-10-22 06:00:00,2,EMEA,Standard,2,144.32,0.0,288.64,288.64,PayPal
2065,ORD_102065,1,65,CUST_0065,13,PROD_0013,Coffee Makers Pro-Series 1,Home & Kitchen,20250714,2025-07-14,2025-07-14 02:00:00,2,EMEA,Standard,1,177.25,17.73,177.25,159.52,Credit Card
2066,ORD_102066,1,379,CUST_0379,1,PROD_0001,Smartphones Pro-Series 1,Consumer Electronics,20250302,2025-03-02,2025-03-02 12:00:00,1,North America,Standard,5,247.49,61.87,1237.45,1175.58,Debit Card
2067,ORD_102067,1,82,CUST_0082,14,PROD_0014,Coffee Makers Pro-Series 2,Home & Kitchen,20250926,2025-09-26,2025-09-26 15:00:00,4,LATAM,Standard,3,94.28,0.0,282.84,282.84,PayPal
2068,ORD_102068,1,266,CUST_0266,6,PROD_0006,Laptops Pro-Series 3,Consumer Electronics,20260428,2026-04-28,2026-04-28 12:00:00,4,LATAM,Premium,2,304.52,30.45,609.04,578.59,Apple Pay
2069,ORD_102069,1,165,CUST_0165,17,PROD_0017,Air Fryers Pro-Series 2,Home & Kitchen,20260507,2026-05-07,2026-05-07 14:00:00,3,APAC,Standard,5,438.78,219.39,2193.9,1974.51,Debit Card
2070,ORD_102070,1,80,CUST_0080,37,PROD_0037,Hardcover Novels Pro-Series 1,Books & Media,20250519,2025-05-19,2025-05-19 12:00:00,1,North America,Premium,3,271.24,40.69,813.72,773.03,Credit Card
2071,ORD_102071,1,380,CUST_0380,30,PROD_0030,Women's Sneakers Pro-Series 3,Apparel & Fashion,20260608,2026-06-08,2026-06-08 21:00:00,4,LATAM,Premium,5,378.05,94.51,1890.25,1795.74,Credit Card
2072,ORD_102072,1,282,CUST_0282,12,PROD_0012,Smartwatches Pro-Series 3,Consumer Electronics,20260206,2026-02-06,2026-02-06 01:00:00,4,LATAM,Standard,1,414.15,62.12,414.15,352.03,PayPal
2073,ORD_102073,1,352,CUST_0352,14,PROD_0014,Coffee Makers Pro-Series 2,Home & Kitchen,20250306,2025-03-06,2025-03-06 14:00:00,2,EMEA,Premium,4,94.28,18.86,377.12,358.26,PayPal
2074,ORD_102074,1,94,CUST_0094,12,PROD_0012,Smartwatches Pro-Series 3,Consumer Electronics,20250130,2025-01-30,2025-01-30 10:00:00,2,EMEA,Premium,5,414.15,103.54,2070.75,1967.21,Debit Card
2075,ORD_102075,1,376,CUST_0376,28,PROD_0028,Women's Sneakers Pro-Series 1,Apparel & Fashion,20250625,2025-06-25,2025-06-25 03:00:00,3,APAC,Standard,5,301.74,0.0,1508.7,1508.7,Apple Pay
2076,ORD_102076,1,282,CUST_0282,10,PROD_0010,Smartwatches Pro-Series 1,Consumer Electronics,20250830,2025-08-30,2025-08-30 17:00:00,2,EMEA,Standard,2,238.77,47.75,477.54,429.79,Apple Pay
2077,ORD_102077,1,439,CUST_0439,35,PROD_0035,Watches Pro-Series 2,Apparel & Fashion,20250908,2025-09-08,2025-09-08 18:00:00,2,EMEA,Standard,3,495.6,148.68,1486.8,1338.12,Apple Pay
2078,ORD_102078,1,251,CUST_0251,42,PROD_0042,Tech Guides Pro-Series 3,Books & Media,20260304,2026-03-04,2026-03-04 03:00:00,4,LATAM,Premium,4,201.79,40.36,807.16,766.8,PayPal
2079,ORD_102079,1,127,CUST_0127,2,PROD_0002,Smartphones Pro-Series 2,Consumer Electronics,20260207,2026-02-07,2026-02-07 09:00:00,3,APAC,Standard,3,484.7,145.41,1454.1,1308.69,Debit Card
2080,ORD_102080,1,458,CUST_0458,29,PROD_0029,Women's Sneakers Pro-Series 2,Apparel & Fashion,20250430,2025-04-30,2025-04-30 05:00:00,4,LATAM,Standard,1,420.39,21.02,420.39,399.37,PayPal
2081,ORD_102081,1,83,CUST_0083,4,PROD_0004,Laptops Pro-Series 1,Consumer Electronics,20260327,2026-03-27,2026-03-27 02:00:00,3,APAC,Premium,2,328.32,98.5,656.64,558.14,Debit Card
2082,ORD_102082,1,252,CUST_0252,21,PROD_0021,Blenders Pro-Series 3,Home & Kitchen,20250426,2025-04-26,2025-04-26 06:00:00,2,EMEA,Standard,5,137.29,34.32,686.45,652.13,PayPal
2083,ORD_102083,1,416,CUST_0416,44,PROD_0044,Audiobooks Pro-Series 2,Books & Media,20250602,2025-06-02,2025-06-02 00:00:00,1,North America,VIP,2,86.85,17.37,173.7,156.33,Debit Card
2084,ORD_102084,1,97,CUST_0097,12,PROD_0012,Smartwatches Pro-Series 3,Consumer Electronics,20250225,2025-02-25,2025-02-25 17:00:00,1,North America,Premium,1,414.15,41.41,414.15,372.74,Debit Card
2085,ORD_102085,1,258,CUST_0258,33,PROD_0033,Sportswear Pro-Series 3,Apparel & Fashion,20260422,2026-04-22,2026-04-22 16:00:00,4,LATAM,Standard,3,230.01,34.5,690.03,655.53,Apple Pay
2086,ORD_102086,1,95,CUST_0095,16,PROD_0016,Air Fryers Pro-Series 1,Home & Kitchen,20260611,2026-06-11,2026-06-11 11:00:00,4,LATAM,Premium,1,403.75,0.0,403.75,403.75,PayPal
2087,ORD_102087,1,155,CUST_0155,16,PROD_0016,Air Fryers Pro-Series 1,Home & Kitchen,20250118,2025-01-18,2025-01-18 08:00:00,4,LATAM,Standard,1,403.75,40.38,403.75,363.37,Credit Card
2088,ORD_102088,1,178,CUST_0178,11,PROD_0011,Smartwatches Pro-Series 2,Consumer Electronics,20260417,2026-04-17,2026-04-17 02:00:00,2,EMEA,Standard,5,627.26,0.0,3136.3,3136.3,Credit Card
2089,ORD_102089,1,296,CUST_0296,11,PROD_0011,Smartwatches Pro-Series 2,Consumer Electronics,20250602,2025-06-02,2025-06-02 20:00:00,3,APAC,Standard,1,627.26,0.0,627.26,627.26,Apple Pay
2090,ORD_102090,1,142,CUST_0142,42,PROD_0042,Tech Guides Pro-Series 3,Books & Media,20250723,2025-07-23,2025-07-23 15:00:00,2,EMEA,Standard,1,201.79,10.09,201.79,191.7,Credit Card
2091,ORD_102091,1,241,CUST_0241,6,PROD_0006,Laptops Pro-Series 3,Consumer Electronics,20260814,2026-08-14,2026-08-14 13:00:00,2,EMEA,Standard,5,304.52,228.39,1522.6,1294.21,Credit Card
2092,ORD_102092,1,204,CUST_0204,4,PROD_0004,Laptops Pro-Series 1,Consumer Electronics,20250428,2025-04-28,2025-04-28 04:00:00,2,EMEA,Standard,2,328.32,0.0,656.64,656.64,PayPal
2093,ORD_102093,1,444,CUST_0444,44,PROD_0044,Audiobooks Pro-Series 2,Books & Media,20250611,2025-06-11,2025-06-11 03:00:00,4,LATAM,Standard,4,86.85,52.11,347.4,295.29,PayPal
2094,ORD_102094,1,311,CUST_0311,44,PROD_0044,Audiobooks Pro-Series 2,Books & Media,20250224,2025-02-24,2025-02-24 03:00:00,1,North America,Standard,1,86.85,0.0,86.85,86.85,Debit Card
2095,ORD_102095,1,67,CUST_0067,12,PROD_0012,Smartwatches Pro-Series 3,Consumer Electronics,20260217,2026-02-17,2026-02-17 03:00:00,1,North America,Premium,1,414.15,0.0,414.15,414.15,Debit Card
2096,ORD_102096,1,176,CUST_0176,43,PROD_0043,Audiobooks Pro-Series 1,Books & Media,20250520,2025-05-20,2025-05-20 23:00:00,4,LATAM,Standard,2,262.83,26.28,525.66,499.38,PayPal
2097,ORD_102097,1,293,CUST_0293,13,PROD_0013,Coffee Makers Pro-Series 1,Home & Kitchen,20250207,2025-02-07,2025-02-07 09:00:00,4,LATAM,Premium,4,177.25,70.9,709.0,638.1,PayPal
2098,ORD_102098,1,339,CUST_0339,12,PROD_0012,Smartwatches Pro-Series 3,Consumer Electronics,20260704,2026-07-04,2026-07-04 00:00:00,4,LATAM,Premium,3,414.15,0.0,1242.45,1242.45,PayPal
2099,ORD_102099,1,52,CUST_0052,6,PROD_0006,Laptops Pro-Series 3,Consumer Electronics,20251016,2025-10-16,2025-10-16 05:00:00,3,APAC,Standard,1,304.52,45.68,304.52,258.84,PayPal
2100,ORD_102100,1,296,CUST_0296,43,PROD_0043,Audiobooks Pro-Series 1,Books & Media,20251212,2025-12-12,2025-12-12 00:00:00,3,APAC,Standard,2,262.83,26.28,525.66,499.38,Apple Pay
2101,ORD_102101,1,9,CUST_0009,38,PROD_0038,Hardcover Novels Pro-Series 2,Books & Media,20260120,2026-01-20,2026-01-20 04:00:00,2,EMEA,Premium,3,157.75,47.33,473.25,425.92,Debit Card
2102,ORD_102102,1,377,CUST_0377,42,PROD_0042,Tech Guides Pro-Series 3,Books & Media,20250309,2025-03-09,2025-03-09 23:00:00,1,North America,Standard,2,201.79,40.36,403.58,363.22,PayPal
2103,ORD_102103,1,422,CUST_0422,2,PROD_0002,Smartphones Pro-Series 2,Consumer Electronics,20260821,2026-08-21,2026-08-21 15:00:00,1,North America,Premium,2,484.7,145.41,969.4,823.99,Credit Card
2104,ORD_102104,1,98,CUST_0098,28,PROD_0028,Women's Sneakers Pro-Series 1,Apparel & Fashion,20250526,2025-05-26,2025-05-26 08:00:00,3,APAC,Standard,5,301.74,150.87,1508.7,1357.83,Apple Pay
2105,ORD_102105,1,391,CUST_0391,9,PROD_0009,Audio Headphones Pro-Series 3,Consumer Electronics,20260201,2026-02-01,2026-02-01 09:00:00,2,EMEA,Standard,1,512.06,51.21,512.06,460.85,Credit Card
2106,ORD_102106,1,73,CUST_0073,31,PROD_0031,Sportswear Pro-Series 1,Apparel & Fashion,20250609,2025-06-09,2025-06-09 00:00:00,1,North America,Premium,4,610.97,0.0,2443.88,2443.88,Apple Pay
2107,ORD_102107,1,119,CUST_0119,36,PROD_0036,Watches Pro-Series 3,Apparel & Fashion,20250615,2025-06-15,2025-06-15 15:00:00,4,LATAM,Premium,3,387.69,0.0,1163.07,1163.07,PayPal
2108,ORD_102108,1,369,CUST_0369,6,PROD_0006,Laptops Pro-Series 3,Consumer Electronics,20250304,2025-03-04,2025-03-04 14:00:00,4,LATAM,Premium,4,304.52,0.0,1218.08,1218.08,Debit Card
2109,ORD_102109,1,65,CUST_0065,19,PROD_0019,Blenders Pro-Series 1,Home & Kitchen,20250822,2025-08-22,2025-08-22 04:00:00,1,North America,Standard,3,523.93,157.18,1571.79,1414.61,Apple Pay
2110,ORD_102110,1,324,CUST_0324,42,PROD_0042,Tech Guides Pro-Series 3,Books & Media,20250612,2025-06-12,2025-06-12 21:00:00,1,North America,VIP,2,201.79,40.36,403.58,363.22,Credit Card
2111,ORD_102111,1,64,CUST_0064,2,PROD_0002,Smartphones Pro-Series 2,Consumer Electronics,20250913,2025-09-13,2025-09-13 01:00:00,3,APAC,VIP,4,484.7,290.82,1938.8,1647.98,Debit Card
2112,ORD_102112,1,458,CUST_0458,20,PROD_0020,Blenders Pro-Series 2,Home & Kitchen,20260113,2026-01-13,2026-01-13 13:00:00,1,North America,Standard,3,80.82,36.37,242.46,206.09,Apple Pay
2113,ORD_102113,1,218,CUST_0218,12,PROD_0012,Smartwatches Pro-Series 3,Consumer Electronics,20260116,2026-01-16,2026-01-16 09:00:00,2,EMEA,Standard,3,414.15,186.37,1242.45,1056.08,Credit Card
2114,ORD_102114,1,237,CUST_0237,28,PROD_0028,Women's Sneakers Pro-Series 1,Apparel & Fashion,20250521,2025-05-21,2025-05-21 08:00:00,1,North America,Standard,1,301.74,0.0,301.74,301.74,Credit Card
2115,ORD_102115,1,63,CUST_0063,3,PROD_0003,Smartphones Pro-Series 3,Consumer Electronics,20250502,2025-05-02,2025-05-02 16:00:00,2,EMEA,Standard,1,194.64,29.2,194.64,165.44,PayPal
2116,ORD_102116,1,205,CUST_0205,18,PROD_0018,Air Fryers Pro-Series 3,Home & Kitchen,20250413,2025-04-13,2025-04-13 14:00:00,1,North America,Standard,4,497.95,99.59,1991.8,1892.21,Debit Card
2117,ORD_102117,1,279,CUST_0279,1,PROD_0001,Smartphones Pro-Series 1,Consumer Electronics,20260613,2026-06-13,2026-06-13 01:00:00,1,North America,Standard,3,247.49,111.37,742.47,631.1,Credit Card
2118,ORD_102118,1,16,CUST_0016,7,PROD_0007,Audio Headphones Pro-Series 1,Consumer Electronics,20250601,2025-06-01,2025-06-01 18:00:00,3,APAC,Standard,1,136.35,20.45,136.35,115.9,Credit Card
2119,ORD_102119,1,22,CUST_0022,27,PROD_0027,Men's Jackets Pro-Series 3,Apparel & Fashion,20250720,2025-07-20,2025-07-20 16:00:00,4,LATAM,Standard,1,452.99,22.65,452.99,430.34,Credit Card
2120,ORD_102120,1,118,CUST_0118,22,PROD_0022,Robotic Vacuums Pro-Series 1,Home & Kitchen,20260419,2026-04-19,2026-04-19 22:00:00,1,North America,Standard,1,573.0,57.3,573.0,515.7,Apple Pay
2121,ORD_102121,1,252,CUST_0252,20,PROD_0020,Blenders Pro-Series 2,Home & Kitchen,20260628,2026-06-28,2026-06-28 08:00:00,2,EMEA,Standard,4,80.82,16.16,323.28,307.12,Credit Card
2122,ORD_102122,1,9,CUST_0009,37,PROD_0037,Hardcover Novels Pro-Series 1,Books & Media,20250721,2025-07-21,2025-07-21 00:00:00,4,LATAM,Premium,2,271.24,54.25,542.48,488.23,Apple Pay
2123,ORD_102123,1,361,CUST_0361,28,PROD_0028,Women's Sneakers Pro-Series 1,Apparel & Fashion,20260403,2026-04-03,2026-04-03 13:00:00,3,APAC,Standard,4,301.74,0.0,1206.96,1206.96,PayPal
2124,ORD_102124,1,3,CUST_0003,22,PROD_0022,Robotic Vacuums Pro-Series 1,Home & Kitchen,20250504,2025-05-04,2025-05-04 17:00:00,2,EMEA,Standard,2,573.0,171.9,1146.0,974.1,PayPal
2125,ORD_102125,1,430,CUST_0430,28,PROD_0028,Women's Sneakers Pro-Series 1,Apparel & Fashion,20260327,2026-03-27,2026-03-27 08:00:00,4,LATAM,Standard,4,301.74,60.35,1206.96,1146.61,Credit Card
2126,ORD_102126,1,33,CUST_0033,34,PROD_0034,Watches Pro-Series 1,Apparel & Fashion,20251228,2025-12-28,2025-12-28 18:00:00,2,EMEA,Premium,2,277.89,83.37,555.78,472.41,Credit Card
2127,ORD_102127,1,137,CUST_0137,26,PROD_0026,Men's Jackets Pro-Series 2,Apparel & Fashion,20250202,2025-02-02,2025-02-02 01:00:00,4,LATAM,Premium,4,387.88,0.0,1551.52,1551.52,Apple Pay
2128,ORD_102128,1,302,CUST_0302,2,PROD_0002,Smartphones Pro-Series 2,Consumer Electronics,20251205,2025-12-05,2025-12-05 20:00:00,1,North America,Standard,1,484.7,0.0,484.7,484.7,Debit Card
2129,ORD_102129,1,240,CUST_0240,8,PROD_0008,Audio Headphones Pro-Series 2,Consumer Electronics,20260513,2026-05-13,2026-05-13 21:00:00,3,APAC,Standard,1,596.84,0.0,596.84,596.84,Apple Pay
2130,ORD_102130,1,279,CUST_0279,36,PROD_0036,Watches Pro-Series 3,Apparel & Fashion,20260823,2026-08-23,2026-08-23 07:00:00,1,North America,Standard,5,387.69,193.85,1938.45,1744.6,Credit Card
2131,ORD_102131,1,342,CUST_0342,5,PROD_0005,Laptops Pro-Series 2,Consumer Electronics,20251119,2025-11-19,2025-11-19 07:00:00,3,APAC,VIP,2,144.32,0.0,288.64,288.64,Apple Pay
2132,ORD_102132,1,414,CUST_0414,38,PROD_0038,Hardcover Novels Pro-Series 2,Books & Media,20260529,2026-05-29,2026-05-29 01:00:00,3,APAC,Standard,5,157.75,118.31,788.75,670.44,Debit Card
2133,ORD_102133,1,328,CUST_0328,15,PROD_0015,Coffee Makers Pro-Series 3,Home & Kitchen,20260626,2026-06-26,2026-06-26 15:00:00,1,North America,Standard,2,397.04,119.11,794.08,674.97,Debit Card
2134,ORD_102134,1,196,CUST_0196,39,PROD_0039,Hardcover Novels Pro-Series 3,Books & Media,20250504,2025-05-04,2025-05-04 13:00:00,3,APAC,Standard,1,217.64,32.65,217.64,184.99,Debit Card
2135,ORD_102135,1,111,CUST_0111,32,PROD_0032,Sportswear Pro-Series 2,Apparel & Fashion,20250412,2025-04-12,2025-04-12 04:00:00,3,APAC,Premium,1,106.55,15.98,106.55,90.57,Debit Card
2136,ORD_102136,1,128,CUST_0128,15,PROD_0015,Coffee Makers Pro-Series 3,Home & Kitchen,20260808,2026-08-08,2026-08-08 08:00:00,2,EMEA,Premium,3,397.04,178.67,1191.12,1012.45,PayPal
2137,ORD_102137,1,353,CUST_0353,33,PROD_0033,Sportswear Pro-Series 3,Apparel & Fashion,20250804,2025-08-04,2025-08-04 23:00:00,3,APAC,Standard,5,230.01,0.0,1150.05,1150.05,Debit Card
2138,ORD_102138,1,365,CUST_0365,17,PROD_0017,Air Fryers Pro-Series 2,Home & Kitchen,20250116,2025-01-16,2025-01-16 02:00:00,2,EMEA,Standard,4,438.78,87.76,1755.12,1667.36,Credit Card
2139,ORD_102139,1,27,CUST_0027,33,PROD_0033,Sportswear Pro-Series 3,Apparel & Fashion,20250808,2025-08-08,2025-08-08 14:00:00,4,LATAM,Standard,5,230.01,57.5,1150.05,1092.55,Credit Card
2140,ORD_102140,1,29,CUST_0029,11,PROD_0011,Smartwatches Pro-Series 2,Consumer Electronics,20250402,2025-04-02,2025-04-02 13:00:00,1,North America,Premium,3,627.26,0.0,1881.78,1881.78,Credit Card
2141,ORD_102141,1,351,CUST_0351,45,PROD_0045,Audiobooks Pro-Series 3,Books & Media,20250829,2025-08-29,2025-08-29 11:00:00,4,LATAM,Standard,2,512.51,0.0,1025.02,1025.02,Credit Card
2142,ORD_102142,1,375,CUST_0375,35,PROD_0035,Watches Pro-Series 2,Apparel & Fashion,20260401,2026-04-01,2026-04-01 00:00:00,3,APAC,Premium,5,495.6,0.0,2478.0,2478.0,Credit Card
2143,ORD_102143,1,458,CUST_0458,17,PROD_0017,Air Fryers Pro-Series 2,Home & Kitchen,20260714,2026-07-14,2026-07-14 12:00:00,3,APAC,Standard,5,438.78,109.69,2193.9,2084.21,PayPal
2144,ORD_102144,1,485,CUST_0485,23,PROD_0023,Robotic Vacuums Pro-Series 2,Home & Kitchen,20250504,2025-05-04,2025-05-04 14:00:00,2,EMEA,Standard,5,80.72,60.54,403.6,343.06,Apple Pay
2145,ORD_102145,1,277,CUST_0277,12,PROD_0012,Smartwatches Pro-Series 3,Consumer Electronics,20260325,2026-03-25,2026-03-25 00:00:00,1,North America,Standard,1,414.15,41.41,414.15,372.74,Credit Card
2146,ORD_102146,1,164,CUST_0164,31,PROD_0031,Sportswear Pro-Series 1,Apparel & Fashion,20260305,2026-03-05,2026-03-05 15:00:00,1,North America,VIP,2,610.97,61.1,1221.94,1160.84,Debit Card
2147,ORD_102147,1,154,CUST_0154,39,PROD_0039,Hardcover Novels Pro-Series 3,Books & Media,20260731,2026-07-31,2026-07-31 02:00:00,4,LATAM,Standard,1,217.64,0.0,217.64,217.64,PayPal
2148,ORD_102148,1,346,CUST_0346,38,PROD_0038,Hardcover Novels Pro-Series 2,Books & Media,20260608,2026-06-08,2026-06-08 15:00:00,3,APAC,Standard,2,157.75,47.32,315.5,268.18,PayPal
2149,ORD_102149,1,386,CUST_0386,26,PROD_0026,Men's Jackets Pro-Series 2,Apparel & Fashion,20260420,2026-04-20,2026-04-20 23:00:00,4,LATAM,Premium,1,387.88,38.79,387.88,349.09,Credit Card
2150,ORD_102150,1,366,CUST_0366,8,PROD_0008,Audio Headphones Pro-Series 2,Consumer Electronics,20251230,2025-12-30,2025-12-30 07:00:00,3,APAC,Premium,1,596.84,89.53,596.84,507.31,Credit Card
2151,ORD_102151,1,23,CUST_0023,32,PROD_0032,Sportswear Pro-Series 2,Apparel & Fashion,20251230,2025-12-30,2025-12-30 13:00:00,2,EMEA,Premium,2,106.55,31.96,213.1,181.14,Apple Pay
2152,ORD_102152,1,115,CUST_0115,22,PROD_0022,Robotic Vacuums Pro-Series 1,Home & Kitchen,20260721,2026-07-21,2026-07-21 17:00:00,4,LATAM,Premium,3,573.0,0.0,1719.0,1719.0,Debit Card
2153,ORD_102153,1,344,CUST_0344,42,PROD_0042,Tech Guides Pro-Series 3,Books & Media,20260818,2026-08-18,2026-08-18 21:00:00,4,LATAM,Standard,2,201.79,40.36,403.58,363.22,Credit Card
2154,ORD_102154,1,328,CUST_0328,19,PROD_0019,Blenders Pro-Series 1,Home & Kitchen,20260308,2026-03-08,2026-03-08 22:00:00,4,LATAM,Standard,4,523.93,104.79,2095.72,1990.93,Apple Pay
2155,ORD_102155,1,137,CUST_0137,29,PROD_0029,Women's Sneakers Pro-Series 2,Apparel & Fashion,20260316,2026-03-16,2026-03-16 00:00:00,3,APAC,Premium,2,420.39,0.0,840.78,840.78,Debit Card
2156,ORD_102156,1,288,CUST_0288,22,PROD_0022,Robotic Vacuums Pro-Series 1,Home & Kitchen,20250112,2025-01-12,2025-01-12 04:00:00,1,North America,Standard,4,573.0,114.6,2292.0,2177.4,PayPal
2157,ORD_102157,1,390,CUST_0390,16,PROD_0016,Air Fryers Pro-Series 1,Home & Kitchen,20251231,2025-12-31,2025-12-31 18:00:00,4,LATAM,Premium,3,403.75,60.56,1211.25,1150.69,Credit Card
2158,ORD_102158,1,492,CUST_0492,15,PROD_0015,Coffee Makers Pro-Series 3,Home & Kitchen,20260530,2026-05-30,2026-05-30 18:00:00,3,APAC,Standard,5,397.04,297.78,1985.2,1687.42,PayPal
2159,ORD_102159,1,71,CUST_0071,17,PROD_0017,Air Fryers Pro-Series 2,Home & Kitchen,20250212,2025-02-12,2025-02-12 13:00:00,4,LATAM,Standard,4,438.78,87.76,1755.12,1667.36,Debit Card
2160,ORD_102160,1,218,CUST_0218,2,PROD_0002,Smartphones Pro-Series 2,Consumer Electronics,20260813,2026-08-13,2026-08-13 02:00:00,1,North America,Standard,1,484.7,48.47,484.7,436.23,Credit Card
2161,ORD_102161,1,301,CUST_0301,16,PROD_0016,Air Fryers Pro-Series 1,Home & Kitchen,20250808,2025-08-08,2025-08-08 03:00:00,3,APAC,Premium,5,403.75,100.94,2018.75,1917.81,PayPal
2162,ORD_102162,1,120,CUST_0120,14,PROD_0014,Coffee Makers Pro-Series 2,Home & Kitchen,20260222,2026-02-22,2026-02-22 03:00:00,4,LATAM,VIP,4,94.28,0.0,377.12,377.12,Apple Pay
2163,ORD_102163,1,23,CUST_0023,17,PROD_0017,Air Fryers Pro-Series 2,Home & Kitchen,20250711,2025-07-11,2025-07-11 07:00:00,3,APAC,Premium,5,438.78,0.0,2193.9,2193.9,Debit Card
2164,ORD_102164,1,12,CUST_0012,11,PROD_0011,Smartwatches Pro-Series 2,Consumer Electronics,20251207,2025-12-07,2025-12-07 22:00:00,3,APAC,VIP,3,627.26,188.18,1881.78,1693.6,Debit Card
2165,ORD_102165,1,64,CUST_0064,40,PROD_0040,Tech Guides Pro-Series 1,Books & Media,20250529,2025-05-29,2025-05-29 08:00:00,1,North America,VIP,4,507.6,203.04,2030.4,1827.36,Credit Card
2166,ORD_102166,1,149,CUST_0149,18,PROD_0018,Air Fryers Pro-Series 3,Home & Kitchen,20250717,2025-07-17,2025-07-17 22:00:00,1,North America,Premium,5,497.95,373.46,2489.75,2116.29,Debit Card
2167,ORD_102167,1,387,CUST_0387,31,PROD_0031,Sportswear Pro-Series 1,Apparel & Fashion,20250306,2025-03-06,2025-03-06 15:00:00,1,North America,Premium,5,610.97,152.74,3054.85,2902.11,Apple Pay
2168,ORD_102168,1,386,CUST_0386,35,PROD_0035,Watches Pro-Series 2,Apparel & Fashion,20260706,2026-07-06,2026-07-06 18:00:00,1,North America,Premium,5,495.6,0.0,2478.0,2478.0,Debit Card
2169,ORD_102169,1,75,CUST_0075,7,PROD_0007,Audio Headphones Pro-Series 1,Consumer Electronics,20260418,2026-04-18,2026-04-18 17:00:00,3,APAC,VIP,1,136.35,20.45,136.35,115.9,Apple Pay
2170,ORD_102170,1,435,CUST_0435,7,PROD_0007,Audio Headphones Pro-Series 1,Consumer Electronics,20260228,2026-02-28,2026-02-28 16:00:00,2,EMEA,Standard,3,136.35,20.45,409.05,388.6,Debit Card
2171,ORD_102171,1,280,CUST_0280,28,PROD_0028,Women's Sneakers Pro-Series 1,Apparel & Fashion,20260121,2026-01-21,2026-01-21 08:00:00,2,EMEA,Premium,5,301.74,226.31,1508.7,1282.39,Debit Card
2172,ORD_102172,1,196,CUST_0196,37,PROD_0037,Hardcover Novels Pro-Series 1,Books & Media,20251116,2025-11-16,2025-11-16 16:00:00,3,APAC,Standard,1,271.24,27.12,271.24,244.12,Apple Pay
2173,ORD_102173,1,412,CUST_0412,43,PROD_0043,Audiobooks Pro-Series 1,Books & Media,20250925,2025-09-25,2025-09-25 10:00:00,1,North America,Standard,1,262.83,0.0,262.83,262.83,PayPal
2174,ORD_102174,1,433,CUST_0433,44,PROD_0044,Audiobooks Pro-Series 2,Books & Media,20250704,2025-07-04,2025-07-04 01:00:00,4,LATAM,Standard,3,86.85,13.03,260.55,247.52,Debit Card
2175,ORD_102175,1,59,CUST_0059,5,PROD_0005,Laptops Pro-Series 2,Consumer Electronics,20250215,2025-02-15,2025-02-15 11:00:00,4,LATAM,Standard,1,144.32,21.65,144.32,122.67,Credit Card
2176,ORD_102176,1,276,CUST_0276,36,PROD_0036,Watches Pro-Series 3,Apparel & Fashion,20250821,2025-08-21,2025-08-21 19:00:00,4,LATAM,Premium,2,387.69,116.31,775.38,659.07,Apple Pay
2177,ORD_102177,1,500,CUST_0500,42,PROD_0042,Tech Guides Pro-Series 3,Books & Media,20250912,2025-09-12,2025-09-12 13:00:00,2,EMEA,Standard,1,201.79,20.18,201.79,181.61,Apple Pay
2178,ORD_102178,1,29,CUST_0029,25,PROD_0025,Men's Jackets Pro-Series 1,Apparel & Fashion,20260117,2026-01-17,2026-01-17 19:00:00,4,LATAM,Premium,1,381.42,0.0,381.42,381.42,Credit Card
2179,ORD_102179,1,414,CUST_0414,9,PROD_0009,Audio Headphones Pro-Series 3,Consumer Electronics,20260810,2026-08-10,2026-08-10 09:00:00,3,APAC,Standard,5,512.06,256.03,2560.3,2304.27,PayPal
2180,ORD_102180,1,472,CUST_0472,25,PROD_0025,Men's Jackets Pro-Series 1,Apparel & Fashion,20250218,2025-02-18,2025-02-18 09:00:00,4,LATAM,Premium,3,381.42,171.64,1144.26,972.62,Debit Card
2181,ORD_102181,1,26,CUST_0026,21,PROD_0021,Blenders Pro-Series 3,Home & Kitchen,20260525,2026-05-25,2026-05-25 13:00:00,4,LATAM,Premium,3,137.29,20.59,411.87,391.28,Credit Card
2182,ORD_102182,1,217,CUST_0217,24,PROD_0024,Robotic Vacuums Pro-Series 3,Home & Kitchen,20251115,2025-11-15,2025-11-15 10:00:00,4,LATAM,Premium,4,106.82,42.73,427.28,384.55,Credit Card
2183,ORD_102183,1,401,CUST_0401,20,PROD_0020,Blenders Pro-Series 2,Home & Kitchen,20260808,2026-08-08,2026-08-08 14:00:00,3,APAC,Standard,2,80.82,8.08,161.64,153.56,Credit Card
2184,ORD_102184,1,125,CUST_0125,24,PROD_0024,Robotic Vacuums Pro-Series 3,Home & Kitchen,20260312,2026-03-12,2026-03-12 04:00:00,3,APAC,Standard,4,106.82,64.09,427.28,363.19,PayPal
2185,ORD_102185,1,173,CUST_0173,45,PROD_0045,Audiobooks Pro-Series 3,Books & Media,20250708,2025-07-08,2025-07-08 13:00:00,3,APAC,Premium,1,512.51,0.0,512.51,512.51,Debit Card
2186,ORD_102186,1,312,CUST_0312,23,PROD_0023,Robotic Vacuums Pro-Series 2,Home & Kitchen,20251209,2025-12-09,2025-12-09 19:00:00,2,EMEA,Standard,1,80.72,0.0,80.72,80.72,Debit Card
2187,ORD_102187,1,61,CUST_0061,12,PROD_0012,Smartwatches Pro-Series 3,Consumer Electronics,20250614,2025-06-14,2025-06-14 05:00:00,2,EMEA,VIP,3,414.15,62.12,1242.45,1180.33,Debit Card
2188,ORD_102188,1,356,CUST_0356,43,PROD_0043,Audiobooks Pro-Series 1,Books & Media,20260315,2026-03-15,2026-03-15 15:00:00,4,LATAM,Premium,3,262.83,118.27,788.49,670.22,PayPal
2189,ORD_102189,1,35,CUST_0035,25,PROD_0025,Men's Jackets Pro-Series 1,Apparel & Fashion,20251120,2025-11-20,2025-11-20 19:00:00,1,North America,Standard,1,381.42,0.0,381.42,381.42,PayPal
2190,ORD_102190,1,52,CUST_0052,6,PROD_0006,Laptops Pro-Series 3,Consumer Electronics,20251015,2025-10-15,2025-10-15 22:00:00,3,APAC,Standard,5,304.52,152.26,1522.6,1370.34,Debit Card
2191,ORD_102191,1,390,CUST_0390,35,PROD_0035,Watches Pro-Series 2,Apparel & Fashion,20250303,2025-03-03,2025-03-03 00:00:00,1,North America,Premium,1,495.6,74.34,495.6,421.26,Debit Card
2192,ORD_102192,1,254,CUST_0254,36,PROD_0036,Watches Pro-Series 3,Apparel & Fashion,20260508,2026-05-08,2026-05-08 22:00:00,2,EMEA,Premium,2,387.69,0.0,775.38,775.38,PayPal
2193,ORD_102193,1,452,CUST_0452,23,PROD_0023,Robotic Vacuums Pro-Series 2,Home & Kitchen,20260815,2026-08-15,2026-08-15 19:00:00,4,LATAM,Premium,1,80.72,8.07,80.72,72.65,Debit Card
2194,ORD_102194,1,210,CUST_0210,17,PROD_0017,Air Fryers Pro-Series 2,Home & Kitchen,20250519,2025-05-19,2025-05-19 22:00:00,2,EMEA,Standard,4,438.78,0.0,1755.12,1755.12,PayPal
2195,ORD_102195,1,28,CUST_0028,14,PROD_0014,Coffee Makers Pro-Series 2,Home & Kitchen,20250424,2025-04-24,2025-04-24 05:00:00,3,APAC,Premium,2,94.28,28.28,188.56,160.28,Apple Pay
2196,ORD_102196,1,178,CUST_0178,45,PROD_0045,Audiobooks Pro-Series 3,Books & Media,20250822,2025-08-22,2025-08-22 13:00:00,4,LATAM,Standard,5,512.51,0.0,2562.55,2562.55,Debit Card
2197,ORD_102197,1,499,CUST_0499,41,PROD_0041,Tech Guides Pro-Series 2,Books & Media,20260722,2026-07-22,2026-07-22 11:00:00,2,EMEA,Standard,3,539.9,161.97,1619.7,1457.73,PayPal
2198,ORD_102198,1,64,CUST_0064,43,PROD_0043,Audiobooks Pro-Series 1,Books & Media,20251114,2025-11-14,2025-11-14 04:00:00,2,EMEA,VIP,5,262.83,131.41,1314.15,1182.74,Apple Pay
2199,ORD_102199,1,25,CUST_0025,3,PROD_0003,Smartphones Pro-Series 3,Consumer Electronics,20260106,2026-01-06,2026-01-06 08:00:00,4,LATAM,Standard,3,194.64,58.39,583.92,525.53,Apple Pay
2200,ORD_102200,1,240,CUST_0240,22,PROD_0022,Robotic Vacuums Pro-Series 1,Home & Kitchen,20251020,2025-10-20,2025-10-20 20:00:00,2,EMEA,Standard,2,573.0,0.0,1146.0,1146.0,Credit Card
2201,ORD_102201,1,79,CUST_0079,29,PROD_0029,Women's Sneakers Pro-Series 2,Apparel & Fashion,20250524,2025-05-24,2025-05-24 06:00:00,3,APAC,Premium,5,420.39,315.29,2101.95,1786.66,Credit Card
2202,ORD_102202,1,462,CUST_0462,26,PROD_0026,Men's Jackets Pro-Series 2,Apparel & Fashion,20260407,2026-04-07,2026-04-07 14:00:00,2,EMEA,Standard,2,387.88,77.58,775.76,698.18,PayPal
2203,ORD_102203,1,16,CUST_0016,13,PROD_0013,Coffee Makers Pro-Series 1,Home & Kitchen,20260517,2026-05-17,2026-05-17 05:00:00,4,LATAM,Standard,2,177.25,0.0,354.5,354.5,Debit Card
2204,ORD_102204,1,7,CUST_0007,42,PROD_0042,Tech Guides Pro-Series 3,Books & Media,20251229,2025-12-29,2025-12-29 22:00:00,1,North America,VIP,1,201.79,30.27,201.79,171.52,PayPal
2205,ORD_102205,1,169,CUST_0169,41,PROD_0041,Tech Guides Pro-Series 2,Books & Media,20250212,2025-02-12,2025-02-12 08:00:00,2,EMEA,Standard,1,539.9,80.98,539.9,458.92,PayPal
2206,ORD_102206,1,280,CUST_0280,33,PROD_0033,Sportswear Pro-Series 3,Apparel & Fashion,20251129,2025-11-29,2025-11-29 23:00:00,2,EMEA,Premium,3,230.01,34.5,690.03,655.53,Apple Pay
2207,ORD_102207,1,7,CUST_0007,3,PROD_0003,Smartphones Pro-Series 3,Consumer Electronics,20250824,2025-08-24,2025-08-24 09:00:00,1,North America,VIP,5,194.64,0.0,973.2,973.2,Debit Card
2208,ORD_102208,1,259,CUST_0259,19,PROD_0019,Blenders Pro-Series 1,Home & Kitchen,20260328,2026-03-28,2026-03-28 15:00:00,1,North America,Standard,4,523.93,209.57,2095.72,1886.15,PayPal
2209,ORD_102209,1,131,CUST_0131,43,PROD_0043,Audiobooks Pro-Series 1,Books & Media,20251013,2025-10-13,2025-10-13 08:00:00,3,APAC,Premium,3,262.83,78.85,788.49,709.64,Debit Card
2210,ORD_102210,1,108,CUST_0108,35,PROD_0035,Watches Pro-Series 2,Apparel & Fashion,20250224,2025-02-24,2025-02-24 17:00:00,3,APAC,Standard,1,495.6,74.34,495.6,421.26,PayPal
2211,ORD_102211,1,402,CUST_0402,36,PROD_0036,Watches Pro-Series 3,Apparel & Fashion,20260407,2026-04-07,2026-04-07 22:00:00,1,North America,Standard,1,387.69,38.77,387.69,348.92,PayPal
2212,ORD_102212,1,275,CUST_0275,30,PROD_0030,Women's Sneakers Pro-Series 3,Apparel & Fashion,20250507,2025-05-07,2025-05-07 04:00:00,3,APAC,Standard,5,378.05,283.54,1890.25,1606.71,Debit Card
2213,ORD_102213,1,264,CUST_0264,10,PROD_0010,Smartwatches Pro-Series 1,Consumer Electronics,20260824,2026-08-24,2026-08-24 16:00:00,1,North America,Premium,3,238.77,71.63,716.31,644.68,Debit Card
2214,ORD_102214,1,69,CUST_0069,31,PROD_0031,Sportswear Pro-Series 1,Apparel & Fashion,20260816,2026-08-16,2026-08-16 22:00:00,1,North America,Standard,3,610.97,274.94,1832.91,1557.97,PayPal
2215,ORD_102215,1,120,CUST_0120,3,PROD_0003,Smartphones Pro-Series 3,Consumer Electronics,20250917,2025-09-17,2025-09-17 12:00:00,1,North America,VIP,5,194.64,145.98,973.2,827.22,Apple Pay
2216,ORD_102216,1,68,CUST_0068,14,PROD_0014,Coffee Makers Pro-Series 2,Home & Kitchen,20250629,2025-06-29,2025-06-29 08:00:00,2,EMEA,Standard,5,94.28,70.71,471.4,400.69,PayPal
2217,ORD_102217,1,122,CUST_0122,37,PROD_0037,Hardcover Novels Pro-Series 1,Books & Media,20260618,2026-06-18,2026-06-18 07:00:00,1,North America,Standard,2,271.24,0.0,542.48,542.48,Debit Card
2218,ORD_102218,1,472,CUST_0472,11,PROD_0011,Smartwatches Pro-Series 2,Consumer Electronics,20250131,2025-01-31,2025-01-31 12:00:00,2,EMEA,Premium,2,627.26,0.0,1254.52,1254.52,PayPal
2219,ORD_102219,1,63,CUST_0063,3,PROD_0003,Smartphones Pro-Series 3,Consumer Electronics,20250621,2025-06-21,2025-06-21 04:00:00,1,North America,Standard,1,194.64,9.73,194.64,184.91,PayPal
2220,ORD_102220,1,9,CUST_0009,5,PROD_0005,Laptops Pro-Series 2,Consumer Electronics,20250629,2025-06-29,2025-06-29 00:00:00,4,LATAM,Premium,4,144.32,86.59,577.28,490.69,Debit Card
2221,ORD_102221,1,466,CUST_0466,2,PROD_0002,Smartphones Pro-Series 2,Consumer Electronics,20250428,2025-04-28,2025-04-28 01:00:00,4,LATAM,Premium,4,484.7,0.0,1938.8,1938.8,Credit Card
2222,ORD_102222,1,419,CUST_0419,19,PROD_0019,Blenders Pro-Series 1,Home & Kitchen,20260715,2026-07-15,2026-07-15 02:00:00,2,EMEA,VIP,3,523.93,235.77,1571.79,1336.02,Credit Card
2223,ORD_102223,1,470,CUST_0470,16,PROD_0016,Air Fryers Pro-Series 1,Home & Kitchen,20251023,2025-10-23,2025-10-23 01:00:00,3,APAC,Standard,3,403.75,60.56,1211.25,1150.69,Credit Card
2224,ORD_102224,1,403,CUST_0403,31,PROD_0031,Sportswear Pro-Series 1,Apparel & Fashion,20260607,2026-06-07,2026-06-07 01:00:00,3,APAC,Standard,4,610.97,122.19,2443.88,2321.69,PayPal
2225,ORD_102225,1,210,CUST_0210,38,PROD_0038,Hardcover Novels Pro-Series 2,Books & Media,20251119,2025-11-19,2025-11-19 09:00:00,3,APAC,Standard,1,157.75,0.0,157.75,157.75,Credit Card
2226,ORD_102226,1,396,CUST_0396,2,PROD_0002,Smartphones Pro-Series 2,Consumer Electronics,20250723,2025-07-23,2025-07-23 23:00:00,4,LATAM,Standard,4,484.7,96.94,1938.8,1841.86,Credit Card
2227,ORD_102227,1,484,CUST_0484,22,PROD_0022,Robotic Vacuums Pro-Series 1,Home & Kitchen,20260114,2026-01-14,2026-01-14 08:00:00,4,LATAM,Standard,4,573.0,0.0,2292.0,2292.0,Apple Pay
2228,ORD_102228,1,24,CUST_0024,28,PROD_0028,Women's Sneakers Pro-Series 1,Apparel & Fashion,20250121,2025-01-21,2025-01-21 22:00:00,4,LATAM,Standard,4,301.74,181.04,1206.96,1025.92,Apple Pay
2229,ORD_102229,1,7,CUST_0007,42,PROD_0042,Tech Guides Pro-Series 3,Books & Media,20250405,2025-04-05,2025-04-05 02:00:00,4,LATAM,VIP,3,201.79,60.54,605.37,544.83,Credit Card
2230,ORD_102230,1,431,CUST_0431,15,PROD_0015,Coffee Makers Pro-Series 3,Home & Kitchen,20250403,2025-04-03,2025-04-03 22:00:00,3,APAC,Standard,1,397.04,59.56,397.04,337.48,Apple Pay
2231,ORD_102231,1,315,CUST_0315,38,PROD_0038,Hardcover Novels Pro-Series 2,Books & Media,20250413,2025-04-13,2025-04-13 12:00:00,3,APAC,Premium,5,157.75,118.31,788.75,670.44,Credit Card
2232,ORD_102232,1,8,CUST_0008,24,PROD_0024,Robotic Vacuums Pro-Series 3,Home & Kitchen,20260620,2026-06-20,2026-06-20 19:00:00,2,EMEA,Standard,4,106.82,64.09,427.28,363.19,PayPal
2233,ORD_102233,1,73,CUST_0073,25,PROD_0025,Men's Jackets Pro-Series 1,Apparel & Fashion,20251029,2025-10-29,2025-10-29 17:00:00,4,LATAM,Premium,2,381.42,114.43,762.84,648.41,Debit Card
2234,ORD_102234,1,120,CUST_0120,35,PROD_0035,Watches Pro-Series 2,Apparel & Fashion,20250116,2025-01-16,2025-01-16 16:00:00,4,LATAM,VIP,5,495.6,0.0,2478.0,2478.0,Debit Card
2235,ORD_102235,1,339,CUST_0339,42,PROD_0042,Tech Guides Pro-Series 3,Books & Media,20260626,2026-06-26,2026-06-26 21:00:00,4,LATAM,Premium,5,201.79,0.0,1008.95,1008.95,Apple Pay
2236,ORD_102236,1,412,CUST_0412,38,PROD_0038,Hardcover Novels Pro-Series 2,Books & Media,20250201,2025-02-01,2025-02-01 11:00:00,4,LATAM,Standard,2,157.75,31.55,315.5,283.95,Debit Card
2237,ORD_102237,1,233,CUST_0233,25,PROD_0025,Men's Jackets Pro-Series 1,Apparel & Fashion,20250321,2025-03-21,2025-03-21 18:00:00,1,North America,Standard,5,381.42,95.36,1907.1,1811.74,PayPal
2238,ORD_102238,1,68,CUST_0068,28,PROD_0028,Women's Sneakers Pro-Series 1,Apparel & Fashion,20250123,2025-01-23,2025-01-23 02:00:00,3,APAC,Standard,4,301.74,60.35,1206.96,1146.61,Debit Card
2239,ORD_102239,1,41,CUST_0041,36,PROD_0036,Watches Pro-Series 3,Apparel & Fashion,20250116,2025-01-16,2025-01-16 09:00:00,1,North America,Standard,5,387.69,193.85,1938.45,1744.6,PayPal
2240,ORD_102240,1,185,CUST_0185,22,PROD_0022,Robotic Vacuums Pro-Series 1,Home & Kitchen,20250316,2025-03-16,2025-03-16 14:00:00,3,APAC,VIP,1,573.0,85.95,573.0,487.05,Debit Card
2241,ORD_102241,1,362,CUST_0362,6,PROD_0006,Laptops Pro-Series 3,Consumer Electronics,20260413,2026-04-13,2026-04-13 09:00:00,2,EMEA,Premium,4,304.52,121.81,1218.08,1096.27,Debit Card
2242,ORD_102242,1,50,CUST_0050,35,PROD_0035,Watches Pro-Series 2,Apparel & Fashion,20250709,2025-07-09,2025-07-09 02:00:00,2,EMEA,VIP,3,495.6,0.0,1486.8,1486.8,Debit Card
2243,ORD_102243,1,137,CUST_0137,12,PROD_0012,Smartwatches Pro-Series 3,Consumer Electronics,20250522,2025-05-22,2025-05-22 13:00:00,2,EMEA,Premium,2,414.15,124.24,828.3,704.06,Apple Pay
2244,ORD_102244,1,39,CUST_0039,29,PROD_0029,Women's Sneakers Pro-Series 2,Apparel & Fashion,20260609,2026-06-09,2026-06-09 18:00:00,1,North America,Standard,3,420.39,126.12,1261.17,1135.05,Apple Pay
2245,ORD_102245,1,422,CUST_0422,36,PROD_0036,Watches Pro-Series 3,Apparel & Fashion,20250516,2025-05-16,2025-05-16 03:00:00,3,APAC,Premium,3,387.69,116.31,1163.07,1046.76,Debit Card
2246,ORD_102246,1,223,CUST_0223,33,PROD_0033,Sportswear Pro-Series 3,Apparel & Fashion,20250216,2025-02-16,2025-02-16 10:00:00,2,EMEA,Standard,1,230.01,11.5,230.01,218.51,PayPal
2247,ORD_102247,1,426,CUST_0426,1,PROD_0001,Smartphones Pro-Series 1,Consumer Electronics,20260111,2026-01-11,2026-01-11 15:00:00,1,North America,Standard,1,247.49,0.0,247.49,247.49,Debit Card
2248,ORD_102248,1,461,CUST_0461,22,PROD_0022,Robotic Vacuums Pro-Series 1,Home & Kitchen,20250813,2025-08-13,2025-08-13 22:00:00,4,LATAM,Standard,3,573.0,0.0,1719.0,1719.0,Debit Card
2249,ORD_102249,1,424,CUST_0424,9,PROD_0009,Audio Headphones Pro-Series 3,Consumer Electronics,20250625,2025-06-25,2025-06-25 06:00:00,3,APAC,Standard,4,512.06,102.41,2048.24,1945.83,PayPal
2250,ORD_102250,1,168,CUST_0168,18,PROD_0018,Air Fryers Pro-Series 3,Home & Kitchen,20260728,2026-07-28,2026-07-28 19:00:00,1,North America,Standard,1,497.95,0.0,497.95,497.95,Debit Card
2251,ORD_102251,1,485,CUST_0485,34,PROD_0034,Watches Pro-Series 1,Apparel & Fashion,20260617,2026-06-17,2026-06-17 20:00:00,2,EMEA,Standard,2,277.89,55.58,555.78,500.2,Debit Card
2252,ORD_102252,1,70,CUST_0070,27,PROD_0027,Men's Jackets Pro-Series 3,Apparel & Fashion,20250904,2025-09-04,2025-09-04 02:00:00,1,North America,Standard,4,452.99,181.2,1811.96,1630.76,Credit Card
2253,ORD_102253,1,31,CUST_0031,23,PROD_0023,Robotic Vacuums Pro-Series 2,Home & Kitchen,20260509,2026-05-09,2026-05-09 02:00:00,1,North America,Standard,1,80.72,0.0,80.72,80.72,Apple Pay
2254,ORD_102254,1,92,CUST_0092,30,PROD_0030,Women's Sneakers Pro-Series 3,Apparel & Fashion,20250102,2025-01-02,2025-01-02 19:00:00,1,North America,VIP,1,378.05,37.8,378.05,340.25,PayPal
2255,ORD_102255,1,383,CUST_0383,3,PROD_0003,Smartphones Pro-Series 3,Consumer Electronics,20260314,2026-03-14,2026-03-14 02:00:00,3,APAC,Standard,2,194.64,58.39,389.28,330.89,Credit Card
2256,ORD_102256,1,103,CUST_0103,3,PROD_0003,Smartphones Pro-Series 3,Consumer Electronics,20260807,2026-08-07,2026-08-07 04:00:00,1,North America,Premium,4,194.64,0.0,778.56,778.56,Debit Card
2257,ORD_102257,1,8,CUST_0008,1,PROD_0001,Smartphones Pro-Series 1,Consumer Electronics,20251118,2025-11-18,2025-11-18 21:00:00,4,LATAM,Standard,3,247.49,0.0,742.47,742.47,Apple Pay
2258,ORD_102258,1,168,CUST_0168,45,PROD_0045,Audiobooks Pro-Series 3,Books & Media,20260730,2026-07-30,2026-07-30 22:00:00,3,APAC,Standard,2,512.51,51.25,1025.02,973.77,Debit Card
2259,ORD_102259,1,285,CUST_0285,37,PROD_0037,Hardcover Novels Pro-Series 1,Books & Media,20260228,2026-02-28,2026-02-28 18:00:00,2,EMEA,Standard,4,271.24,108.5,1084.96,976.46,PayPal
2260,ORD_102260,1,490,CUST_0490,31,PROD_0031,Sportswear Pro-Series 1,Apparel & Fashion,20250921,2025-09-21,2025-09-21 08:00:00,1,North America,VIP,4,610.97,0.0,2443.88,2443.88,PayPal
2261,ORD_102261,1,413,CUST_0413,20,PROD_0020,Blenders Pro-Series 2,Home & Kitchen,20260501,2026-05-01,2026-05-01 06:00:00,1,North America,Standard,2,80.82,0.0,161.64,161.64,Credit Card
2262,ORD_102262,1,24,CUST_0024,10,PROD_0010,Smartwatches Pro-Series 1,Consumer Electronics,20250922,2025-09-22,2025-09-22 10:00:00,3,APAC,Standard,5,238.77,179.08,1193.85,1014.77,PayPal
2263,ORD_102263,1,240,CUST_0240,19,PROD_0019,Blenders Pro-Series 1,Home & Kitchen,20250707,2025-07-07,2025-07-07 02:00:00,2,EMEA,Standard,3,523.93,235.77,1571.79,1336.02,Apple Pay
2264,ORD_102264,1,173,CUST_0173,10,PROD_0010,Smartwatches Pro-Series 1,Consumer Electronics,20260621,2026-06-21,2026-06-21 07:00:00,4,LATAM,Premium,5,238.77,0.0,1193.85,1193.85,Debit Card
2265,ORD_102265,1,223,CUST_0223,3,PROD_0003,Smartphones Pro-Series 3,Consumer Electronics,20251007,2025-10-07,2025-10-07 17:00:00,4,LATAM,Standard,4,194.64,38.93,778.56,739.63,PayPal
2266,ORD_102266,1,477,CUST_0477,35,PROD_0035,Watches Pro-Series 2,Apparel & Fashion,20250915,2025-09-15,2025-09-15 09:00:00,2,EMEA,VIP,5,495.6,247.8,2478.0,2230.2,PayPal
2267,ORD_102267,1,196,CUST_0196,41,PROD_0041,Tech Guides Pro-Series 2,Books & Media,20251122,2025-11-22,2025-11-22 07:00:00,3,APAC,Standard,4,539.9,107.98,2159.6,2051.62,Credit Card
2268,ORD_102268,1,28,CUST_0028,29,PROD_0029,Women's Sneakers Pro-Series 2,Apparel & Fashion,20251205,2025-12-05,2025-12-05 10:00:00,4,LATAM,Premium,3,420.39,0.0,1261.17,1261.17,Debit Card
2269,ORD_102269,1,318,CUST_0318,22,PROD_0022,Robotic Vacuums Pro-Series 1,Home & Kitchen,20260104,2026-01-04,2026-01-04 14:00:00,3,APAC,Standard,1,573.0,57.3,573.0,515.7,Debit Card
2270,ORD_102270,1,290,CUST_0290,12,PROD_0012,Smartwatches Pro-Series 3,Consumer Electronics,20250613,2025-06-13,2025-06-13 06:00:00,1,North America,Standard,5,414.15,0.0,2070.75,2070.75,Apple Pay
2271,ORD_102271,1,22,CUST_0022,32,PROD_0032,Sportswear Pro-Series 2,Apparel & Fashion,20251129,2025-11-29,2025-11-29 03:00:00,3,APAC,Standard,1,106.55,0.0,106.55,106.55,PayPal
2272,ORD_102272,1,52,CUST_0052,30,PROD_0030,Women's Sneakers Pro-Series 3,Apparel & Fashion,20250413,2025-04-13,2025-04-13 02:00:00,4,LATAM,Standard,1,378.05,0.0,378.05,378.05,PayPal
2273,ORD_102273,1,361,CUST_0361,29,PROD_0029,Women's Sneakers Pro-Series 2,Apparel & Fashion,20251203,2025-12-03,2025-12-03 09:00:00,4,LATAM,Standard,1,420.39,21.02,420.39,399.37,PayPal
2274,ORD_102274,1,368,CUST_0368,40,PROD_0040,Tech Guides Pro-Series 1,Books & Media,20250125,2025-01-25,2025-01-25 12:00:00,3,APAC,Premium,2,507.6,101.52,1015.2,913.68,Apple Pay
2275,ORD_102275,1,91,CUST_0091,1,PROD_0001,Smartphones Pro-Series 1,Consumer Electronics,20250327,2025-03-27,2025-03-27 21:00:00,1,North America,Standard,2,247.49,24.75,494.98,470.23,Debit Card
2276,ORD_102276,1,183,CUST_0183,4,PROD_0004,Laptops Pro-Series 1,Consumer Electronics,20251118,2025-11-18,2025-11-18 18:00:00,1,North America,VIP,2,328.32,98.5,656.64,558.14,Credit Card
2277,ORD_102277,1,57,CUST_0057,22,PROD_0022,Robotic Vacuums Pro-Series 1,Home & Kitchen,20250322,2025-03-22,2025-03-22 10:00:00,2,EMEA,Standard,2,573.0,114.6,1146.0,1031.4,Apple Pay
2278,ORD_102278,1,456,CUST_0456,40,PROD_0040,Tech Guides Pro-Series 1,Books & Media,20260327,2026-03-27,2026-03-27 20:00:00,3,APAC,Standard,1,507.6,76.14,507.6,431.46,Apple Pay
2279,ORD_102279,1,52,CUST_0052,29,PROD_0029,Women's Sneakers Pro-Series 2,Apparel & Fashion,20250214,2025-02-14,2025-02-14 15:00:00,2,EMEA,Standard,2,420.39,126.12,840.78,714.66,Credit Card
2280,ORD_102280,1,381,CUST_0381,38,PROD_0038,Hardcover Novels Pro-Series 2,Books & Media,20251229,2025-12-29,2025-12-29 22:00:00,3,APAC,Standard,1,157.75,7.89,157.75,149.86,Credit Card
2281,ORD_102281,1,202,CUST_0202,19,PROD_0019,Blenders Pro-Series 1,Home & Kitchen,20250219,2025-02-19,2025-02-19 00:00:00,2,EMEA,Standard,3,523.93,0.0,1571.79,1571.79,PayPal
2282,ORD_102282,1,2,CUST_0002,18,PROD_0018,Air Fryers Pro-Series 3,Home & Kitchen,20260816,2026-08-16,2026-08-16 03:00:00,3,APAC,Premium,2,497.95,0.0,995.9,995.9,PayPal
2283,ORD_102283,1,260,CUST_0260,40,PROD_0040,Tech Guides Pro-Series 1,Books & Media,20260315,2026-03-15,2026-03-15 01:00:00,3,APAC,Standard,1,507.6,0.0,507.6,507.6,Apple Pay
2284,ORD_102284,1,335,CUST_0335,22,PROD_0022,Robotic Vacuums Pro-Series 1,Home & Kitchen,20250407,2025-04-07,2025-04-07 07:00:00,2,EMEA,Standard,5,573.0,286.5,2865.0,2578.5,Apple Pay
2285,ORD_102285,1,352,CUST_0352,37,PROD_0037,Hardcover Novels Pro-Series 1,Books & Media,20250907,2025-09-07,2025-09-07 11:00:00,3,APAC,Premium,2,271.24,0.0,542.48,542.48,Apple Pay
2286,ORD_102286,1,18,CUST_0018,4,PROD_0004,Laptops Pro-Series 1,Consumer Electronics,20260202,2026-02-02,2026-02-02 02:00:00,4,LATAM,Standard,4,328.32,0.0,1313.28,1313.28,Credit Card
2287,ORD_102287,1,220,CUST_0220,36,PROD_0036,Watches Pro-Series 3,Apparel & Fashion,20260212,2026-02-12,2026-02-12 18:00:00,1,North America,Premium,1,387.69,58.15,387.69,329.54,Debit Card
2288,ORD_102288,1,23,CUST_0023,45,PROD_0045,Audiobooks Pro-Series 3,Books & Media,20260504,2026-05-04,2026-05-04 08:00:00,2,EMEA,Premium,4,512.51,205.0,2050.04,1845.04,PayPal
2289,ORD_102289,1,100,CUST_0100,37,PROD_0037,Hardcover Novels Pro-Series 1,Books & Media,20250812,2025-08-12,2025-08-12 21:00:00,3,APAC,Standard,3,271.24,81.37,813.72,732.35,PayPal
2290,ORD_102290,1,202,CUST_0202,32,PROD_0032,Sportswear Pro-Series 2,Apparel & Fashion,20250122,2025-01-22,2025-01-22 00:00:00,4,LATAM,Standard,4,106.55,21.31,426.2,404.89,Apple Pay
2291,ORD_102291,1,112,CUST_0112,11,PROD_0011,Smartwatches Pro-Series 2,Consumer Electronics,20251202,2025-12-02,2025-12-02 00:00:00,3,APAC,Standard,1,627.26,0.0,627.26,627.26,Debit Card
2292,ORD_102292,1,161,CUST_0161,17,PROD_0017,Air Fryers Pro-Series 2,Home & Kitchen,20250806,2025-08-06,2025-08-06 12:00:00,2,EMEA,Standard,4,438.78,87.76,1755.12,1667.36,Apple Pay
2293,ORD_102293,1,276,CUST_0276,17,PROD_0017,Air Fryers Pro-Series 2,Home & Kitchen,20250419,2025-04-19,2025-04-19 14:00:00,2,EMEA,Premium,5,438.78,0.0,2193.9,2193.9,PayPal
2294,ORD_102294,1,399,CUST_0399,10,PROD_0010,Smartwatches Pro-Series 1,Consumer Electronics,20260810,2026-08-10,2026-08-10 22:00:00,2,EMEA,Standard,2,238.77,47.75,477.54,429.79,Apple Pay
2295,ORD_102295,1,8,CUST_0008,3,PROD_0003,Smartphones Pro-Series 3,Consumer Electronics,20250408,2025-04-08,2025-04-08 02:00:00,1,North America,Standard,4,194.64,0.0,778.56,778.56,Apple Pay
2296,ORD_102296,1,327,CUST_0327,35,PROD_0035,Watches Pro-Series 2,Apparel & Fashion,20250908,2025-09-08,2025-09-08 00:00:00,4,LATAM,Premium,5,495.6,247.8,2478.0,2230.2,PayPal
2297,ORD_102297,1,454,CUST_0454,8,PROD_0008,Audio Headphones Pro-Series 2,Consumer Electronics,20250115,2025-01-15,2025-01-15 04:00:00,1,North America,Standard,4,596.84,358.1,2387.36,2029.26,Debit Card
2298,ORD_102298,1,316,CUST_0316,1,PROD_0001,Smartphones Pro-Series 1,Consumer Electronics,20250814,2025-08-14,2025-08-14 04:00:00,3,APAC,Standard,3,247.49,111.37,742.47,631.1,Apple Pay
2299,ORD_102299,1,405,CUST_0405,35,PROD_0035,Watches Pro-Series 2,Apparel & Fashion,20260731,2026-07-31,2026-07-31 17:00:00,4,LATAM,Standard,3,495.6,74.34,1486.8,1412.46,Credit Card
2300,ORD_102300,1,378,CUST_0378,38,PROD_0038,Hardcover Novels Pro-Series 2,Books & Media,20250625,2025-06-25,2025-06-25 18:00:00,4,LATAM,Standard,3,157.75,23.66,473.25,449.59,Debit Card
2301,ORD_102301,1,489,CUST_0489,16,PROD_0016,Air Fryers Pro-Series 1,Home & Kitchen,20250217,2025-02-17,2025-02-17 07:00:00,4,LATAM,Standard,2,403.75,0.0,807.5,807.5,PayPal
2302,ORD_102302,1,182,CUST_0182,34,PROD_0034,Watches Pro-Series 1,Apparel & Fashion,20260414,2026-04-14,2026-04-14 11:00:00,2,EMEA,Standard,1,277.89,27.79,277.89,250.1,Debit Card
2303,ORD_102303,1,356,CUST_0356,39,PROD_0039,Hardcover Novels Pro-Series 3,Books & Media,20260420,2026-04-20,2026-04-20 00:00:00,2,EMEA,Premium,1,217.64,32.65,217.64,184.99,Credit Card
2304,ORD_102304,1,432,CUST_0432,11,PROD_0011,Smartwatches Pro-Series 2,Consumer Electronics,20250404,2025-04-04,2025-04-04 11:00:00,2,EMEA,Standard,5,627.26,0.0,3136.3,3136.3,PayPal
2305,ORD_102305,1,359,CUST_0359,11,PROD_0011,Smartwatches Pro-Series 2,Consumer Electronics,20250713,2025-07-13,2025-07-13 13:00:00,1,North America,Standard,5,627.26,156.82,3136.3,2979.48,Credit Card
2306,ORD_102306,1,403,CUST_0403,8,PROD_0008,Audio Headphones Pro-Series 2,Consumer Electronics,20251228,2025-12-28,2025-12-28 16:00:00,4,LATAM,Standard,1,596.84,59.68,596.84,537.16,Credit Card
2307,ORD_102307,1,396,CUST_0396,8,PROD_0008,Audio Headphones Pro-Series 2,Consumer Electronics,20260321,2026-03-21,2026-03-21 03:00:00,4,LATAM,Standard,2,596.84,119.37,1193.68,1074.31,Apple Pay
2308,ORD_102308,1,42,CUST_0042,38,PROD_0038,Hardcover Novels Pro-Series 2,Books & Media,20260718,2026-07-18,2026-07-18 17:00:00,3,APAC,Standard,5,157.75,118.31,788.75,670.44,Debit Card
2309,ORD_102309,1,354,CUST_0354,7,PROD_0007,Audio Headphones Pro-Series 1,Consumer Electronics,20250621,2025-06-21,2025-06-21 22:00:00,4,LATAM,Standard,5,136.35,0.0,681.75,681.75,Credit Card
2310,ORD_102310,1,246,CUST_0246,35,PROD_0035,Watches Pro-Series 2,Apparel & Fashion,20251214,2025-12-14,2025-12-14 07:00:00,2,EMEA,Premium,1,495.6,74.34,495.6,421.26,PayPal
2311,ORD_102311,1,246,CUST_0246,12,PROD_0012,Smartwatches Pro-Series 3,Consumer Electronics,20260605,2026-06-05,2026-06-05 18:00:00,3,APAC,Premium,3,414.15,124.24,1242.45,1118.21,Credit Card
2312,ORD_102312,1,71,CUST_0071,11,PROD_0011,Smartwatches Pro-Series 2,Consumer Electronics,20250409,2025-04-09,2025-04-09 16:00:00,4,LATAM,Standard,2,627.26,0.0,1254.52,1254.52,Credit Card
2313,ORD_102313,1,110,CUST_0110,40,PROD_0040,Tech Guides Pro-Series 1,Books & Media,20250701,2025-07-01,2025-07-01 17:00:00,3,APAC,Standard,5,507.6,126.9,2538.0,2411.1,PayPal
2314,ORD_102314,1,485,CUST_0485,10,PROD_0010,Smartwatches Pro-Series 1,Consumer Electronics,20250519,2025-05-19,2025-05-19 21:00:00,1,North America,Standard,3,238.77,0.0,716.31,716.31,Apple Pay
2315,ORD_102315,1,143,CUST_0143,42,PROD_0042,Tech Guides Pro-Series 3,Books & Media,20251013,2025-10-13,2025-10-13 15:00:00,2,EMEA,Premium,2,201.79,0.0,403.58,403.58,Credit Card
2316,ORD_102316,1,296,CUST_0296,39,PROD_0039,Hardcover Novels Pro-Series 3,Books & Media,20260308,2026-03-08,2026-03-08 11:00:00,2,EMEA,Standard,1,217.64,10.88,217.64,206.76,Credit Card
2317,ORD_102317,1,325,CUST_0325,14,PROD_0014,Coffee Makers Pro-Series 2,Home & Kitchen,20250511,2025-05-11,2025-05-11 01:00:00,1,North America,Standard,3,94.28,14.14,282.84,268.7,PayPal
2318,ORD_102318,1,368,CUST_0368,29,PROD_0029,Women's Sneakers Pro-Series 2,Apparel & Fashion,20250515,2025-05-15,2025-05-15 04:00:00,4,LATAM,Premium,3,420.39,63.06,1261.17,1198.11,Credit Card
2319,ORD_102319,1,368,CUST_0368,13,PROD_0013,Coffee Makers Pro-Series 1,Home & Kitchen,20250907,2025-09-07,2025-09-07 11:00:00,1,North America,Premium,2,177.25,0.0,354.5,354.5,Debit Card
2320,ORD_102320,1,209,CUST_0209,17,PROD_0017,Air Fryers Pro-Series 2,Home & Kitchen,20251210,2025-12-10,2025-12-10 01:00:00,4,LATAM,Premium,2,438.78,0.0,877.56,877.56,Credit Card
2321,ORD_102321,1,407,CUST_0407,39,PROD_0039,Hardcover Novels Pro-Series 3,Books & Media,20251219,2025-12-19,2025-12-19 22:00:00,2,EMEA,Premium,4,217.64,130.58,870.56,739.98,Debit Card
2322,ORD_102322,1,463,CUST_0463,38,PROD_0038,Hardcover Novels Pro-Series 2,Books & Media,20251231,2025-12-31,2025-12-31 12:00:00,1,North America,Premium,5,157.75,39.44,788.75,749.31,PayPal
2323,ORD_102323,1,12,CUST_0012,42,PROD_0042,Tech Guides Pro-Series 3,Books & Media,20250314,2025-03-14,2025-03-14 21:00:00,2,EMEA,VIP,5,201.79,0.0,1008.95,1008.95,Debit Card
2324,ORD_102324,1,153,CUST_0153,25,PROD_0025,Men's Jackets Pro-Series 1,Apparel & Fashion,20250317,2025-03-17,2025-03-17 15:00:00,1,North America,Premium,2,381.42,38.14,762.84,724.7,Credit Card
2325,ORD_102325,1,127,CUST_0127,35,PROD_0035,Watches Pro-Series 2,Apparel & Fashion,20250130,2025-01-30,2025-01-30 08:00:00,3,APAC,Standard,1,495.6,74.34,495.6,421.26,Debit Card
2326,ORD_102326,1,291,CUST_0291,6,PROD_0006,Laptops Pro-Series 3,Consumer Electronics,20250616,2025-06-16,2025-06-16 04:00:00,2,EMEA,Premium,1,304.52,45.68,304.52,258.84,Debit Card
2327,ORD_102327,1,29,CUST_0029,24,PROD_0024,Robotic Vacuums Pro-Series 3,Home & Kitchen,20250115,2025-01-15,2025-01-15 16:00:00,4,LATAM,Premium,5,106.82,53.41,534.1,480.69,Debit Card
2328,ORD_102328,1,489,CUST_0489,3,PROD_0003,Smartphones Pro-Series 3,Consumer Electronics,20260207,2026-02-07,2026-02-07 14:00:00,4,LATAM,Standard,2,194.64,58.39,389.28,330.89,PayPal
2329,ORD_102329,1,263,CUST_0263,26,PROD_0026,Men's Jackets Pro-Series 2,Apparel & Fashion,20250328,2025-03-28,2025-03-28 18:00:00,3,APAC,Standard,3,387.88,0.0,1163.64,1163.64,Apple Pay
2330,ORD_102330,1,399,CUST_0399,17,PROD_0017,Air Fryers Pro-Series 2,Home & Kitchen,20260819,2026-08-19,2026-08-19 09:00:00,3,APAC,Standard,1,438.78,65.82,438.78,372.96,Debit Card
2331,ORD_102331,1,351,CUST_0351,20,PROD_0020,Blenders Pro-Series 2,Home & Kitchen,20260205,2026-02-05,2026-02-05 06:00:00,2,EMEA,Standard,2,80.82,24.25,161.64,137.39,Apple Pay
2332,ORD_102332,1,332,CUST_0332,39,PROD_0039,Hardcover Novels Pro-Series 3,Books & Media,20250109,2025-01-09,2025-01-09 09:00:00,4,LATAM,Standard,2,217.64,65.29,435.28,369.99,PayPal
2333,ORD_102333,1,198,CUST_0198,9,PROD_0009,Audio Headphones Pro-Series 3,Consumer Electronics,20250513,2025-05-13,2025-05-13 05:00:00,4,LATAM,VIP,1,512.06,0.0,512.06,512.06,Apple Pay
2334,ORD_102334,1,111,CUST_0111,27,PROD_0027,Men's Jackets Pro-Series 3,Apparel & Fashion,20250531,2025-05-31,2025-05-31 08:00:00,2,EMEA,Premium,3,452.99,135.9,1358.97,1223.07,Apple Pay
2335,ORD_102335,1,348,CUST_0348,33,PROD_0033,Sportswear Pro-Series 3,Apparel & Fashion,20250604,2025-06-04,2025-06-04 03:00:00,1,North America,Standard,5,230.01,172.51,1150.05,977.54,Credit Card
2336,ORD_102336,1,328,CUST_0328,16,PROD_0016,Air Fryers Pro-Series 1,Home & Kitchen,20260222,2026-02-22,2026-02-22 04:00:00,3,APAC,Standard,1,403.75,60.56,403.75,343.19,Apple Pay
2337,ORD_102337,1,287,CUST_0287,22,PROD_0022,Robotic Vacuums Pro-Series 1,Home & Kitchen,20250814,2025-08-14,2025-08-14 06:00:00,2,EMEA,Standard,2,573.0,114.6,1146.0,1031.4,Debit Card
2338,ORD_102338,1,342,CUST_0342,4,PROD_0004,Laptops Pro-Series 1,Consumer Electronics,20250711,2025-07-11,2025-07-11 11:00:00,3,APAC,VIP,5,328.32,82.08,1641.6,1559.52,PayPal
2339,ORD_102339,1,487,CUST_0487,13,PROD_0013,Coffee Makers Pro-Series 1,Home & Kitchen,20250909,2025-09-09,2025-09-09 08:00:00,1,North America,Standard,2,177.25,0.0,354.5,354.5,Credit Card
2340,ORD_102340,1,271,CUST_0271,32,PROD_0032,Sportswear Pro-Series 2,Apparel & Fashion,20260110,2026-01-10,2026-01-10 21:00:00,4,LATAM,Standard,1,106.55,10.66,106.55,95.89,Apple Pay
2341,ORD_102341,1,399,CUST_0399,25,PROD_0025,Men's Jackets Pro-Series 1,Apparel & Fashion,20260114,2026-01-14,2026-01-14 14:00:00,3,APAC,Standard,4,381.42,152.57,1525.68,1373.11,Debit Card
2342,ORD_102342,1,365,CUST_0365,18,PROD_0018,Air Fryers Pro-Series 3,Home & Kitchen,20260216,2026-02-16,2026-02-16 18:00:00,3,APAC,Standard,2,497.95,99.59,995.9,896.31,PayPal
2343,ORD_102343,1,289,CUST_0289,31,PROD_0031,Sportswear Pro-Series 1,Apparel & Fashion,20260324,2026-03-24,2026-03-24 11:00:00,3,APAC,Premium,4,610.97,366.58,2443.88,2077.3,Debit Card
2344,ORD_102344,1,107,CUST_0107,18,PROD_0018,Air Fryers Pro-Series 3,Home & Kitchen,20250307,2025-03-07,2025-03-07 13:00:00,2,EMEA,Premium,1,497.95,24.9,497.95,473.05,Apple Pay
2345,ORD_102345,1,12,CUST_0012,35,PROD_0035,Watches Pro-Series 2,Apparel & Fashion,20251020,2025-10-20,2025-10-20 11:00:00,1,North America,VIP,5,495.6,247.8,2478.0,2230.2,Apple Pay
2346,ORD_102346,1,418,CUST_0418,22,PROD_0022,Robotic Vacuums Pro-Series 1,Home & Kitchen,20260605,2026-06-05,2026-06-05 02:00:00,2,EMEA,Standard,4,573.0,114.6,2292.0,2177.4,Apple Pay
2347,ORD_102347,1,196,CUST_0196,26,PROD_0026,Men's Jackets Pro-Series 2,Apparel & Fashion,20260116,2026-01-16,2026-01-16 18:00:00,3,APAC,Standard,4,387.88,77.58,1551.52,1473.94,Credit Card
2348,ORD_102348,1,233,CUST_0233,18,PROD_0018,Air Fryers Pro-Series 3,Home & Kitchen,20250903,2025-09-03,2025-09-03 00:00:00,2,EMEA,Standard,2,497.95,99.59,995.9,896.31,Credit Card
2349,ORD_102349,1,198,CUST_0198,8,PROD_0008,Audio Headphones Pro-Series 2,Consumer Electronics,20250930,2025-09-30,2025-09-30 05:00:00,3,APAC,VIP,1,596.84,59.68,596.84,537.16,PayPal
2350,ORD_102350,1,482,CUST_0482,27,PROD_0027,Men's Jackets Pro-Series 3,Apparel & Fashion,20250911,2025-09-11,2025-09-11 05:00:00,1,North America,Standard,3,452.99,135.9,1358.97,1223.07,Apple Pay
2351,ORD_102351,1,415,CUST_0415,4,PROD_0004,Laptops Pro-Series 1,Consumer Electronics,20250807,2025-08-07,2025-08-07 22:00:00,4,LATAM,Premium,5,328.32,246.24,1641.6,1395.36,PayPal
2352,ORD_102352,1,54,CUST_0054,44,PROD_0044,Audiobooks Pro-Series 2,Books & Media,20260414,2026-04-14,2026-04-14 07:00:00,1,North America,Standard,1,86.85,0.0,86.85,86.85,Debit Card
2353,ORD_102353,1,471,CUST_0471,11,PROD_0011,Smartwatches Pro-Series 2,Consumer Electronics,20260628,2026-06-28,2026-06-28 11:00:00,2,EMEA,Standard,1,627.26,0.0,627.26,627.26,Apple Pay
2354,ORD_102354,1,48,CUST_0048,36,PROD_0036,Watches Pro-Series 3,Apparel & Fashion,20260717,2026-07-17,2026-07-17 14:00:00,3,APAC,Standard,3,387.69,58.15,1163.07,1104.92,PayPal
2355,ORD_102355,1,144,CUST_0144,12,PROD_0012,Smartwatches Pro-Series 3,Consumer Electronics,20260107,2026-01-07,2026-01-07 21:00:00,4,LATAM,Premium,5,414.15,310.61,2070.75,1760.14,Apple Pay
2356,ORD_102356,1,334,CUST_0334,44,PROD_0044,Audiobooks Pro-Series 2,Books & Media,20251001,2025-10-01,2025-10-01 21:00:00,4,LATAM,VIP,1,86.85,0.0,86.85,86.85,Debit Card
2357,ORD_102357,1,495,CUST_0495,11,PROD_0011,Smartwatches Pro-Series 2,Consumer Electronics,20250718,2025-07-18,2025-07-18 20:00:00,1,North America,Standard,5,627.26,470.44,3136.3,2665.86,Apple Pay
2358,ORD_102358,1,464,CUST_0464,29,PROD_0029,Women's Sneakers Pro-Series 2,Apparel & Fashion,20250601,2025-06-01,2025-06-01 07:00:00,4,LATAM,Standard,4,420.39,84.08,1681.56,1597.48,Debit Card
2359,ORD_102359,1,166,CUST_0166,27,PROD_0027,Men's Jackets Pro-Series 3,Apparel & Fashion,20260214,2026-02-14,2026-02-14 21:00:00,2,EMEA,Standard,2,452.99,135.9,905.98,770.08,Credit Card
2360,ORD_102360,1,467,CUST_0467,4,PROD_0004,Laptops Pro-Series 1,Consumer Electronics,20250425,2025-04-25,2025-04-25 08:00:00,1,North America,Premium,3,328.32,49.25,984.96,935.71,Debit Card
2361,ORD_102361,1,13,CUST_0013,24,PROD_0024,Robotic Vacuums Pro-Series 3,Home & Kitchen,20260704,2026-07-04,2026-07-04 02:00:00,3,APAC,Standard,5,106.82,0.0,534.1,534.1,Credit Card
2362,ORD_102362,1,248,CUST_0248,44,PROD_0044,Audiobooks Pro-Series 2,Books & Media,20250126,2025-01-26,2025-01-26 04:00:00,2,EMEA,Standard,2,86.85,0.0,173.7,173.7,Apple Pay
2363,ORD_102363,1,238,CUST_0238,43,PROD_0043,Audiobooks Pro-Series 1,Books & Media,20250710,2025-07-10,2025-07-10 10:00:00,2,EMEA,Standard,1,262.83,39.42,262.83,223.41,Credit Card
2364,ORD_102364,1,496,CUST_0496,37,PROD_0037,Hardcover Novels Pro-Series 1,Books & Media,20251105,2025-11-05,2025-11-05 07:00:00,1,North America,Standard,2,271.24,81.37,542.48,461.11,Credit Card
2365,ORD_102365,1,466,CUST_0466,3,PROD_0003,Smartphones Pro-Series 3,Consumer Electronics,20260522,2026-05-22,2026-05-22 05:00:00,2,EMEA,Premium,1,194.64,9.73,194.64,184.91,Debit Card
2366,ORD_102366,1,364,CUST_0364,10,PROD_0010,Smartwatches Pro-Series 1,Consumer Electronics,20251221,2025-12-21,2025-12-21 11:00:00,4,LATAM,VIP,2,238.77,0.0,477.54,477.54,PayPal
2367,ORD_102367,1,324,CUST_0324,32,PROD_0032,Sportswear Pro-Series 2,Apparel & Fashion,20260813,2026-08-13,2026-08-13 23:00:00,2,EMEA,VIP,3,106.55,15.98,319.65,303.67,Apple Pay
2368,ORD_102368,1,350,CUST_0350,14,PROD_0014,Coffee Makers Pro-Series 2,Home & Kitchen,20251227,2025-12-27,2025-12-27 21:00:00,2,EMEA,Standard,2,94.28,9.43,188.56,179.13,PayPal
2369,ORD_102369,1,359,CUST_0359,40,PROD_0040,Tech Guides Pro-Series 1,Books & Media,20260330,2026-03-30,2026-03-30 07:00:00,2,EMEA,Standard,5,507.6,126.9,2538.0,2411.1,Credit Card
2370,ORD_102370,1,437,CUST_0437,31,PROD_0031,Sportswear Pro-Series 1,Apparel & Fashion,20251022,2025-10-22,2025-10-22 11:00:00,2,EMEA,Premium,3,610.97,91.65,1832.91,1741.26,PayPal
2371,ORD_102371,1,219,CUST_0219,6,PROD_0006,Laptops Pro-Series 3,Consumer Electronics,20250821,2025-08-21,2025-08-21 13:00:00,3,APAC,Standard,1,304.52,45.68,304.52,258.84,Debit Card
2372,ORD_102372,1,283,CUST_0283,30,PROD_0030,Women's Sneakers Pro-Series 3,Apparel & Fashion,20250404,2025-04-04,2025-04-04 01:00:00,1,North America,Standard,5,378.05,94.51,1890.25,1795.74,Debit Card
2373,ORD_102373,1,392,CUST_0392,33,PROD_0033,Sportswear Pro-Series 3,Apparel & Fashion,20260525,2026-05-25,2026-05-25 03:00:00,2,EMEA,Premium,2,230.01,69.0,460.02,391.02,Credit Card
2374,ORD_102374,1,252,CUST_0252,8,PROD_0008,Audio Headphones Pro-Series 2,Consumer Electronics,20250412,2025-04-12,2025-04-12 00:00:00,2,EMEA,Standard,4,596.84,0.0,2387.36,2387.36,Apple Pay
2375,ORD_102375,1,458,CUST_0458,36,PROD_0036,Watches Pro-Series 3,Apparel & Fashion,20260721,2026-07-21,2026-07-21 07:00:00,2,EMEA,Standard,1,387.69,58.15,387.69,329.54,Debit Card
2376,ORD_102376,1,441,CUST_0441,17,PROD_0017,Air Fryers Pro-Series 2,Home & Kitchen,20250926,2025-09-26,2025-09-26 17:00:00,4,LATAM,Standard,4,438.78,87.76,1755.12,1667.36,Apple Pay
2377,ORD_102377,1,68,CUST_0068,10,PROD_0010,Smartwatches Pro-Series 1,Consumer Electronics,20260330,2026-03-30,2026-03-30 08:00:00,2,EMEA,Standard,2,238.77,23.88,477.54,453.66,PayPal
2378,ORD_102378,1,261,CUST_0261,2,PROD_0002,Smartphones Pro-Series 2,Consumer Electronics,20250615,2025-06-15,2025-06-15 22:00:00,1,North America,VIP,5,484.7,242.35,2423.5,2181.15,Apple Pay
2379,ORD_102379,1,287,CUST_0287,43,PROD_0043,Audiobooks Pro-Series 1,Books & Media,20250607,2025-06-07,2025-06-07 11:00:00,2,EMEA,Standard,2,262.83,26.28,525.66,499.38,Apple Pay
2380,ORD_102380,1,194,CUST_0194,12,PROD_0012,Smartwatches Pro-Series 3,Consumer Electronics,20260219,2026-02-19,2026-02-19 01:00:00,3,APAC,Premium,2,414.15,82.83,828.3,745.47,Credit Card
2381,ORD_102381,1,427,CUST_0427,41,PROD_0041,Tech Guides Pro-Series 2,Books & Media,20260203,2026-02-03,2026-02-03 07:00:00,4,LATAM,Standard,2,539.9,0.0,1079.8,1079.8,Credit Card
2382,ORD_102382,1,140,CUST_0140,26,PROD_0026,Men's Jackets Pro-Series 2,Apparel & Fashion,20260629,2026-06-29,2026-06-29 01:00:00,4,LATAM,Standard,3,387.88,0.0,1163.64,1163.64,PayPal
2383,ORD_102383,1,343,CUST_0343,21,PROD_0021,Blenders Pro-Series 3,Home & Kitchen,20250107,2025-01-07,2025-01-07 15:00:00,2,EMEA,Standard,5,137.29,68.64,686.45,617.81,Credit Card
2384,ORD_102384,1,77,CUST_0077,1,PROD_0001,Smartphones Pro-Series 1,Consumer Electronics,20260730,2026-07-30,2026-07-30 10:00:00,1,North America,Standard,2,247.49,74.25,494.98,420.73,PayPal
2385,ORD_102385,1,30,CUST_0030,33,PROD_0033,Sportswear Pro-Series 3,Apparel & Fashion,20260215,2026-02-15,2026-02-15 21:00:00,3,APAC,VIP,4,230.01,46.0,920.04,874.04,Debit Card
2386,ORD_102386,1,33,CUST_0033,21,PROD_0021,Blenders Pro-Series 3,Home & Kitchen,20260110,2026-01-10,2026-01-10 12:00:00,3,APAC,Premium,4,137.29,0.0,549.16,549.16,Apple Pay
2387,ORD_102387,1,292,CUST_0292,5,PROD_0005,Laptops Pro-Series 2,Consumer Electronics,20251123,2025-11-23,2025-11-23 08:00:00,2,EMEA,Standard,1,144.32,14.43,144.32,129.89,Credit Card
2388,ORD_102388,1,138,CUST_0138,5,PROD_0005,Laptops Pro-Series 2,Consumer Electronics,20260315,2026-03-15,2026-03-15 23:00:00,1,North America,Premium,5,144.32,72.16,721.6,649.44,Apple Pay
2389,ORD_102389,1,9,CUST_0009,37,PROD_0037,Hardcover Novels Pro-Series 1,Books & Media,20260315,2026-03-15,2026-03-15 08:00:00,1,North America,Premium,5,271.24,203.43,1356.2,1152.77,PayPal
2390,ORD_102390,1,281,CUST_0281,32,PROD_0032,Sportswear Pro-Series 2,Apparel & Fashion,20251125,2025-11-25,2025-11-25 14:00:00,3,APAC,Standard,2,106.55,0.0,213.1,213.1,Debit Card
2391,ORD_102391,1,10,CUST_0010,17,PROD_0017,Air Fryers Pro-Series 2,Home & Kitchen,20250101,2025-01-01,2025-01-01 04:00:00,2,EMEA,Standard,4,438.78,87.76,1755.12,1667.36,Credit Card
2392,ORD_102392,1,444,CUST_0444,42,PROD_0042,Tech Guides Pro-Series 3,Books & Media,20250314,2025-03-14,2025-03-14 19:00:00,4,LATAM,Standard,1,201.79,10.09,201.79,191.7,Credit Card
2393,ORD_102393,1,38,CUST_0038,13,PROD_0013,Coffee Makers Pro-Series 1,Home & Kitchen,20250603,2025-06-03,2025-06-03 09:00:00,2,EMEA,Standard,4,177.25,106.35,709.0,602.65,Debit Card
2394,ORD_102394,1,332,CUST_0332,30,PROD_0030,Women's Sneakers Pro-Series 3,Apparel & Fashion,20260629,2026-06-29,2026-06-29 18:00:00,4,LATAM,Standard,1,378.05,56.71,378.05,321.34,PayPal
2395,ORD_102395,1,219,CUST_0219,32,PROD_0032,Sportswear Pro-Series 2,Apparel & Fashion,20250317,2025-03-17,2025-03-17 05:00:00,4,LATAM,Standard,2,106.55,0.0,213.1,213.1,PayPal
2396,ORD_102396,1,334,CUST_0334,25,PROD_0025,Men's Jackets Pro-Series 1,Apparel & Fashion,20250516,2025-05-16,2025-05-16 14:00:00,1,North America,VIP,4,381.42,152.57,1525.68,1373.11,Debit Card
2397,ORD_102397,1,181,CUST_0181,16,PROD_0016,Air Fryers Pro-Series 1,Home & Kitchen,20260712,2026-07-12,2026-07-12 13:00:00,2,EMEA,Premium,5,403.75,201.88,2018.75,1816.87,PayPal
2398,ORD_102398,1,47,CUST_0047,41,PROD_0041,Tech Guides Pro-Series 2,Books & Media,20250429,2025-04-29,2025-04-29 19:00:00,4,LATAM,Standard,3,539.9,161.97,1619.7,1457.73,PayPal
2399,ORD_102399,1,345,CUST_0345,38,PROD_0038,Hardcover Novels Pro-Series 2,Books & Media,20250201,2025-02-01,2025-02-01 16:00:00,3,APAC,Standard,2,157.75,15.78,315.5,299.72,Credit Card
2400,ORD_102400,1,82,CUST_0082,8,PROD_0008,Audio Headphones Pro-Series 2,Consumer Electronics,20250529,2025-05-29,2025-05-29 01:00:00,1,North America,Standard,3,596.84,0.0,1790.52,1790.52,Apple Pay
2401,ORD_102401,1,140,CUST_0140,19,PROD_0019,Blenders Pro-Series 1,Home & Kitchen,20260513,2026-05-13,2026-05-13 12:00:00,4,LATAM,Standard,3,523.93,235.77,1571.79,1336.02,Credit Card
2402,ORD_102402,1,72,CUST_0072,27,PROD_0027,Men's Jackets Pro-Series 3,Apparel & Fashion,20250221,2025-02-21,2025-02-21 00:00:00,4,LATAM,Premium,4,452.99,181.2,1811.96,1630.76,Apple Pay
2403,ORD_102403,1,391,CUST_0391,28,PROD_0028,Women's Sneakers Pro-Series 1,Apparel & Fashion,20260712,2026-07-12,2026-07-12 21:00:00,4,LATAM,Standard,4,301.74,120.7,1206.96,1086.26,Debit Card
2404,ORD_102404,1,454,CUST_0454,6,PROD_0006,Laptops Pro-Series 3,Consumer Electronics,20260406,2026-04-06,2026-04-06 09:00:00,4,LATAM,Standard,2,304.52,91.36,609.04,517.68,Apple Pay
2405,ORD_102405,1,18,CUST_0018,17,PROD_0017,Air Fryers Pro-Series 2,Home & Kitchen,20260313,2026-03-13,2026-03-13 22:00:00,3,APAC,Standard,1,438.78,0.0,438.78,438.78,Debit Card
2406,ORD_102406,1,162,CUST_0162,45,PROD_0045,Audiobooks Pro-Series 3,Books & Media,20250908,2025-09-08,2025-09-08 11:00:00,2,EMEA,Premium,4,512.51,102.5,2050.04,1947.54,Credit Card
2407,ORD_102407,1,290,CUST_0290,28,PROD_0028,Women's Sneakers Pro-Series 1,Apparel & Fashion,20260131,2026-01-31,2026-01-31 08:00:00,2,EMEA,Standard,4,301.74,181.04,1206.96,1025.92,Credit Card
2408,ORD_102408,1,290,CUST_0290,42,PROD_0042,Tech Guides Pro-Series 3,Books & Media,20250423,2025-04-23,2025-04-23 20:00:00,3,APAC,Standard,2,201.79,60.54,403.58,343.04,PayPal
2409,ORD_102409,1,26,CUST_0026,45,PROD_0045,Audiobooks Pro-Series 3,Books & Media,20251125,2025-11-25,2025-11-25 06:00:00,3,APAC,Premium,5,512.51,384.38,2562.55,2178.17,Credit Card
2410,ORD_102410,1,180,CUST_0180,8,PROD_0008,Audio Headphones Pro-Series 2,Consumer Electronics,20250703,2025-07-03,2025-07-03 11:00:00,2,EMEA,Standard,5,596.84,149.21,2984.2,2834.99,Debit Card
2411,ORD_102411,1,106,CUST_0106,28,PROD_0028,Women's Sneakers Pro-Series 1,Apparel & Fashion,20260228,2026-02-28,2026-02-28 21:00:00,3,APAC,Standard,2,301.74,0.0,603.48,603.48,Apple Pay
2412,ORD_102412,1,318,CUST_0318,36,PROD_0036,Watches Pro-Series 3,Apparel & Fashion,20251024,2025-10-24,2025-10-24 16:00:00,3,APAC,Standard,5,387.69,290.77,1938.45,1647.68,Apple Pay
2413,ORD_102413,1,337,CUST_0337,28,PROD_0028,Women's Sneakers Pro-Series 1,Apparel & Fashion,20251016,2025-10-16,2025-10-16 13:00:00,2,EMEA,Premium,3,301.74,90.52,905.22,814.7,Apple Pay
2414,ORD_102414,1,114,CUST_0114,20,PROD_0020,Blenders Pro-Series 2,Home & Kitchen,20251027,2025-10-27,2025-10-27 23:00:00,3,APAC,Premium,1,80.82,8.08,80.82,72.74,Credit Card
2415,ORD_102415,1,476,CUST_0476,39,PROD_0039,Hardcover Novels Pro-Series 3,Books & Media,20260210,2026-02-10,2026-02-10 18:00:00,2,EMEA,Premium,5,217.64,54.41,1088.2,1033.79,Apple Pay
2416,ORD_102416,1,231,CUST_0231,19,PROD_0019,Blenders Pro-Series 1,Home & Kitchen,20251010,2025-10-10,2025-10-10 18:00:00,2,EMEA,Premium,5,523.93,261.96,2619.65,2357.69,Debit Card
2417,ORD_102417,1,270,CUST_0270,44,PROD_0044,Audiobooks Pro-Series 2,Books & Media,20250928,2025-09-28,2025-09-28 00:00:00,2,EMEA,Standard,2,86.85,8.69,173.7,165.01,Credit Card
2418,ORD_102418,1,216,CUST_0216,9,PROD_0009,Audio Headphones Pro-Series 3,Consumer Electronics,20251203,2025-12-03,2025-12-03 16:00:00,4,LATAM,Standard,2,512.06,102.41,1024.12,921.71,Credit Card
2419,ORD_102419,1,54,CUST_0054,1,PROD_0001,Smartphones Pro-Series 1,Consumer Electronics,20250913,2025-09-13,2025-09-13 05:00:00,4,LATAM,Standard,2,247.49,0.0,494.98,494.98,PayPal
2420,ORD_102420,1,390,CUST_0390,3,PROD_0003,Smartphones Pro-Series 3,Consumer Electronics,20250428,2025-04-28,2025-04-28 15:00:00,4,LATAM,Premium,3,194.64,58.39,583.92,525.53,Apple Pay
2421,ORD_102421,1,323,CUST_0323,27,PROD_0027,Men's Jackets Pro-Series 3,Apparel & Fashion,20250717,2025-07-17,2025-07-17 09:00:00,3,APAC,Standard,3,452.99,203.85,1358.97,1155.12,PayPal
2422,ORD_102422,1,126,CUST_0126,1,PROD_0001,Smartphones Pro-Series 1,Consumer Electronics,20250509,2025-05-09,2025-05-09 01:00:00,1,North America,Standard,3,247.49,74.25,742.47,668.22,Debit Card
2423,ORD_102423,1,476,CUST_0476,5,PROD_0005,Laptops Pro-Series 2,Consumer Electronics,20251108,2025-11-08,2025-11-08 12:00:00,2,EMEA,Premium,5,144.32,36.08,721.6,685.52,Credit Card
2424,ORD_102424,1,460,CUST_0460,23,PROD_0023,Robotic Vacuums Pro-Series 2,Home & Kitchen,20250129,2025-01-29,2025-01-29 04:00:00,1,North America,Standard,2,80.72,0.0,161.44,161.44,PayPal
2425,ORD_102425,1,440,CUST_0440,26,PROD_0026,Men's Jackets Pro-Series 2,Apparel & Fashion,20260418,2026-04-18,2026-04-18 10:00:00,3,APAC,Standard,5,387.88,290.91,1939.4,1648.49,PayPal
2426,ORD_102426,1,173,CUST_0173,41,PROD_0041,Tech Guides Pro-Series 2,Books & Media,20251205,2025-12-05,2025-12-05 18:00:00,4,LATAM,Premium,1,539.9,80.98,539.9,458.92,Credit Card
2427,ORD_102427,1,112,CUST_0112,5,PROD_0005,Laptops Pro-Series 2,Consumer Electronics,20260811,2026-08-11,2026-08-11 19:00:00,3,APAC,Standard,3,144.32,43.3,432.96,389.66,PayPal
2428,ORD_102428,1,168,CUST_0168,26,PROD_0026,Men's Jackets Pro-Series 2,Apparel & Fashion,20250923,2025-09-23,2025-09-23 22:00:00,4,LATAM,Standard,2,387.88,0.0,775.76,775.76,Credit Card
2429,ORD_102429,1,282,CUST_0282,24,PROD_0024,Robotic Vacuums Pro-Series 3,Home & Kitchen,20250817,2025-08-17,2025-08-17 17:00:00,1,North America,Standard,2,106.82,21.36,213.64,192.28,PayPal
2430,ORD_102430,1,81,CUST_0081,43,PROD_0043,Audiobooks Pro-Series 1,Books & Media,20250715,2025-07-15,2025-07-15 13:00:00,2,EMEA,Premium,1,262.83,13.14,262.83,249.69,PayPal
2431,ORD_102431,1,150,CUST_0150,12,PROD_0012,Smartwatches Pro-Series 3,Consumer Electronics,20251114,2025-11-14,2025-11-14 14:00:00,3,APAC,VIP,4,414.15,82.83,1656.6,1573.77,Credit Card
2432,ORD_102432,1,119,CUST_0119,43,PROD_0043,Audiobooks Pro-Series 1,Books & Media,20250120,2025-01-20,2025-01-20 09:00:00,4,LATAM,Premium,5,262.83,197.12,1314.15,1117.03,Debit Card
2433,ORD_102433,1,17,CUST_0017,36,PROD_0036,Watches Pro-Series 3,Apparel & Fashion,20260708,2026-07-08,2026-07-08 00:00:00,3,APAC,Premium,2,387.69,77.54,775.38,697.84,Debit Card
2434,ORD_102434,1,79,CUST_0079,42,PROD_0042,Tech Guides Pro-Series 3,Books & Media,20260820,2026-08-20,2026-08-20 01:00:00,1,North America,Premium,4,201.79,121.07,807.16,686.09,Apple Pay
2435,ORD_102435,1,135,CUST_0135,13,PROD_0013,Coffee Makers Pro-Series 1,Home & Kitchen,20250307,2025-03-07,2025-03-07 14:00:00,1,North America,Standard,3,177.25,26.59,531.75,505.16,Apple Pay
2436,ORD_102436,1,117,CUST_0117,35,PROD_0035,Watches Pro-Series 2,Apparel & Fashion,20250301,2025-03-01,2025-03-01 04:00:00,3,APAC,Standard,1,495.6,24.78,495.6,470.82,PayPal
2437,ORD_102437,1,484,CUST_0484,18,PROD_0018,Air Fryers Pro-Series 3,Home & Kitchen,20260727,2026-07-27,2026-07-27 19:00:00,4,LATAM,Standard,4,497.95,199.18,1991.8,1792.62,PayPal
2438,ORD_102438,1,374,CUST_0374,11,PROD_0011,Smartwatches Pro-Series 2,Consumer Electronics,20260405,2026-04-05,2026-04-05 10:00:00,2,EMEA,Premium,2,627.26,62.73,1254.52,1191.79,PayPal
2439,ORD_102439,1,70,CUST_0070,2,PROD_0002,Smartphones Pro-Series 2,Consumer Electronics,20250828,2025-08-28,2025-08-28 00:00:00,2,EMEA,Standard,3,484.7,218.11,1454.1,1235.99,Credit Card
2440,ORD_102440,1,450,CUST_0450,1,PROD_0001,Smartphones Pro-Series 1,Consumer Electronics,20250809,2025-08-09,2025-08-09 06:00:00,2,EMEA,Premium,1,247.49,12.37,247.49,235.12,PayPal
2441,ORD_102441,1,240,CUST_0240,29,PROD_0029,Women's Sneakers Pro-Series 2,Apparel & Fashion,20250917,2025-09-17,2025-09-17 13:00:00,1,North America,Standard,1,420.39,63.06,420.39,357.33,Debit Card
2442,ORD_102442,1,225,CUST_0225,28,PROD_0028,Women's Sneakers Pro-Series 1,Apparel & Fashion,20260109,2026-01-09,2026-01-09 00:00:00,2,EMEA,Premium,4,301.74,120.7,1206.96,1086.26,Apple Pay
2443,ORD_102443,1,30,CUST_0030,12,PROD_0012,Smartwatches Pro-Series 3,Consumer Electronics,20250913,2025-09-13,2025-09-13 23:00:00,3,APAC,VIP,3,414.15,62.12,1242.45,1180.33,Credit Card
2444,ORD_102444,1,467,CUST_0467,15,PROD_0015,Coffee Makers Pro-Series 3,Home & Kitchen,20250322,2025-03-22,2025-03-22 05:00:00,3,APAC,Premium,4,397.04,79.41,1588.16,1508.75,PayPal
2445,ORD_102445,1,139,CUST_0139,9,PROD_0009,Audio Headphones Pro-Series 3,Consumer Electronics,20250130,2025-01-30,2025-01-30 06:00:00,1,North America,Standard,2,512.06,102.41,1024.12,921.71,Debit Card
2446,ORD_102446,1,415,CUST_0415,2,PROD_0002,Smartphones Pro-Series 2,Consumer Electronics,20250311,2025-03-11,2025-03-11 18:00:00,1,North America,Premium,4,484.7,96.94,1938.8,1841.86,PayPal
2447,ORD_102447,1,27,CUST_0027,24,PROD_0024,Robotic Vacuums Pro-Series 3,Home & Kitchen,20250516,2025-05-16,2025-05-16 09:00:00,1,North America,Standard,4,106.82,64.09,427.28,363.19,Apple Pay
2448,ORD_102448,1,374,CUST_0374,7,PROD_0007,Audio Headphones Pro-Series 1,Consumer Electronics,20260714,2026-07-14,2026-07-14 14:00:00,4,LATAM,Premium,4,136.35,54.54,545.4,490.86,Apple Pay
2449,ORD_102449,1,319,CUST_0319,39,PROD_0039,Hardcover Novels Pro-Series 3,Books & Media,20260228,2026-02-28,2026-02-28 03:00:00,2,EMEA,Standard,3,217.64,0.0,652.92,652.92,Debit Card
2450,ORD_102450,1,278,CUST_0278,15,PROD_0015,Coffee Makers Pro-Series 3,Home & Kitchen,20260104,2026-01-04,2026-01-04 20:00:00,4,LATAM,Standard,2,397.04,119.11,794.08,674.97,PayPal
2451,ORD_102451,1,447,CUST_0447,5,PROD_0005,Laptops Pro-Series 2,Consumer Electronics,20251214,2025-12-14,2025-12-14 16:00:00,2,EMEA,Standard,2,144.32,28.86,288.64,259.78,Credit Card
2452,ORD_102452,1,176,CUST_0176,25,PROD_0025,Men's Jackets Pro-Series 1,Apparel & Fashion,20260822,2026-08-22,2026-08-22 22:00:00,4,LATAM,Standard,5,381.42,190.71,1907.1,1716.39,Apple Pay
2453,ORD_102453,1,379,CUST_0379,10,PROD_0010,Smartwatches Pro-Series 1,Consumer Electronics,20260604,2026-06-04,2026-06-04 23:00:00,2,EMEA,Standard,4,238.77,47.75,955.08,907.33,PayPal
2454,ORD_102454,1,394,CUST_0394,5,PROD_0005,Laptops Pro-Series 2,Consumer Electronics,20260408,2026-04-08,2026-04-08 18:00:00,2,EMEA,Premium,1,144.32,7.22,144.32,137.1,Credit Card
2455,ORD_102455,1,62,CUST_0062,34,PROD_0034,Watches Pro-Series 1,Apparel & Fashion,20250330,2025-03-30,2025-03-30 01:00:00,4,LATAM,Standard,5,277.89,0.0,1389.45,1389.45,PayPal
2456,ORD_102456,1,284,CUST_0284,27,PROD_0027,Men's Jackets Pro-Series 3,Apparel & Fashion,20251221,2025-12-21,2025-12-21 22:00:00,1,North America,Standard,1,452.99,67.95,452.99,385.04,Credit Card
2457,ORD_102457,1,356,CUST_0356,3,PROD_0003,Smartphones Pro-Series 3,Consumer Electronics,20260512,2026-05-12,2026-05-12 09:00:00,2,EMEA,Premium,5,194.64,48.66,973.2,924.54,Apple Pay
2458,ORD_102458,1,498,CUST_0498,40,PROD_0040,Tech Guides Pro-Series 1,Books & Media,20250417,2025-04-17,2025-04-17 18:00:00,3,APAC,Standard,3,507.6,76.14,1522.8,1446.66,Apple Pay
2459,ORD_102459,1,53,CUST_0053,12,PROD_0012,Smartwatches Pro-Series 3,Consumer Electronics,20250423,2025-04-23,2025-04-23 15:00:00,2,EMEA,Standard,2,414.15,124.24,828.3,704.06,Debit Card
2460,ORD_102460,1,113,CUST_0113,36,PROD_0036,Watches Pro-Series 3,Apparel & Fashion,20250918,2025-09-18,2025-09-18 07:00:00,4,LATAM,Standard,2,387.69,38.77,775.38,736.61,Credit Card
2461,ORD_102461,1,77,CUST_0077,10,PROD_0010,Smartwatches Pro-Series 1,Consumer Electronics,20260105,2026-01-05,2026-01-05 09:00:00,1,North America,Standard,4,238.77,47.75,955.08,907.33,Debit Card
2462,ORD_102462,1,416,CUST_0416,17,PROD_0017,Air Fryers Pro-Series 2,Home & Kitchen,20251125,2025-11-25,2025-11-25 21:00:00,4,LATAM,VIP,2,438.78,43.88,877.56,833.68,Credit Card
2463,ORD_102463,1,104,CUST_0104,19,PROD_0019,Blenders Pro-Series 1,Home & Kitchen,20260707,2026-07-07,2026-07-07 06:00:00,3,APAC,VIP,3,523.93,235.77,1571.79,1336.02,Credit Card
2464,ORD_102464,1,431,CUST_0431,34,PROD_0034,Watches Pro-Series 1,Apparel & Fashion,20251109,2025-11-09,2025-11-09 16:00:00,4,LATAM,Standard,5,277.89,138.94,1389.45,1250.51,Credit Card
2465,ORD_102465,1,11,CUST_0011,11,PROD_0011,Smartwatches Pro-Series 2,Consumer Electronics,20251005,2025-10-05,2025-10-05 14:00:00,1,North America,Standard,3,627.26,282.27,1881.78,1599.51,Apple Pay
2466,ORD_102466,1,393,CUST_0393,21,PROD_0021,Blenders Pro-Series 3,Home & Kitchen,20250315,2025-03-15,2025-03-15 19:00:00,2,EMEA,VIP,4,137.29,82.37,549.16,466.79,Apple Pay
2467,ORD_102467,1,219,CUST_0219,41,PROD_0041,Tech Guides Pro-Series 2,Books & Media,20250706,2025-07-06,2025-07-06 12:00:00,2,EMEA,Standard,2,539.9,107.98,1079.8,971.82,Debit Card
2468,ORD_102468,1,95,CUST_0095,29,PROD_0029,Women's Sneakers Pro-Series 2,Apparel & Fashion,20250827,2025-08-27,2025-08-27 08:00:00,4,LATAM,Premium,4,420.39,168.16,1681.56,1513.4,PayPal
2469,ORD_102469,1,291,CUST_0291,10,PROD_0010,Smartwatches Pro-Series 1,Consumer Electronics,20250613,2025-06-13,2025-06-13 11:00:00,1,North America,Premium,4,238.77,0.0,955.08,955.08,Debit Card
2470,ORD_102470,1,43,CUST_0043,10,PROD_0010,Smartwatches Pro-Series 1,Consumer Electronics,20251224,2025-12-24,2025-12-24 17:00:00,2,EMEA,Premium,1,238.77,23.88,238.77,214.89,PayPal
2471,ORD_102471,1,147,CUST_0147,8,PROD_0008,Audio Headphones Pro-Series 2,Consumer Electronics,20250604,2025-06-04,2025-06-04 18:00:00,1,North America,Standard,3,596.84,268.58,1790.52,1521.94,PayPal
2472,ORD_102472,1,303,CUST_0303,21,PROD_0021,Blenders Pro-Series 3,Home & Kitchen,20250213,2025-02-13,2025-02-13 04:00:00,3,APAC,Standard,5,137.29,102.97,686.45,583.48,PayPal
2473,ORD_102473,1,238,CUST_0238,43,PROD_0043,Audiobooks Pro-Series 1,Books & Media,20260323,2026-03-23,2026-03-23 07:00:00,2,EMEA,Standard,4,262.83,52.57,1051.32,998.75,Apple Pay
2474,ORD_102474,1,221,CUST_0221,25,PROD_0025,Men's Jackets Pro-Series 1,Apparel & Fashion,20250704,2025-07-04,2025-07-04 01:00:00,1,North America,Standard,3,381.42,114.43,1144.26,1029.83,Credit Card
2475,ORD_102475,1,50,CUST_0050,13,PROD_0013,Coffee Makers Pro-Series 1,Home & Kitchen,20260719,2026-07-19,2026-07-19 10:00:00,2,EMEA,VIP,1,177.25,8.86,177.25,168.39,Credit Card
2476,ORD_102476,1,294,CUST_0294,35,PROD_0035,Watches Pro-Series 2,Apparel & Fashion,20250214,2025-02-14,2025-02-14 08:00:00,2,EMEA,Standard,2,495.6,0.0,991.2,991.2,Credit Card
2477,ORD_102477,1,49,CUST_0049,12,PROD_0012,Smartwatches Pro-Series 3,Consumer Electronics,20250701,2025-07-01,2025-07-01 04:00:00,1,North America,Standard,3,414.15,124.24,1242.45,1118.21,Credit Card
2478,ORD_102478,1,79,CUST_0079,28,PROD_0028,Women's Sneakers Pro-Series 1,Apparel & Fashion,20260117,2026-01-17,2026-01-17 17:00:00,4,LATAM,Premium,5,301.74,226.31,1508.7,1282.39,Debit Card
2479,ORD_102479,1,54,CUST_0054,38,PROD_0038,Hardcover Novels Pro-Series 2,Books & Media,20251102,2025-11-02,2025-11-02 00:00:00,1,North America,Standard,5,157.75,78.88,788.75,709.87,Apple Pay
2480,ORD_102480,1,30,CUST_0030,25,PROD_0025,Men's Jackets Pro-Series 1,Apparel & Fashion,20260724,2026-07-24,2026-07-24 17:00:00,3,APAC,VIP,3,381.42,57.21,1144.26,1087.05,Credit Card
2481,ORD_102481,1,91,CUST_0091,37,PROD_0037,Hardcover Novels Pro-Series 1,Books & Media,20250213,2025-02-13,2025-02-13 12:00:00,4,LATAM,Standard,4,271.24,162.74,1084.96,922.22,PayPal
2482,ORD_102482,1,168,CUST_0168,25,PROD_0025,Men's Jackets Pro-Series 1,Apparel & Fashion,20251118,2025-11-18,2025-11-18 16:00:00,4,LATAM,Standard,3,381.42,171.64,1144.26,972.62,Apple Pay
2483,ORD_102483,1,223,CUST_0223,9,PROD_0009,Audio Headphones Pro-Series 3,Consumer Electronics,20250502,2025-05-02,2025-05-02 19:00:00,2,EMEA,Standard,3,512.06,76.81,1536.18,1459.37,Credit Card
2484,ORD_102484,1,477,CUST_0477,28,PROD_0028,Women's Sneakers Pro-Series 1,Apparel & Fashion,20250525,2025-05-25,2025-05-25 22:00:00,2,EMEA,VIP,2,301.74,0.0,603.48,603.48,PayPal
2485,ORD_102485,1,157,CUST_0157,45,PROD_0045,Audiobooks Pro-Series 3,Books & Media,20250707,2025-07-07,2025-07-07 00:00:00,1,North America,Premium,1,512.51,51.25,512.51,461.26,PayPal
2486,ORD_102486,1,112,CUST_0112,8,PROD_0008,Audio Headphones Pro-Series 2,Consumer Electronics,20250917,2025-09-17,2025-09-17 17:00:00,3,APAC,Standard,4,596.84,0.0,2387.36,2387.36,Credit Card
2487,ORD_102487,1,229,CUST_0229,10,PROD_0010,Smartwatches Pro-Series 1,Consumer Electronics,20260428,2026-04-28,2026-04-28 19:00:00,4,LATAM,Standard,5,238.77,119.39,1193.85,1074.46,Credit Card
2488,ORD_102488,1,358,CUST_0358,13,PROD_0013,Coffee Makers Pro-Series 1,Home & Kitchen,20250614,2025-06-14,2025-06-14 16:00:00,1,North America,Standard,5,177.25,0.0,886.25,886.25,Credit Card
2489,ORD_102489,1,217,CUST_0217,27,PROD_0027,Men's Jackets Pro-Series 3,Apparel & Fashion,20250813,2025-08-13,2025-08-13 13:00:00,1,North America,Premium,2,452.99,0.0,905.98,905.98,Credit Card
2490,ORD_102490,1,480,CUST_0480,13,PROD_0013,Coffee Makers Pro-Series 1,Home & Kitchen,20250106,2025-01-06,2025-01-06 11:00:00,2,EMEA,Standard,5,177.25,88.62,886.25,797.63,PayPal
2491,ORD_102491,1,97,CUST_0097,7,PROD_0007,Audio Headphones Pro-Series 1,Consumer Electronics,20260712,2026-07-12,2026-07-12 12:00:00,1,North America,Premium,3,136.35,0.0,409.05,409.05,Apple Pay
2492,ORD_102492,1,126,CUST_0126,34,PROD_0034,Watches Pro-Series 1,Apparel & Fashion,20250703,2025-07-03,2025-07-03 08:00:00,2,EMEA,Standard,5,277.89,0.0,1389.45,1389.45,Apple Pay
2493,ORD_102493,1,83,CUST_0083,27,PROD_0027,Men's Jackets Pro-Series 3,Apparel & Fashion,20260721,2026-07-21,2026-07-21 22:00:00,2,EMEA,Premium,5,452.99,0.0,2264.95,2264.95,Credit Card
2494,ORD_102494,1,274,CUST_0274,45,PROD_0045,Audiobooks Pro-Series 3,Books & Media,20260407,2026-04-07,2026-04-07 12:00:00,4,LATAM,Standard,2,512.51,153.75,1025.02,871.27,Debit Card
2495,ORD_102495,1,91,CUST_0091,36,PROD_0036,Watches Pro-Series 3,Apparel & Fashion,20250907,2025-09-07,2025-09-07 07:00:00,2,EMEA,Standard,5,387.69,290.77,1938.45,1647.68,PayPal
2496,ORD_102496,1,209,CUST_0209,6,PROD_0006,Laptops Pro-Series 3,Consumer Electronics,20250808,2025-08-08,2025-08-08 15:00:00,3,APAC,Premium,1,304.52,45.68,304.52,258.84,PayPal
2497,ORD_102497,1,54,CUST_0054,16,PROD_0016,Air Fryers Pro-Series 1,Home & Kitchen,20260212,2026-02-12,2026-02-12 14:00:00,4,LATAM,Standard,5,403.75,201.88,2018.75,1816.87,Credit Card
2498,ORD_102498,1,98,CUST_0098,10,PROD_0010,Smartwatches Pro-Series 1,Consumer Electronics,20250101,2025-01-01,2025-01-01 02:00:00,2,EMEA,Standard,2,238.77,23.88,477.54,453.66,PayPal
2499,ORD_102499,1,277,CUST_0277,33,PROD_0033,Sportswear Pro-Series 3,Apparel & Fashion,20250412,2025-04-12,2025-04-12 21:00:00,2,EMEA,Standard,3,230.01,34.5,690.03,655.53,Debit Card
2500,ORD_102500,1,245,CUST_0245,21,PROD_0021,Blenders Pro-Series 3,Home & Kitchen,20250306,2025-03-06,2025-03-06 16:00:00,1,North America,Premium,4,137.29,82.37,549.16,466.79,Debit Card
2501,ORD_102501,1,334,CUST_0334,3,PROD_0003,Smartphones Pro-Series 3,Consumer Electronics,20260130,2026-01-30,2026-01-30 03:00:00,4,LATAM,VIP,3,194.64,29.2,583.92,554.72,Credit Card
2502,ORD_102502,1,52,CUST_0052,42,PROD_0042,Tech Guides Pro-Series 3,Books & Media,20260706,2026-07-06,2026-07-06 16:00:00,3,APAC,Standard,2,201.79,0.0,403.58,403.58,PayPal
2503,ORD_102503,1,228,CUST_0228,27,PROD_0027,Men's Jackets Pro-Series 3,Apparel & Fashion,20260424,2026-04-24,2026-04-24 19:00:00,1,North America,Premium,4,452.99,0.0,1811.96,1811.96,Apple Pay
2504,ORD_102504,1,437,CUST_0437,35,PROD_0035,Watches Pro-Series 2,Apparel & Fashion,20260306,2026-03-06,2026-03-06 18:00:00,2,EMEA,Premium,5,495.6,247.8,2478.0,2230.2,Apple Pay
2505,ORD_102505,1,377,CUST_0377,44,PROD_0044,Audiobooks Pro-Series 2,Books & Media,20260525,2026-05-25,2026-05-25 05:00:00,1,North America,Standard,2,86.85,26.05,173.7,147.65,Debit Card
2506,ORD_102506,1,489,CUST_0489,26,PROD_0026,Men's Jackets Pro-Series 2,Apparel & Fashion,20260113,2026-01-13,2026-01-13 22:00:00,4,LATAM,Standard,2,387.88,77.58,775.76,698.18,Credit Card
2507,ORD_102507,1,230,CUST_0230,14,PROD_0014,Coffee Makers Pro-Series 2,Home & Kitchen,20250522,2025-05-22,2025-05-22 10:00:00,3,APAC,Premium,5,94.28,23.57,471.4,447.83,Apple Pay
2508,ORD_102508,1,309,CUST_0309,18,PROD_0018,Air Fryers Pro-Series 3,Home & Kitchen,20251130,2025-11-30,2025-11-30 07:00:00,4,LATAM,Standard,1,497.95,74.69,497.95,423.26,Apple Pay
2509,ORD_102509,1,442,CUST_0442,39,PROD_0039,Hardcover Novels Pro-Series 3,Books & Media,20250520,2025-05-20,2025-05-20 18:00:00,1,North America,Standard,4,217.64,87.06,870.56,783.5,Debit Card
2510,ORD_102510,1,211,CUST_0211,28,PROD_0028,Women's Sneakers Pro-Series 1,Apparel & Fashion,20250527,2025-05-27,2025-05-27 19:00:00,3,APAC,Standard,1,301.74,45.26,301.74,256.48,Debit Card
2511,ORD_102511,1,288,CUST_0288,1,PROD_0001,Smartphones Pro-Series 1,Consumer Electronics,20260512,2026-05-12,2026-05-12 00:00:00,4,LATAM,Standard,3,247.49,111.37,742.47,631.1,Apple Pay
2512,ORD_102512,1,352,CUST_0352,40,PROD_0040,Tech Guides Pro-Series 1,Books & Media,20260727,2026-07-27,2026-07-27 11:00:00,3,APAC,Premium,4,507.6,203.04,2030.4,1827.36,Credit Card
2513,ORD_102513,1,411,CUST_0411,39,PROD_0039,Hardcover Novels Pro-Series 3,Books & Media,20260606,2026-06-06,2026-06-06 06:00:00,3,APAC,Standard,1,217.64,32.65,217.64,184.99,Debit Card
2514,ORD_102514,1,430,CUST_0430,30,PROD_0030,Women's Sneakers Pro-Series 3,Apparel & Fashion,20250906,2025-09-06,2025-09-06 09:00:00,3,APAC,Standard,2,378.05,113.42,756.1,642.68,Credit Card
2515,ORD_102515,1,398,CUST_0398,38,PROD_0038,Hardcover Novels Pro-Series 2,Books & Media,20260125,2026-01-25,2026-01-25 09:00:00,1,North America,Premium,3,157.75,47.33,473.25,425.92,Apple Pay
2516,ORD_102516,1,86,CUST_0086,43,PROD_0043,Audiobooks Pro-Series 1,Books & Media,20250111,2025-01-11,2025-01-11 19:00:00,4,LATAM,Premium,1,262.83,26.28,262.83,236.55,PayPal
2517,ORD_102517,1,84,CUST_0084,26,PROD_0026,Men's Jackets Pro-Series 2,Apparel & Fashion,20250502,2025-05-02,2025-05-02 01:00:00,2,EMEA,Standard,4,387.88,0.0,1551.52,1551.52,Debit Card
2518,ORD_102518,1,284,CUST_0284,39,PROD_0039,Hardcover Novels Pro-Series 3,Books & Media,20260214,2026-02-14,2026-02-14 09:00:00,1,North America,Standard,1,217.64,10.88,217.64,206.76,Apple Pay
2519,ORD_102519,1,184,CUST_0184,34,PROD_0034,Watches Pro-Series 1,Apparel & Fashion,20260702,2026-07-02,2026-07-02 08:00:00,1,North America,Premium,2,277.89,0.0,555.78,555.78,PayPal
2520,ORD_102520,1,248,CUST_0248,20,PROD_0020,Blenders Pro-Series 2,Home & Kitchen,20250212,2025-02-12,2025-02-12 10:00:00,2,EMEA,Standard,5,80.82,60.61,404.1,343.49,Apple Pay
2521,ORD_102521,1,178,CUST_0178,27,PROD_0027,Men's Jackets Pro-Series 3,Apparel & Fashion,20250419,2025-04-19,2025-04-19 17:00:00,2,EMEA,Standard,1,452.99,22.65,452.99,430.34,Debit Card
2522,ORD_102522,1,25,CUST_0025,1,PROD_0001,Smartphones Pro-Series 1,Consumer Electronics,20260115,2026-01-15,2026-01-15 00:00:00,2,EMEA,Standard,1,247.49,24.75,247.49,222.74,Debit Card
2523,ORD_102523,1,304,CUST_0304,39,PROD_0039,Hardcover Novels Pro-Series 3,Books & Media,20260217,2026-02-17,2026-02-17 03:00:00,3,APAC,Standard,2,217.64,0.0,435.28,435.28,Apple Pay
2524,ORD_102524,1,50,CUST_0050,36,PROD_0036,Watches Pro-Series 3,Apparel & Fashion,20260201,2026-02-01,2026-02-01 09:00:00,3,APAC,VIP,5,387.69,96.92,1938.45,1841.53,Debit Card
2525,ORD_102525,1,433,CUST_0433,19,PROD_0019,Blenders Pro-Series 1,Home & Kitchen,20260709,2026-07-09,2026-07-09 21:00:00,4,LATAM,Standard,4,523.93,0.0,2095.72,2095.72,Debit Card
2526,ORD_102526,1,61,CUST_0061,34,PROD_0034,Watches Pro-Series 1,Apparel & Fashion,20250120,2025-01-20,2025-01-20 20:00:00,4,LATAM,VIP,2,277.89,83.37,555.78,472.41,Credit Card
2527,ORD_102527,1,324,CUST_0324,14,PROD_0014,Coffee Makers Pro-Series 2,Home & Kitchen,20250201,2025-02-01,2025-02-01 03:00:00,4,LATAM,VIP,3,94.28,0.0,282.84,282.84,Credit Card
2528,ORD_102528,1,471,CUST_0471,19,PROD_0019,Blenders Pro-Series 1,Home & Kitchen,20250825,2025-08-25,2025-08-25 08:00:00,3,APAC,Standard,3,523.93,78.59,1571.79,1493.2,Credit Card
2529,ORD_102529,1,141,CUST_0141,43,PROD_0043,Audiobooks Pro-Series 1,Books & Media,20260207,2026-02-07,2026-02-07 15:00:00,3,APAC,Standard,4,262.83,157.7,1051.32,893.62,Apple Pay
2530,ORD_102530,1,482,CUST_0482,3,PROD_0003,Smartphones Pro-Series 3,Consumer Electronics,20250618,2025-06-18,2025-06-18 09:00:00,4,LATAM,Standard,2,194.64,19.46,389.28,369.82,Credit Card
2531,ORD_102531,1,313,CUST_0313,39,PROD_0039,Hardcover Novels Pro-Series 3,Books & Media,20251128,2025-11-28,2025-11-28 11:00:00,4,LATAM,Standard,4,217.64,43.53,870.56,827.03,Apple Pay
2532,ORD_102532,1,95,CUST_0095,12,PROD_0012,Smartwatches Pro-Series 3,Consumer Electronics,20260312,2026-03-12,2026-03-12 05:00:00,1,North America,Premium,5,414.15,0.0,2070.75,2070.75,Apple Pay
2533,ORD_102533,1,478,CUST_0478,41,PROD_0041,Tech Guides Pro-Series 2,Books & Media,20250830,2025-08-30,2025-08-30 06:00:00,3,APAC,Premium,4,539.9,0.0,2159.6,2159.6,Apple Pay
2534,ORD_102534,1,246,CUST_0246,25,PROD_0025,Men's Jackets Pro-Series 1,Apparel & Fashion,20260526,2026-05-26,2026-05-26 09:00:00,3,APAC,Premium,5,381.42,190.71,1907.1,1716.39,Apple Pay
2535,ORD_102535,1,115,CUST_0115,39,PROD_0039,Hardcover Novels Pro-Series 3,Books & Media,20260117,2026-01-17,2026-01-17 19:00:00,4,LATAM,Premium,3,217.64,32.65,652.92,620.27,Credit Card
2536,ORD_102536,1,116,CUST_0116,21,PROD_0021,Blenders Pro-Series 3,Home & Kitchen,20250826,2025-08-26,2025-08-26 17:00:00,1,North America,Standard,4,137.29,0.0,549.16,549.16,PayPal
2537,ORD_102537,1,374,CUST_0374,23,PROD_0023,Robotic Vacuums Pro-Series 2,Home & Kitchen,20251022,2025-10-22,2025-10-22 10:00:00,2,EMEA,Premium,1,80.72,4.04,80.72,76.68,Credit Card
2538,ORD_102538,1,128,CUST_0128,26,PROD_0026,Men's Jackets Pro-Series 2,Apparel & Fashion,20250104,2025-01-04,2025-01-04 23:00:00,2,EMEA,Premium,2,387.88,0.0,775.76,775.76,Credit Card
2539,ORD_102539,1,473,CUST_0473,41,PROD_0041,Tech Guides Pro-Series 2,Books & Media,20260429,2026-04-29,2026-04-29 07:00:00,2,EMEA,Standard,4,539.9,323.94,2159.6,1835.66,PayPal
2540,ORD_102540,1,275,CUST_0275,42,PROD_0042,Tech Guides Pro-Series 3,Books & Media,20260312,2026-03-12,2026-03-12 08:00:00,2,EMEA,Standard,5,201.79,100.89,1008.95,908.06,Apple Pay
2541,ORD_102541,1,167,CUST_0167,11,PROD_0011,Smartwatches Pro-Series 2,Consumer Electronics,20251125,2025-11-25,2025-11-25 17:00:00,2,EMEA,Standard,5,627.26,313.63,3136.3,2822.67,PayPal
2542,ORD_102542,1,365,CUST_0365,21,PROD_0021,Blenders Pro-Series 3,Home & Kitchen,20251221,2025-12-21,2025-12-21 04:00:00,1,North America,Standard,4,137.29,0.0,549.16,549.16,Apple Pay
2543,ORD_102543,1,315,CUST_0315,6,PROD_0006,Laptops Pro-Series 3,Consumer Electronics,20260516,2026-05-16,2026-05-16 11:00:00,4,LATAM,Premium,1,304.52,0.0,304.52,304.52,Apple Pay
2544,ORD_102544,1,437,CUST_0437,41,PROD_0041,Tech Guides Pro-Series 2,Books & Media,20250223,2025-02-23,2025-02-23 16:00:00,1,North America,Premium,3,539.9,161.97,1619.7,1457.73,Credit Card
2545,ORD_102545,1,233,CUST_0233,20,PROD_0020,Blenders Pro-Series 2,Home & Kitchen,20250922,2025-09-22,2025-09-22 14:00:00,3,APAC,Standard,4,80.82,16.16,323.28,307.12,Apple Pay
2546,ORD_102546,1,396,CUST_0396,10,PROD_0010,Smartwatches Pro-Series 1,Consumer Electronics,20250808,2025-08-08,2025-08-08 11:00:00,3,APAC,Standard,4,238.77,95.51,955.08,859.57,Credit Card
2547,ORD_102547,1,183,CUST_0183,38,PROD_0038,Hardcover Novels Pro-Series 2,Books & Media,20260418,2026-04-18,2026-04-18 03:00:00,3,APAC,VIP,5,157.75,118.31,788.75,670.44,PayPal
2548,ORD_102548,1,434,CUST_0434,39,PROD_0039,Hardcover Novels Pro-Series 3,Books & Media,20250924,2025-09-24,2025-09-24 09:00:00,2,EMEA,VIP,1,217.64,21.76,217.64,195.88,PayPal
2549,ORD_102549,1,274,CUST_0274,2,PROD_0002,Smartphones Pro-Series 2,Consumer Electronics,20260516,2026-05-16,2026-05-16 16:00:00,2,EMEA,Standard,2,484.7,0.0,969.4,969.4,PayPal
2550,ORD_102550,1,448,CUST_0448,5,PROD_0005,Laptops Pro-Series 2,Consumer Electronics,20260308,2026-03-08,2026-03-08 02:00:00,2,EMEA,Premium,2,144.32,14.43,288.64,274.21,Debit Card
2551,ORD_102551,1,243,CUST_0243,33,PROD_0033,Sportswear Pro-Series 3,Apparel & Fashion,20250208,2025-02-08,2025-02-08 16:00:00,2,EMEA,Standard,5,230.01,0.0,1150.05,1150.05,Apple Pay
2552,ORD_102552,1,279,CUST_0279,31,PROD_0031,Sportswear Pro-Series 1,Apparel & Fashion,20250628,2025-06-28,2025-06-28 15:00:00,2,EMEA,Standard,1,610.97,61.1,610.97,549.87,Debit Card
2553,ORD_102553,1,351,CUST_0351,5,PROD_0005,Laptops Pro-Series 2,Consumer Electronics,20250708,2025-07-08,2025-07-08 10:00:00,3,APAC,Standard,2,144.32,0.0,288.64,288.64,Debit Card
2554,ORD_102554,1,168,CUST_0168,43,PROD_0043,Audiobooks Pro-Series 1,Books & Media,20251110,2025-11-10,2025-11-10 13:00:00,2,EMEA,Standard,3,262.83,39.42,788.49,749.07,Debit Card
2555,ORD_102555,1,52,CUST_0052,33,PROD_0033,Sportswear Pro-Series 3,Apparel & Fashion,20260609,2026-06-09,2026-06-09 01:00:00,1,North America,Standard,3,230.01,103.5,690.03,586.53,Debit Card
2556,ORD_102556,1,143,CUST_0143,25,PROD_0025,Men's Jackets Pro-Series 1,Apparel & Fashion,20250712,2025-07-12,2025-07-12 09:00:00,4,LATAM,Premium,1,381.42,57.21,381.42,324.21,Debit Card
2557,ORD_102557,1,304,CUST_0304,26,PROD_0026,Men's Jackets Pro-Series 2,Apparel & Fashion,20260123,2026-01-23,2026-01-23 05:00:00,1,North America,Standard,3,387.88,58.18,1163.64,1105.46,PayPal
2558,ORD_102558,1,301,CUST_0301,39,PROD_0039,Hardcover Novels Pro-Series 3,Books & Media,20260210,2026-02-10,2026-02-10 04:00:00,3,APAC,Premium,4,217.64,130.58,870.56,739.98,Apple Pay
2559,ORD_102559,1,313,CUST_0313,38,PROD_0038,Hardcover Novels Pro-Series 2,Books & Media,20251216,2025-12-16,2025-12-16 01:00:00,1,North America,Standard,1,157.75,0.0,157.75,157.75,Credit Card
2560,ORD_102560,1,284,CUST_0284,22,PROD_0022,Robotic Vacuums Pro-Series 1,Home & Kitchen,20260630,2026-06-30,2026-06-30 19:00:00,4,LATAM,Standard,2,573.0,0.0,1146.0,1146.0,PayPal
2561,ORD_102561,1,49,CUST_0049,6,PROD_0006,Laptops Pro-Series 3,Consumer Electronics,20251215,2025-12-15,2025-12-15 05:00:00,4,LATAM,Standard,5,304.52,152.26,1522.6,1370.34,Apple Pay
2562,ORD_102562,1,151,CUST_0151,25,PROD_0025,Men's Jackets Pro-Series 1,Apparel & Fashion,20250624,2025-06-24,2025-06-24 20:00:00,3,APAC,Standard,5,381.42,190.71,1907.1,1716.39,Debit Card
2563,ORD_102563,1,225,CUST_0225,11,PROD_0011,Smartwatches Pro-Series 2,Consumer Electronics,20260820,2026-08-20,2026-08-20 11:00:00,3,APAC,Premium,4,627.26,250.9,2509.04,2258.14,Apple Pay
2564,ORD_102564,1,485,CUST_0485,34,PROD_0034,Watches Pro-Series 1,Apparel & Fashion,20260617,2026-06-17,2026-06-17 04:00:00,1,North America,Standard,5,277.89,0.0,1389.45,1389.45,PayPal
2565,ORD_102565,1,226,CUST_0226,38,PROD_0038,Hardcover Novels Pro-Series 2,Books & Media,20250527,2025-05-27,2025-05-27 02:00:00,4,LATAM,Standard,5,157.75,0.0,788.75,788.75,PayPal
2566,ORD_102566,1,277,CUST_0277,13,PROD_0013,Coffee Makers Pro-Series 1,Home & Kitchen,20251103,2025-11-03,2025-11-03 16:00:00,4,LATAM,Standard,1,177.25,26.59,177.25,150.66,Credit Card
2567,ORD_102567,1,271,CUST_0271,20,PROD_0020,Blenders Pro-Series 2,Home & Kitchen,20251203,2025-12-03,2025-12-03 18:00:00,3,APAC,Standard,3,80.82,0.0,242.46,242.46,Apple Pay
2568,ORD_102568,1,255,CUST_0255,11,PROD_0011,Smartwatches Pro-Series 2,Consumer Electronics,20250731,2025-07-31,2025-07-31 13:00:00,4,LATAM,Standard,5,627.26,0.0,3136.3,3136.3,Credit Card
2569,ORD_102569,1,112,CUST_0112,41,PROD_0041,Tech Guides Pro-Series 2,Books & Media,20250706,2025-07-06,2025-07-06 23:00:00,1,North America,Standard,2,539.9,107.98,1079.8,971.82,Debit Card
2570,ORD_102570,1,397,CUST_0397,6,PROD_0006,Laptops Pro-Series 3,Consumer Electronics,20260704,2026-07-04,2026-07-04 03:00:00,2,EMEA,Premium,5,304.52,228.39,1522.6,1294.21,Credit Card
2571,ORD_102571,1,296,CUST_0296,1,PROD_0001,Smartphones Pro-Series 1,Consumer Electronics,20251009,2025-10-09,2025-10-09 10:00:00,1,North America,Standard,5,247.49,61.87,1237.45,1175.58,Credit Card
2572,ORD_102572,1,296,CUST_0296,4,PROD_0004,Laptops Pro-Series 1,Consumer Electronics,20260401,2026-04-01,2026-04-01 14:00:00,3,APAC,Standard,3,328.32,49.25,984.96,935.71,Debit Card
2573,ORD_102573,1,107,CUST_0107,15,PROD_0015,Coffee Makers Pro-Series 3,Home & Kitchen,20260310,2026-03-10,2026-03-10 18:00:00,3,APAC,Premium,1,397.04,39.7,397.04,357.34,Credit Card
2574,ORD_102574,1,7,CUST_0007,43,PROD_0043,Audiobooks Pro-Series 1,Books & Media,20260421,2026-04-21,2026-04-21 23:00:00,3,APAC,VIP,2,262.83,26.28,525.66,499.38,Debit Card
2575,ORD_102575,1,382,CUST_0382,8,PROD_0008,Audio Headphones Pro-Series 2,Consumer Electronics,20250121,2025-01-21,2025-01-21 23:00:00,1,North America,Premium,5,596.84,149.21,2984.2,2834.99,Credit Card
2576,ORD_102576,1,491,CUST_0491,35,PROD_0035,Watches Pro-Series 2,Apparel & Fashion,20250111,2025-01-11,2025-01-11 07:00:00,2,EMEA,Standard,5,495.6,371.7,2478.0,2106.3,Apple Pay
2577,ORD_102577,1,444,CUST_0444,21,PROD_0021,Blenders Pro-Series 3,Home & Kitchen,20250518,2025-05-18,2025-05-18 20:00:00,3,APAC,Standard,1,137.29,6.86,137.29,130.43,Debit Card
2578,ORD_102578,1,31,CUST_0031,45,PROD_0045,Audiobooks Pro-Series 3,Books & Media,20250213,2025-02-13,2025-02-13 18:00:00,3,APAC,Standard,5,512.51,0.0,2562.55,2562.55,Credit Card
2579,ORD_102579,1,168,CUST_0168,4,PROD_0004,Laptops Pro-Series 1,Consumer Electronics,20250213,2025-02-13,2025-02-13 09:00:00,2,EMEA,Standard,3,328.32,49.25,984.96,935.71,Debit Card
2580,ORD_102580,1,36,CUST_0036,22,PROD_0022,Robotic Vacuums Pro-Series 1,Home & Kitchen,20250731,2025-07-31,2025-07-31 12:00:00,4,LATAM,Standard,2,573.0,171.9,1146.0,974.1,Debit Card
2581,ORD_102581,1,41,CUST_0041,14,PROD_0014,Coffee Makers Pro-Series 2,Home & Kitchen,20250524,2025-05-24,2025-05-24 14:00:00,3,APAC,Standard,5,94.28,70.71,471.4,400.69,PayPal
2582,ORD_102582,1,124,CUST_0124,40,PROD_0040,Tech Guides Pro-Series 1,Books & Media,20250803,2025-08-03,2025-08-03 11:00:00,1,North America,VIP,1,507.6,50.76,507.6,456.84,Apple Pay
2583,ORD_102583,1,188,CUST_0188,41,PROD_0041,Tech Guides Pro-Series 2,Books & Media,20260317,2026-03-17,2026-03-17 02:00:00,3,APAC,Premium,4,539.9,107.98,2159.6,2051.62,Credit Card
2584,ORD_102584,1,421,CUST_0421,25,PROD_0025,Men's Jackets Pro-Series 1,Apparel & Fashion,20251209,2025-12-09,2025-12-09 12:00:00,2,EMEA,Standard,5,381.42,286.06,1907.1,1621.04,PayPal
2585,ORD_102585,1,405,CUST_0405,8,PROD_0008,Audio Headphones Pro-Series 2,Consumer Electronics,20260101,2026-01-01,2026-01-01 11:00:00,1,North America,Standard,4,596.84,238.74,2387.36,2148.62,PayPal
2586,ORD_102586,1,315,CUST_0315,3,PROD_0003,Smartphones Pro-Series 3,Consumer Electronics,20260207,2026-02-07,2026-02-07 21:00:00,2,EMEA,Premium,5,194.64,48.66,973.2,924.54,Debit Card
2587,ORD_102587,1,234,CUST_0234,2,PROD_0002,Smartphones Pro-Series 2,Consumer Electronics,20260513,2026-05-13,2026-05-13 05:00:00,2,EMEA,VIP,5,484.7,363.52,2423.5,2059.98,Debit Card
2588,ORD_102588,1,176,CUST_0176,16,PROD_0016,Air Fryers Pro-Series 1,Home & Kitchen,20260224,2026-02-24,2026-02-24 00:00:00,3,APAC,Standard,2,403.75,0.0,807.5,807.5,Debit Card
2589,ORD_102589,1,36,CUST_0036,44,PROD_0044,Audiobooks Pro-Series 2,Books & Media,20250919,2025-09-19,2025-09-19 08:00:00,4,LATAM,Standard,1,86.85,0.0,86.85,86.85,Credit Card
2590,ORD_102590,1,325,CUST_0325,14,PROD_0014,Coffee Makers Pro-Series 2,Home & Kitchen,20260418,2026-04-18,2026-04-18 10:00:00,3,APAC,Standard,5,94.28,47.14,471.4,424.26,Debit Card
2591,ORD_102591,1,500,CUST_0500,24,PROD_0024,Robotic Vacuums Pro-Series 3,Home & Kitchen,20250929,2025-09-29,2025-09-29 01:00:00,1,North America,Standard,1,106.82,5.34,106.82,101.48,Credit Card
2592,ORD_102592,1,110,CUST_0110,1,PROD_0001,Smartphones Pro-Series 1,Consumer Electronics,20250519,2025-05-19,2025-05-19 15:00:00,3,APAC,Standard,2,247.49,74.25,494.98,420.73,Debit Card
2593,ORD_102593,1,69,CUST_0069,33,PROD_0033,Sportswear Pro-Series 3,Apparel & Fashion,20250802,2025-08-02,2025-08-02 13:00:00,1,North America,Standard,3,230.01,69.0,690.03,621.03,Apple Pay
2594,ORD_102594,1,271,CUST_0271,38,PROD_0038,Hardcover Novels Pro-Series 2,Books & Media,20260410,2026-04-10,2026-04-10 03:00:00,2,EMEA,Standard,5,157.75,78.88,788.75,709.87,PayPal
2595,ORD_102595,1,211,CUST_0211,37,PROD_0037,Hardcover Novels Pro-Series 1,Books & Media,20250123,2025-01-23,2025-01-23 18:00:00,1,North America,Standard,4,271.24,162.74,1084.96,922.22,Debit Card
2596,ORD_102596,1,388,CUST_0388,43,PROD_0043,Audiobooks Pro-Series 1,Books & Media,20250924,2025-09-24,2025-09-24 22:00:00,1,North America,Standard,5,262.83,65.71,1314.15,1248.44,PayPal
2597,ORD_102597,1,391,CUST_0391,18,PROD_0018,Air Fryers Pro-Series 3,Home & Kitchen,20260602,2026-06-02,2026-06-02 17:00:00,4,LATAM,Standard,3,497.95,149.38,1493.85,1344.47,Apple Pay
2598,ORD_102598,1,122,CUST_0122,22,PROD_0022,Robotic Vacuums Pro-Series 1,Home & Kitchen,20250425,2025-04-25,2025-04-25 22:00:00,4,LATAM,Standard,2,573.0,171.9,1146.0,974.1,Credit Card
2599,ORD_102599,1,455,CUST_0455,13,PROD_0013,Coffee Makers Pro-Series 1,Home & Kitchen,20260410,2026-04-10,2026-04-10 08:00:00,1,North America,Standard,4,177.25,0.0,709.0,709.0,Credit Card
2600,ORD_102600,1,398,CUST_0398,3,PROD_0003,Smartphones Pro-Series 3,Consumer Electronics,20260128,2026-01-28,2026-01-28 08:00:00,2,EMEA,Premium,3,194.64,29.2,583.92,554.72,Credit Card
2601,ORD_102601,1,106,CUST_0106,36,PROD_0036,Watches Pro-Series 3,Apparel & Fashion,20260604,2026-06-04,2026-06-04 15:00:00,4,LATAM,Standard,4,387.69,155.08,1550.76,1395.68,PayPal
2602,ORD_102602,1,208,CUST_0208,19,PROD_0019,Blenders Pro-Series 1,Home & Kitchen,20250828,2025-08-28,2025-08-28 06:00:00,4,LATAM,VIP,4,523.93,0.0,2095.72,2095.72,Apple Pay
2603,ORD_102603,1,368,CUST_0368,1,PROD_0001,Smartphones Pro-Series 1,Consumer Electronics,20250407,2025-04-07,2025-04-07 07:00:00,1,North America,Premium,5,247.49,0.0,1237.45,1237.45,Apple Pay
2604,ORD_102604,1,423,CUST_0423,41,PROD_0041,Tech Guides Pro-Series 2,Books & Media,20250717,2025-07-17,2025-07-17 16:00:00,4,LATAM,Standard,1,539.9,27.0,539.9,512.9,PayPal
2605,ORD_102605,1,179,CUST_0179,17,PROD_0017,Air Fryers Pro-Series 2,Home & Kitchen,20260210,2026-02-10,2026-02-10 04:00:00,2,EMEA,Standard,1,438.78,43.88,438.78,394.9,Credit Card
2606,ORD_102606,1,458,CUST_0458,6,PROD_0006,Laptops Pro-Series 3,Consumer Electronics,20250624,2025-06-24,2025-06-24 07:00:00,1,North America,Standard,3,304.52,137.03,913.56,776.53,Debit Card
2607,ORD_102607,1,138,CUST_0138,18,PROD_0018,Air Fryers Pro-Series 3,Home & Kitchen,20250518,2025-05-18,2025-05-18 00:00:00,1,North America,Premium,1,497.95,0.0,497.95,497.95,Debit Card
2608,ORD_102608,1,290,CUST_0290,14,PROD_0014,Coffee Makers Pro-Series 2,Home & Kitchen,20251006,2025-10-06,2025-10-06 03:00:00,2,EMEA,Standard,3,94.28,28.28,282.84,254.56,PayPal
2609,ORD_102609,1,39,CUST_0039,4,PROD_0004,Laptops Pro-Series 1,Consumer Electronics,20260719,2026-07-19,2026-07-19 20:00:00,4,LATAM,Standard,5,328.32,164.16,1641.6,1477.44,Credit Card
2610,ORD_102610,1,385,CUST_0385,18,PROD_0018,Air Fryers Pro-Series 3,Home & Kitchen,20250528,2025-05-28,2025-05-28 04:00:00,4,LATAM,Standard,1,497.95,74.69,497.95,423.26,PayPal
2611,ORD_102611,1,444,CUST_0444,37,PROD_0037,Hardcover Novels Pro-Series 1,Books & Media,20260204,2026-02-04,2026-02-04 08:00:00,4,LATAM,Standard,2,271.24,27.12,542.48,515.36,PayPal
2612,ORD_102612,1,254,CUST_0254,20,PROD_0020,Blenders Pro-Series 2,Home & Kitchen,20260118,2026-01-18,2026-01-18 02:00:00,2,EMEA,Premium,2,80.82,16.16,161.64,145.48,Credit Card
2613,ORD_102613,1,331,CUST_0331,44,PROD_0044,Audiobooks Pro-Series 2,Books & Media,20250929,2025-09-29,2025-09-29 22:00:00,2,EMEA,Standard,2,86.85,26.05,173.7,147.65,Credit Card
2614,ORD_102614,1,425,CUST_0425,40,PROD_0040,Tech Guides Pro-Series 1,Books & Media,20250421,2025-04-21,2025-04-21 17:00:00,1,North America,Standard,1,507.6,25.38,507.6,482.22,Apple Pay
2615,ORD_102615,1,221,CUST_0221,7,PROD_0007,Audio Headphones Pro-Series 1,Consumer Electronics,20260127,2026-01-27,2026-01-27 16:00:00,4,LATAM,Standard,2,136.35,0.0,272.7,272.7,Debit Card
2616,ORD_102616,1,280,CUST_0280,26,PROD_0026,Men's Jackets Pro-Series 2,Apparel & Fashion,20250113,2025-01-13,2025-01-13 04:00:00,4,LATAM,Premium,2,387.88,0.0,775.76,775.76,PayPal
2617,ORD_102617,1,305,CUST_0305,22,PROD_0022,Robotic Vacuums Pro-Series 1,Home & Kitchen,20250205,2025-02-05,2025-02-05 01:00:00,2,EMEA,Standard,4,573.0,343.8,2292.0,1948.2,PayPal
2618,ORD_102618,1,185,CUST_0185,13,PROD_0013,Coffee Makers Pro-Series 1,Home & Kitchen,20250313,2025-03-13,2025-03-13 18:00:00,4,LATAM,VIP,5,177.25,0.0,886.25,886.25,Credit Card
2619,ORD_102619,1,244,CUST_0244,39,PROD_0039,Hardcover Novels Pro-Series 3,Books & Media,20251214,2025-12-14,2025-12-14 14:00:00,3,APAC,Premium,1,217.64,0.0,217.64,217.64,Credit Card
2620,ORD_102620,1,70,CUST_0070,22,PROD_0022,Robotic Vacuums Pro-Series 1,Home & Kitchen,20260522,2026-05-22,2026-05-22 07:00:00,1,North America,Standard,1,573.0,85.95,573.0,487.05,PayPal
2621,ORD_102621,1,98,CUST_0098,3,PROD_0003,Smartphones Pro-Series 3,Consumer Electronics,20260418,2026-04-18,2026-04-18 02:00:00,4,LATAM,Standard,2,194.64,19.46,389.28,369.82,Credit Card
2622,ORD_102622,1,277,CUST_0277,25,PROD_0025,Men's Jackets Pro-Series 1,Apparel & Fashion,20250422,2025-04-22,2025-04-22 06:00:00,1,North America,Standard,5,381.42,286.06,1907.1,1621.04,Credit Card
2623,ORD_102623,1,73,CUST_0073,12,PROD_0012,Smartwatches Pro-Series 3,Consumer Electronics,20260204,2026-02-04,2026-02-04 15:00:00,1,North America,Premium,1,414.15,41.41,414.15,372.74,Apple Pay
2624,ORD_102624,1,209,CUST_0209,8,PROD_0008,Audio Headphones Pro-Series 2,Consumer Electronics,20251014,2025-10-14,2025-10-14 23:00:00,4,LATAM,Premium,1,596.84,29.84,596.84,567.0,Credit Card
2625,ORD_102625,1,233,CUST_0233,17,PROD_0017,Air Fryers Pro-Series 2,Home & Kitchen,20260501,2026-05-01,2026-05-01 00:00:00,3,APAC,Standard,2,438.78,131.63,877.56,745.93,Credit Card
2626,ORD_102626,1,389,CUST_0389,20,PROD_0020,Blenders Pro-Series 2,Home & Kitchen,20250529,2025-05-29,2025-05-29 07:00:00,3,APAC,Premium,2,80.82,8.08,161.64,153.56,Apple Pay
2627,ORD_102627,1,332,CUST_0332,26,PROD_0026,Men's Jackets Pro-Series 2,Apparel & Fashion,20250528,2025-05-28,2025-05-28 02:00:00,1,North America,Standard,2,387.88,77.58,775.76,698.18,PayPal
2628,ORD_102628,1,139,CUST_0139,6,PROD_0006,Laptops Pro-Series 3,Consumer Electronics,20250808,2025-08-08,2025-08-08 18:00:00,2,EMEA,Standard,1,304.52,30.45,304.52,274.07,Apple Pay
2629,ORD_102629,1,453,CUST_0453,12,PROD_0012,Smartwatches Pro-Series 3,Consumer Electronics,20260402,2026-04-02,2026-04-02 15:00:00,4,LATAM,Premium,5,414.15,0.0,2070.75,2070.75,PayPal
2630,ORD_102630,1,329,CUST_0329,41,PROD_0041,Tech Guides Pro-Series 2,Books & Media,20250707,2025-07-07,2025-07-07 13:00:00,3,APAC,Standard,3,539.9,0.0,1619.7,1619.7,PayPal
2631,ORD_102631,1,210,CUST_0210,6,PROD_0006,Laptops Pro-Series 3,Consumer Electronics,20250514,2025-05-14,2025-05-14 15:00:00,4,LATAM,Standard,5,304.52,152.26,1522.6,1370.34,Credit Card
2632,ORD_102632,1,486,CUST_0486,23,PROD_0023,Robotic Vacuums Pro-Series 2,Home & Kitchen,20250518,2025-05-18,2025-05-18 08:00:00,3,APAC,Premium,5,80.72,40.36,403.6,363.24,Credit Card
2633,ORD_102633,1,68,CUST_0068,7,PROD_0007,Audio Headphones Pro-Series 1,Consumer Electronics,20260127,2026-01-27,2026-01-27 01:00:00,1,North America,Standard,5,136.35,0.0,681.75,681.75,Apple Pay
2634,ORD_102634,1,473,CUST_0473,6,PROD_0006,Laptops Pro-Series 3,Consumer Electronics,20260704,2026-07-04,2026-07-04 18:00:00,2,EMEA,Standard,4,304.52,182.71,1218.08,1035.37,Apple Pay
2635,ORD_102635,1,131,CUST_0131,31,PROD_0031,Sportswear Pro-Series 1,Apparel & Fashion,20260703,2026-07-03,2026-07-03 13:00:00,4,LATAM,Premium,5,610.97,458.23,3054.85,2596.62,PayPal
2636,ORD_102636,1,195,CUST_0195,4,PROD_0004,Laptops Pro-Series 1,Consumer Electronics,20250808,2025-08-08,2025-08-08 14:00:00,1,North America,Premium,5,328.32,164.16,1641.6,1477.44,Apple Pay
2637,ORD_102637,1,13,CUST_0013,33,PROD_0033,Sportswear Pro-Series 3,Apparel & Fashion,20260413,2026-04-13,2026-04-13 08:00:00,2,EMEA,Standard,4,230.01,0.0,920.04,920.04,Credit Card
2638,ORD_102638,1,252,CUST_0252,19,PROD_0019,Blenders Pro-Series 1,Home & Kitchen,20260809,2026-08-09,2026-08-09 01:00:00,2,EMEA,Standard,1,523.93,78.59,523.93,445.34,Apple Pay
2639,ORD_102639,1,207,CUST_0207,37,PROD_0037,Hardcover Novels Pro-Series 1,Books & Media,20250214,2025-02-14,2025-02-14 01:00:00,2,EMEA,Premium,4,271.24,54.25,1084.96,1030.71,PayPal
2640,ORD_102640,1,143,CUST_0143,35,PROD_0035,Watches Pro-Series 2,Apparel & Fashion,20251130,2025-11-30,2025-11-30 07:00:00,3,APAC,Premium,5,495.6,371.7,2478.0,2106.3,Apple Pay
2641,ORD_102641,1,259,CUST_0259,11,PROD_0011,Smartwatches Pro-Series 2,Consumer Electronics,20260405,2026-04-05,2026-04-05 01:00:00,1,North America,Standard,2,627.26,188.18,1254.52,1066.34,Apple Pay
2642,ORD_102642,1,96,CUST_0096,10,PROD_0010,Smartwatches Pro-Series 1,Consumer Electronics,20251008,2025-10-08,2025-10-08 13:00:00,1,North America,Standard,2,238.77,0.0,477.54,477.54,PayPal
2643,ORD_102643,1,373,CUST_0373,32,PROD_0032,Sportswear Pro-Series 2,Apparel & Fashion,20250724,2025-07-24,2025-07-24 23:00:00,2,EMEA,Standard,1,106.55,10.66,106.55,95.89,Apple Pay
2644,ORD_102644,1,390,CUST_0390,14,PROD_0014,Coffee Makers Pro-Series 2,Home & Kitchen,20250102,2025-01-02,2025-01-02 06:00:00,1,North America,Premium,1,94.28,0.0,94.28,94.28,Credit Card
2645,ORD_102645,1,193,CUST_0193,16,PROD_0016,Air Fryers Pro-Series 1,Home & Kitchen,20260716,2026-07-16,2026-07-16 16:00:00,3,APAC,Standard,4,403.75,242.25,1615.0,1372.75,PayPal
2646,ORD_102646,1,3,CUST_0003,1,PROD_0001,Smartphones Pro-Series 1,Consumer Electronics,20250424,2025-04-24,2025-04-24 19:00:00,1,North America,Standard,1,247.49,24.75,247.49,222.74,Credit Card
2647,ORD_102647,1,12,CUST_0012,38,PROD_0038,Hardcover Novels Pro-Series 2,Books & Media,20260220,2026-02-20,2026-02-20 00:00:00,1,North America,VIP,4,157.75,31.55,631.0,599.45,PayPal
2648,ORD_102648,1,254,CUST_0254,13,PROD_0013,Coffee Makers Pro-Series 1,Home & Kitchen,20250523,2025-05-23,2025-05-23 21:00:00,4,LATAM,Premium,5,177.25,132.94,886.25,753.31,Credit Card
2649,ORD_102649,1,278,CUST_0278,22,PROD_0022,Robotic Vacuums Pro-Series 1,Home & Kitchen,20260202,2026-02-02,2026-02-02 00:00:00,3,APAC,Standard,5,573.0,0.0,2865.0,2865.0,Debit Card
2650,ORD_102650,1,199,CUST_0199,16,PROD_0016,Air Fryers Pro-Series 1,Home & Kitchen,20260507,2026-05-07,2026-05-07 08:00:00,1,North America,Premium,1,403.75,0.0,403.75,403.75,Apple Pay
2651,ORD_102651,1,223,CUST_0223,8,PROD_0008,Audio Headphones Pro-Series 2,Consumer Electronics,20250813,2025-08-13,2025-08-13 07:00:00,1,North America,Standard,2,596.84,179.05,1193.68,1014.63,Credit Card
2652,ORD_102652,1,452,CUST_0452,6,PROD_0006,Laptops Pro-Series 3,Consumer Electronics,20250409,2025-04-09,2025-04-09 16:00:00,3,APAC,Premium,1,304.52,30.45,304.52,274.07,Apple Pay
2653,ORD_102653,1,73,CUST_0073,37,PROD_0037,Hardcover Novels Pro-Series 1,Books & Media,20251204,2025-12-04,2025-12-04 16:00:00,3,APAC,Premium,2,271.24,0.0,542.48,542.48,PayPal
2654,ORD_102654,1,7,CUST_0007,5,PROD_0005,Laptops Pro-Series 2,Consumer Electronics,20250924,2025-09-24,2025-09-24 21:00:00,3,APAC,VIP,2,144.32,28.86,288.64,259.78,PayPal
2655,ORD_102655,1,211,CUST_0211,2,PROD_0002,Smartphones Pro-Series 2,Consumer Electronics,20251012,2025-10-12,2025-10-12 13:00:00,4,LATAM,Standard,3,484.7,218.11,1454.1,1235.99,Apple Pay
2656,ORD_102656,1,456,CUST_0456,18,PROD_0018,Air Fryers Pro-Series 3,Home & Kitchen,20251018,2025-10-18,2025-10-18 18:00:00,4,LATAM,Standard,4,497.95,298.77,1991.8,1693.03,PayPal
2657,ORD_102657,1,30,CUST_0030,36,PROD_0036,Watches Pro-Series 3,Apparel & Fashion,20250224,2025-02-24,2025-02-24 03:00:00,2,EMEA,VIP,3,387.69,0.0,1163.07,1163.07,PayPal
2658,ORD_102658,1,353,CUST_0353,33,PROD_0033,Sportswear Pro-Series 3,Apparel & Fashion,20260707,2026-07-07,2026-07-07 02:00:00,2,EMEA,Standard,2,230.01,23.0,460.02,437.02,Debit Card
2659,ORD_102659,1,77,CUST_0077,26,PROD_0026,Men's Jackets Pro-Series 2,Apparel & Fashion,20251023,2025-10-23,2025-10-23 00:00:00,2,EMEA,Standard,1,387.88,38.79,387.88,349.09,Credit Card
2660,ORD_102660,1,353,CUST_0353,21,PROD_0021,Blenders Pro-Series 3,Home & Kitchen,20260524,2026-05-24,2026-05-24 08:00:00,2,EMEA,Standard,4,137.29,27.46,549.16,521.7,Apple Pay
2661,ORD_102661,1,160,CUST_0160,11,PROD_0011,Smartwatches Pro-Series 2,Consumer Electronics,20250717,2025-07-17,2025-07-17 13:00:00,2,EMEA,Standard,3,627.26,282.27,1881.78,1599.51,Credit Card
2662,ORD_102662,1,45,CUST_0045,11,PROD_0011,Smartwatches Pro-Series 2,Consumer Electronics,20250109,2025-01-09,2025-01-09 09:00:00,1,North America,Premium,5,627.26,156.82,3136.3,2979.48,Apple Pay
2663,ORD_102663,1,60,CUST_0060,44,PROD_0044,Audiobooks Pro-Series 2,Books & Media,20250420,2025-04-20,2025-04-20 17:00:00,4,LATAM,Standard,1,86.85,4.34,86.85,82.51,Apple Pay
2664,ORD_102664,1,10,CUST_0010,19,PROD_0019,Blenders Pro-Series 1,Home & Kitchen,20251221,2025-12-21,2025-12-21 18:00:00,4,LATAM,Standard,1,523.93,0.0,523.93,523.93,Credit Card
2665,ORD_102665,1,89,CUST_0089,15,PROD_0015,Coffee Makers Pro-Series 3,Home & Kitchen,20260421,2026-04-21,2026-04-21 19:00:00,1,North America,Standard,3,397.04,178.67,1191.12,1012.45,Debit Card
2666,ORD_102666,1,44,CUST_0044,9,PROD_0009,Audio Headphones Pro-Series 3,Consumer Electronics,20250125,2025-01-25,2025-01-25 01:00:00,2,EMEA,Premium,5,512.06,128.01,2560.3,2432.29,Debit Card
2667,ORD_102667,1,46,CUST_0046,12,PROD_0012,Smartwatches Pro-Series 3,Consumer Electronics,20250330,2025-03-30,2025-03-30 00:00:00,2,EMEA,Standard,2,414.15,124.24,828.3,704.06,Credit Card
2668,ORD_102668,1,65,CUST_0065,2,PROD_0002,Smartphones Pro-Series 2,Consumer Electronics,20251226,2025-12-26,2025-12-26 02:00:00,3,APAC,Standard,5,484.7,242.35,2423.5,2181.15,Credit Card
2669,ORD_102669,1,220,CUST_0220,28,PROD_0028,Women's Sneakers Pro-Series 1,Apparel & Fashion,20260525,2026-05-25,2026-05-25 23:00:00,3,APAC,Premium,2,301.74,60.35,603.48,543.13,Apple Pay
2670,ORD_102670,1,24,CUST_0024,20,PROD_0020,Blenders Pro-Series 2,Home & Kitchen,20260126,2026-01-26,2026-01-26 23:00:00,2,EMEA,Standard,2,80.82,24.25,161.64,137.39,Debit Card
2671,ORD_102671,1,154,CUST_0154,25,PROD_0025,Men's Jackets Pro-Series 1,Apparel & Fashion,20250813,2025-08-13,2025-08-13 20:00:00,1,North America,Standard,1,381.42,0.0,381.42,381.42,Apple Pay
2672,ORD_102672,1,188,CUST_0188,32,PROD_0032,Sportswear Pro-Series 2,Apparel & Fashion,20250831,2025-08-31,2025-08-31 00:00:00,2,EMEA,Premium,3,106.55,47.95,319.65,271.7,PayPal
2673,ORD_102673,1,180,CUST_0180,36,PROD_0036,Watches Pro-Series 3,Apparel & Fashion,20250923,2025-09-23,2025-09-23 07:00:00,4,LATAM,Standard,1,387.69,58.15,387.69,329.54,Debit Card
2674,ORD_102674,1,84,CUST_0084,21,PROD_0021,Blenders Pro-Series 3,Home & Kitchen,20260702,2026-07-02,2026-07-02 05:00:00,1,North America,Standard,2,137.29,41.19,274.58,233.39,PayPal
2675,ORD_102675,1,2,CUST_0002,33,PROD_0033,Sportswear Pro-Series 3,Apparel & Fashion,20260208,2026-02-08,2026-02-08 14:00:00,4,LATAM,Premium,4,230.01,138.01,920.04,782.03,Apple Pay
2676,ORD_102676,1,439,CUST_0439,9,PROD_0009,Audio Headphones Pro-Series 3,Consumer Electronics,20260214,2026-02-14,2026-02-14 04:00:00,3,APAC,Standard,1,512.06,76.81,512.06,435.25,Debit Card
2677,ORD_102677,1,262,CUST_0262,18,PROD_0018,Air Fryers Pro-Series 3,Home & Kitchen,20260713,2026-07-13,2026-07-13 14:00:00,3,APAC,Standard,4,497.95,298.77,1991.8,1693.03,Credit Card
2678,ORD_102678,1,31,CUST_0031,41,PROD_0041,Tech Guides Pro-Series 2,Books & Media,20250613,2025-06-13,2025-06-13 18:00:00,2,EMEA,Standard,3,539.9,0.0,1619.7,1619.7,Credit Card
2679,ORD_102679,1,413,CUST_0413,33,PROD_0033,Sportswear Pro-Series 3,Apparel & Fashion,20260227,2026-02-27,2026-02-27 03:00:00,3,APAC,Standard,5,230.01,172.51,1150.05,977.54,Apple Pay
2680,ORD_102680,1,121,CUST_0121,21,PROD_0021,Blenders Pro-Series 3,Home & Kitchen,20250530,2025-05-30,2025-05-30 04:00:00,3,APAC,Premium,2,137.29,27.46,274.58,247.12,Credit Card
2681,ORD_102681,1,215,CUST_0215,25,PROD_0025,Men's Jackets Pro-Series 1,Apparel & Fashion,20251111,2025-11-11,2025-11-11 23:00:00,2,EMEA,Premium,1,381.42,19.07,381.42,362.35,Credit Card
2682,ORD_102682,1,222,CUST_0222,17,PROD_0017,Air Fryers Pro-Series 2,Home & Kitchen,20251211,2025-12-11,2025-12-11 20:00:00,3,APAC,Premium,2,438.78,87.76,877.56,789.8,Apple Pay
2683,ORD_102683,1,9,CUST_0009,26,PROD_0026,Men's Jackets Pro-Series 2,Apparel & Fashion,20260812,2026-08-12,2026-08-12 05:00:00,3,APAC,Premium,3,387.88,0.0,1163.64,1163.64,Credit Card
2684,ORD_102684,1,364,CUST_0364,40,PROD_0040,Tech Guides Pro-Series 1,Books & Media,20250414,2025-04-14,2025-04-14 21:00:00,4,LATAM,VIP,2,507.6,0.0,1015.2,1015.2,PayPal
2685,ORD_102685,1,2,CUST_0002,43,PROD_0043,Audiobooks Pro-Series 1,Books & Media,20260420,2026-04-20,2026-04-20 07:00:00,4,LATAM,Premium,2,262.83,52.57,525.66,473.09,PayPal
2686,ORD_102686,1,301,CUST_0301,19,PROD_0019,Blenders Pro-Series 1,Home & Kitchen,20251212,2025-12-12,2025-12-12 21:00:00,2,EMEA,Premium,1,523.93,52.39,523.93,471.54,Debit Card
2687,ORD_102687,1,208,CUST_0208,26,PROD_0026,Men's Jackets Pro-Series 2,Apparel & Fashion,20260704,2026-07-04,2026-07-04 00:00:00,3,APAC,VIP,1,387.88,38.79,387.88,349.09,Credit Card
2688,ORD_102688,1,94,CUST_0094,6,PROD_0006,Laptops Pro-Series 3,Consumer Electronics,20250414,2025-04-14,2025-04-14 01:00:00,2,EMEA,Premium,3,304.52,91.36,913.56,822.2,PayPal
2689,ORD_102689,1,411,CUST_0411,12,PROD_0012,Smartwatches Pro-Series 3,Consumer Electronics,20251013,2025-10-13,2025-10-13 02:00:00,2,EMEA,Standard,1,414.15,0.0,414.15,414.15,Debit Card
2690,ORD_102690,1,313,CUST_0313,34,PROD_0034,Watches Pro-Series 1,Apparel & Fashion,20250222,2025-02-22,2025-02-22 09:00:00,4,LATAM,Standard,1,277.89,13.89,277.89,264.0,Debit Card
2691,ORD_102691,1,366,CUST_0366,42,PROD_0042,Tech Guides Pro-Series 3,Books & Media,20250526,2025-05-26,2025-05-26 03:00:00,4,LATAM,Premium,1,201.79,0.0,201.79,201.79,PayPal
2692,ORD_102692,1,358,CUST_0358,13,PROD_0013,Coffee Makers Pro-Series 1,Home & Kitchen,20250617,2025-06-17,2025-06-17 01:00:00,1,North America,Standard,5,177.25,132.94,886.25,753.31,Credit Card
2693,ORD_102693,1,414,CUST_0414,18,PROD_0018,Air Fryers Pro-Series 3,Home & Kitchen,20250324,2025-03-24,2025-03-24 02:00:00,1,North America,Standard,1,497.95,24.9,497.95,473.05,Apple Pay
2694,ORD_102694,1,124,CUST_0124,7,PROD_0007,Audio Headphones Pro-Series 1,Consumer Electronics,20260502,2026-05-02,2026-05-02 03:00:00,4,LATAM,VIP,1,136.35,20.45,136.35,115.9,Debit Card
2695,ORD_102695,1,54,CUST_0054,41,PROD_0041,Tech Guides Pro-Series 2,Books & Media,20250216,2025-02-16,2025-02-16 23:00:00,4,LATAM,Standard,2,539.9,107.98,1079.8,971.82,Credit Card
2696,ORD_102696,1,51,CUST_0051,38,PROD_0038,Hardcover Novels Pro-Series 2,Books & Media,20260604,2026-06-04,2026-06-04 08:00:00,3,APAC,Standard,4,157.75,63.1,631.0,567.9,Apple Pay
2697,ORD_102697,1,62,CUST_0062,5,PROD_0005,Laptops Pro-Series 2,Consumer Electronics,20250110,2025-01-10,2025-01-10 20:00:00,2,EMEA,Standard,4,144.32,57.73,577.28,519.55,PayPal
2698,ORD_102698,1,85,CUST_0085,8,PROD_0008,Audio Headphones Pro-Series 2,Consumer Electronics,20251212,2025-12-12,2025-12-12 16:00:00,1,North America,Standard,4,596.84,119.37,2387.36,2267.99,Debit Card
2699,ORD_102699,1,2,CUST_0002,31,PROD_0031,Sportswear Pro-Series 1,Apparel & Fashion,20260620,2026-06-20,2026-06-20 23:00:00,2,EMEA,Premium,4,610.97,0.0,2443.88,2443.88,PayPal
2700,ORD_102700,1,485,CUST_0485,27,PROD_0027,Men's Jackets Pro-Series 3,Apparel & Fashion,20260425,2026-04-25,2026-04-25 03:00:00,1,North America,Standard,4,452.99,0.0,1811.96,1811.96,Credit Card
2701,ORD_102701,1,67,CUST_0067,13,PROD_0013,Coffee Makers Pro-Series 1,Home & Kitchen,20260427,2026-04-27,2026-04-27 04:00:00,4,LATAM,Premium,3,177.25,79.76,531.75,451.99,Debit Card
2702,ORD_102702,1,102,CUST_0102,32,PROD_0032,Sportswear Pro-Series 2,Apparel & Fashion,20250504,2025-05-04,2025-05-04 17:00:00,3,APAC,Premium,2,106.55,0.0,213.1,213.1,Debit Card
2703,ORD_102703,1,443,CUST_0443,7,PROD_0007,Audio Headphones Pro-Series 1,Consumer Electronics,20260306,2026-03-06,2026-03-06 17:00:00,1,North America,Standard,2,136.35,27.27,272.7,245.43,Credit Card
2704,ORD_102704,1,402,CUST_0402,23,PROD_0023,Robotic Vacuums Pro-Series 2,Home & Kitchen,20260717,2026-07-17,2026-07-17 11:00:00,4,LATAM,Standard,5,80.72,0.0,403.6,403.6,Credit Card
2705,ORD_102705,1,132,CUST_0132,43,PROD_0043,Audiobooks Pro-Series 1,Books & Media,20250623,2025-06-23,2025-06-23 20:00:00,3,APAC,Standard,2,262.83,26.28,525.66,499.38,PayPal
2706,ORD_102706,1,84,CUST_0084,8,PROD_0008,Audio Headphones Pro-Series 2,Consumer Electronics,20260209,2026-02-09,2026-02-09 05:00:00,4,LATAM,Standard,5,596.84,0.0,2984.2,2984.2,Debit Card
2707,ORD_102707,1,181,CUST_0181,30,PROD_0030,Women's Sneakers Pro-Series 3,Apparel & Fashion,20260127,2026-01-27,2026-01-27 17:00:00,3,APAC,Premium,4,378.05,226.83,1512.2,1285.37,Credit Card
2708,ORD_102708,1,350,CUST_0350,44,PROD_0044,Audiobooks Pro-Series 2,Books & Media,20260203,2026-02-03,2026-02-03 14:00:00,3,APAC,Standard,1,86.85,13.03,86.85,73.82,Credit Card
2709,ORD_102709,1,436,CUST_0436,24,PROD_0024,Robotic Vacuums Pro-Series 3,Home & Kitchen,20250909,2025-09-09,2025-09-09 18:00:00,2,EMEA,Premium,1,106.82,10.68,106.82,96.14,Credit Card
2710,ORD_102710,1,459,CUST_0459,20,PROD_0020,Blenders Pro-Series 2,Home & Kitchen,20250429,2025-04-29,2025-04-29 13:00:00,2,EMEA,Premium,4,80.82,0.0,323.28,323.28,Credit Card
2711,ORD_102711,1,112,CUST_0112,13,PROD_0013,Coffee Makers Pro-Series 1,Home & Kitchen,20260507,2026-05-07,2026-05-07 00:00:00,3,APAC,Standard,1,177.25,17.73,177.25,159.52,PayPal
2712,ORD_102712,1,360,CUST_0360,45,PROD_0045,Audiobooks Pro-Series 3,Books & Media,20251016,2025-10-16,2025-10-16 06:00:00,1,North America,Premium,5,512.51,128.13,2562.55,2434.42,PayPal
2713,ORD_102713,1,438,CUST_0438,19,PROD_0019,Blenders Pro-Series 1,Home & Kitchen,20251023,2025-10-23,2025-10-23 17:00:00,1,North America,Standard,2,523.93,0.0,1047.86,1047.86,Credit Card
2714,ORD_102714,1,379,CUST_0379,28,PROD_0028,Women's Sneakers Pro-Series 1,Apparel & Fashion,20251105,2025-11-05,2025-11-05 03:00:00,1,North America,Standard,1,301.74,30.17,301.74,271.57,PayPal
2715,ORD_102715,1,52,CUST_0052,24,PROD_0024,Robotic Vacuums Pro-Series 3,Home & Kitchen,20250217,2025-02-17,2025-02-17 04:00:00,1,North America,Standard,4,106.82,64.09,427.28,363.19,Apple Pay
2716,ORD_102716,1,358,CUST_0358,19,PROD_0019,Blenders Pro-Series 1,Home & Kitchen,20260718,2026-07-18,2026-07-18 12:00:00,4,LATAM,Standard,2,523.93,52.39,1047.86,995.47,Apple Pay
2717,ORD_102717,1,282,CUST_0282,6,PROD_0006,Laptops Pro-Series 3,Consumer Electronics,20250827,2025-08-27,2025-08-27 09:00:00,1,North America,Standard,1,304.52,30.45,304.52,274.07,Credit Card
2718,ORD_102718,1,467,CUST_0467,32,PROD_0032,Sportswear Pro-Series 2,Apparel & Fashion,20250502,2025-05-02,2025-05-02 08:00:00,4,LATAM,Premium,3,106.55,15.98,319.65,303.67,Debit Card
2719,ORD_102719,1,404,CUST_0404,28,PROD_0028,Women's Sneakers Pro-Series 1,Apparel & Fashion,20260602,2026-06-02,2026-06-02 18:00:00,1,North America,Premium,3,301.74,135.78,905.22,769.44,PayPal
2720,ORD_102720,1,165,CUST_0165,8,PROD_0008,Audio Headphones Pro-Series 2,Consumer Electronics,20260720,2026-07-20,2026-07-20 10:00:00,2,EMEA,Standard,5,596.84,0.0,2984.2,2984.2,Debit Card
2721,ORD_102721,1,414,CUST_0414,7,PROD_0007,Audio Headphones Pro-Series 1,Consumer Electronics,20260520,2026-05-20,2026-05-20 10:00:00,2,EMEA,Standard,2,136.35,27.27,272.7,245.43,Debit Card
2722,ORD_102722,1,175,CUST_0175,24,PROD_0024,Robotic Vacuums Pro-Series 3,Home & Kitchen,20260603,2026-06-03,2026-06-03 03:00:00,3,APAC,VIP,2,106.82,32.05,213.64,181.59,Credit Card
2723,ORD_102723,1,117,CUST_0117,25,PROD_0025,Men's Jackets Pro-Series 1,Apparel & Fashion,20260418,2026-04-18,2026-04-18 05:00:00,1,North America,Standard,2,381.42,76.28,762.84,686.56,Apple Pay
2724,ORD_102724,1,432,CUST_0432,24,PROD_0024,Robotic Vacuums Pro-Series 3,Home & Kitchen,20260322,2026-03-22,2026-03-22 23:00:00,3,APAC,Standard,4,106.82,64.09,427.28,363.19,Debit Card
2725,ORD_102725,1,184,CUST_0184,5,PROD_0005,Laptops Pro-Series 2,Consumer Electronics,20250525,2025-05-25,2025-05-25 01:00:00,4,LATAM,Premium,1,144.32,0.0,144.32,144.32,Debit Card
2726,ORD_102726,1,424,CUST_0424,33,PROD_0033,Sportswear Pro-Series 3,Apparel & Fashion,20250728,2025-07-28,2025-07-28 01:00:00,4,LATAM,Standard,1,230.01,23.0,230.01,207.01,Debit Card
2727,ORD_102727,1,247,CUST_0247,35,PROD_0035,Watches Pro-Series 2,Apparel & Fashion,20250927,2025-09-27,2025-09-27 20:00:00,2,EMEA,Premium,4,495.6,0.0,1982.4,1982.4,PayPal
2728,ORD_102728,1,163,CUST_0163,20,PROD_0020,Blenders Pro-Series 2,Home & Kitchen,20250411,2025-04-11,2025-04-11 15:00:00,2,EMEA,Standard,5,80.82,0.0,404.1,404.1,PayPal
2729,ORD_102729,1,421,CUST_0421,5,PROD_0005,Laptops Pro-Series 2,Consumer Electronics,20260329,2026-03-29,2026-03-29 09:00:00,3,APAC,Standard,5,144.32,72.16,721.6,649.44,Debit Card
2730,ORD_102730,1,26,CUST_0026,11,PROD_0011,Smartwatches Pro-Series 2,Consumer Electronics,20250705,2025-07-05,2025-07-05 12:00:00,2,EMEA,Premium,3,627.26,188.18,1881.78,1693.6,Debit Card
2731,ORD_102731,1,76,CUST_0076,29,PROD_0029,Women's Sneakers Pro-Series 2,Apparel & Fashion,20260625,2026-06-25,2026-06-25 12:00:00,2,EMEA,Premium,5,420.39,210.19,2101.95,1891.76,Credit Card
2732,ORD_102732,1,220,CUST_0220,17,PROD_0017,Air Fryers Pro-Series 2,Home & Kitchen,20260405,2026-04-05,2026-04-05 13:00:00,2,EMEA,Premium,1,438.78,65.82,438.78,372.96,Debit Card
2733,ORD_102733,1,245,CUST_0245,5,PROD_0005,Laptops Pro-Series 2,Consumer Electronics,20250731,2025-07-31,2025-07-31 04:00:00,2,EMEA,Premium,3,144.32,21.65,432.96,411.31,Debit Card
2734,ORD_102734,1,355,CUST_0355,9,PROD_0009,Audio Headphones Pro-Series 3,Consumer Electronics,20260503,2026-05-03,2026-05-03 13:00:00,3,APAC,VIP,5,512.06,128.01,2560.3,2432.29,PayPal
2735,ORD_102735,1,370,CUST_0370,33,PROD_0033,Sportswear Pro-Series 3,Apparel & Fashion,20260626,2026-06-26,2026-06-26 13:00:00,4,LATAM,Premium,5,230.01,0.0,1150.05,1150.05,Debit Card
2736,ORD_102736,1,265,CUST_0265,34,PROD_0034,Watches Pro-Series 1,Apparel & Fashion,20250131,2025-01-31,2025-01-31 08:00:00,4,LATAM,Standard,5,277.89,69.47,1389.45,1319.98,PayPal
2737,ORD_102737,1,172,CUST_0172,24,PROD_0024,Robotic Vacuums Pro-Series 3,Home & Kitchen,20250228,2025-02-28,2025-02-28 22:00:00,2,EMEA,Standard,3,106.82,0.0,320.46,320.46,Apple Pay
2738,ORD_102738,1,269,CUST_0269,39,PROD_0039,Hardcover Novels Pro-Series 3,Books & Media,20250127,2025-01-27,2025-01-27 21:00:00,2,EMEA,Standard,4,217.64,43.53,870.56,827.03,Debit Card
2739,ORD_102739,1,306,CUST_0306,29,PROD_0029,Women's Sneakers Pro-Series 2,Apparel & Fashion,20250327,2025-03-27,2025-03-27 10:00:00,4,LATAM,Premium,3,420.39,0.0,1261.17,1261.17,Apple Pay
2740,ORD_102740,1,336,CUST_0336,21,PROD_0021,Blenders Pro-Series 3,Home & Kitchen,20250716,2025-07-16,2025-07-16 21:00:00,4,LATAM,Premium,4,137.29,0.0,549.16,549.16,Debit Card
2741,ORD_102741,1,452,CUST_0452,30,PROD_0030,Women's Sneakers Pro-Series 3,Apparel & Fashion,20260528,2026-05-28,2026-05-28 19:00:00,4,LATAM,Premium,3,378.05,113.42,1134.15,1020.73,Apple Pay
2742,ORD_102742,1,436,CUST_0436,5,PROD_0005,Laptops Pro-Series 2,Consumer Electronics,20250612,2025-06-12,2025-06-12 13:00:00,1,North America,Premium,2,144.32,28.86,288.64,259.78,PayPal
2743,ORD_102743,1,108,CUST_0108,26,PROD_0026,Men's Jackets Pro-Series 2,Apparel & Fashion,20250705,2025-07-05,2025-07-05 15:00:00,2,EMEA,Standard,4,387.88,77.58,1551.52,1473.94,PayPal
2744,ORD_102744,1,91,CUST_0091,12,PROD_0012,Smartwatches Pro-Series 3,Consumer Electronics,20250303,2025-03-03,2025-03-03 22:00:00,2,EMEA,Standard,4,414.15,0.0,1656.6,1656.6,Credit Card
2745,ORD_102745,1,426,CUST_0426,24,PROD_0024,Robotic Vacuums Pro-Series 3,Home & Kitchen,20250318,2025-03-18,2025-03-18 14:00:00,4,LATAM,Standard,4,106.82,0.0,427.28,427.28,Debit Card
2746,ORD_102746,1,85,CUST_0085,4,PROD_0004,Laptops Pro-Series 1,Consumer Electronics,20250420,2025-04-20,2025-04-20 13:00:00,3,APAC,Standard,2,328.32,65.66,656.64,590.98,Credit Card
2747,ORD_102747,1,429,CUST_0429,36,PROD_0036,Watches Pro-Series 3,Apparel & Fashion,20251023,2025-10-23,2025-10-23 08:00:00,4,LATAM,Standard,5,387.69,96.92,1938.45,1841.53,Credit Card
2748,ORD_102748,1,482,CUST_0482,7,PROD_0007,Audio Headphones Pro-Series 1,Consumer Electronics,20260119,2026-01-19,2026-01-19 05:00:00,4,LATAM,Standard,5,136.35,0.0,681.75,681.75,PayPal
2749,ORD_102749,1,96,CUST_0096,2,PROD_0002,Smartphones Pro-Series 2,Consumer Electronics,20260822,2026-08-22,2026-08-22 05:00:00,2,EMEA,Standard,4,484.7,0.0,1938.8,1938.8,Credit Card
2750,ORD_102750,1,348,CUST_0348,26,PROD_0026,Men's Jackets Pro-Series 2,Apparel & Fashion,20250930,2025-09-30,2025-09-30 05:00:00,3,APAC,Standard,4,387.88,0.0,1551.52,1551.52,Credit Card
2751,ORD_102751,1,13,CUST_0013,5,PROD_0005,Laptops Pro-Series 2,Consumer Electronics,20260309,2026-03-09,2026-03-09 17:00:00,4,LATAM,Standard,4,144.32,0.0,577.28,577.28,PayPal
2752,ORD_102752,1,474,CUST_0474,13,PROD_0013,Coffee Makers Pro-Series 1,Home & Kitchen,20250324,2025-03-24,2025-03-24 12:00:00,4,LATAM,Premium,1,177.25,17.73,177.25,159.52,Credit Card
2753,ORD_102753,1,299,CUST_0299,13,PROD_0013,Coffee Makers Pro-Series 1,Home & Kitchen,20250203,2025-02-03,2025-02-03 09:00:00,2,EMEA,Standard,2,177.25,53.17,354.5,301.33,Debit Card
2754,ORD_102754,1,470,CUST_0470,18,PROD_0018,Air Fryers Pro-Series 3,Home & Kitchen,20250707,2025-07-07,2025-07-07 08:00:00,4,LATAM,Standard,5,497.95,124.49,2489.75,2365.26,Credit Card
2755,ORD_102755,1,289,CUST_0289,18,PROD_0018,Air Fryers Pro-Series 3,Home & Kitchen,20260328,2026-03-28,2026-03-28 05:00:00,4,LATAM,Premium,4,497.95,99.59,1991.8,1892.21,Credit Card
2756,ORD_102756,1,491,CUST_0491,37,PROD_0037,Hardcover Novels Pro-Series 1,Books & Media,20260707,2026-07-07,2026-07-07 07:00:00,1,North America,Standard,4,271.24,108.5,1084.96,976.46,Apple Pay
2757,ORD_102757,1,452,CUST_0452,23,PROD_0023,Robotic Vacuums Pro-Series 2,Home & Kitchen,20250304,2025-03-04,2025-03-04 05:00:00,3,APAC,Premium,1,80.72,4.04,80.72,76.68,PayPal
2758,ORD_102758,1,359,CUST_0359,11,PROD_0011,Smartwatches Pro-Series 2,Consumer Electronics,20250511,2025-05-11,2025-05-11 14:00:00,4,LATAM,Standard,2,627.26,0.0,1254.52,1254.52,PayPal
2759,ORD_102759,1,421,CUST_0421,25,PROD_0025,Men's Jackets Pro-Series 1,Apparel & Fashion,20260810,2026-08-10,2026-08-10 03:00:00,2,EMEA,Standard,3,381.42,0.0,1144.26,1144.26,Apple Pay
2760,ORD_102760,1,31,CUST_0031,9,PROD_0009,Audio Headphones Pro-Series 3,Consumer Electronics,20260731,2026-07-31,2026-07-31 13:00:00,4,LATAM,Standard,4,512.06,307.24,2048.24,1741.0,Debit Card
2761,ORD_102761,1,233,CUST_0233,11,PROD_0011,Smartwatches Pro-Series 2,Consumer Electronics,20251206,2025-12-06,2025-12-06 05:00:00,3,APAC,Standard,3,627.26,94.09,1881.78,1787.69,Debit Card
2762,ORD_102762,1,384,CUST_0384,41,PROD_0041,Tech Guides Pro-Series 2,Books & Media,20250929,2025-09-29,2025-09-29 19:00:00,3,APAC,Premium,1,539.9,80.98,539.9,458.92,Credit Card
2763,ORD_102763,1,223,CUST_0223,20,PROD_0020,Blenders Pro-Series 2,Home & Kitchen,20260602,2026-06-02,2026-06-02 17:00:00,1,North America,Standard,4,80.82,48.49,323.28,274.79,Apple Pay
2764,ORD_102764,1,87,CUST_0087,3,PROD_0003,Smartphones Pro-Series 3,Consumer Electronics,20260227,2026-02-27,2026-02-27 00:00:00,1,North America,VIP,1,194.64,9.73,194.64,184.91,Credit Card
2765,ORD_102765,1,396,CUST_0396,5,PROD_0005,Laptops Pro-Series 2,Consumer Electronics,20250619,2025-06-19,2025-06-19 05:00:00,3,APAC,Standard,3,144.32,21.65,432.96,411.31,Credit Card
2766,ORD_102766,1,278,CUST_0278,37,PROD_0037,Hardcover Novels Pro-Series 1,Books & Media,20251014,2025-10-14,2025-10-14 08:00:00,1,North America,Standard,5,271.24,67.81,1356.2,1288.39,PayPal
2767,ORD_102767,1,491,CUST_0491,13,PROD_0013,Coffee Makers Pro-Series 1,Home & Kitchen,20250610,2025-06-10,2025-06-10 11:00:00,2,EMEA,Standard,2,177.25,17.73,354.5,336.77,Credit Card
2768,ORD_102768,1,184,CUST_0184,5,PROD_0005,Laptops Pro-Series 2,Consumer Electronics,20250621,2025-06-21,2025-06-21 07:00:00,1,North America,Premium,2,144.32,28.86,288.64,259.78,Apple Pay
2769,ORD_102769,1,59,CUST_0059,40,PROD_0040,Tech Guides Pro-Series 1,Books & Media,20251219,2025-12-19,2025-12-19 01:00:00,2,EMEA,Standard,3,507.6,152.28,1522.8,1370.52,Apple Pay
2770,ORD_102770,1,438,CUST_0438,26,PROD_0026,Men's Jackets Pro-Series 2,Apparel & Fashion,20250204,2025-02-04,2025-02-04 07:00:00,3,APAC,Standard,2,387.88,38.79,775.76,736.97,PayPal
2771,ORD_102771,1,151,CUST_0151,16,PROD_0016,Air Fryers Pro-Series 1,Home & Kitchen,20250717,2025-07-17,2025-07-17 05:00:00,4,LATAM,Standard,2,403.75,121.12,807.5,686.38,PayPal
2772,ORD_102772,1,14,CUST_0014,23,PROD_0023,Robotic Vacuums Pro-Series 2,Home & Kitchen,20250108,2025-01-08,2025-01-08 17:00:00,2,EMEA,Standard,1,80.72,4.04,80.72,76.68,Apple Pay
2773,ORD_102773,1,83,CUST_0083,38,PROD_0038,Hardcover Novels Pro-Series 2,Books & Media,20251004,2025-10-04,2025-10-04 02:00:00,1,North America,Premium,4,157.75,63.1,631.0,567.9,Debit Card
2774,ORD_102774,1,308,CUST_0308,40,PROD_0040,Tech Guides Pro-Series 1,Books & Media,20251117,2025-11-17,2025-11-17 19:00:00,2,EMEA,Premium,1,507.6,0.0,507.6,507.6,PayPal
2775,ORD_102775,1,206,CUST_0206,13,PROD_0013,Coffee Makers Pro-Series 1,Home & Kitchen,20250906,2025-09-06,2025-09-06 15:00:00,1,North America,Standard,4,177.25,106.35,709.0,602.65,Apple Pay
2776,ORD_102776,1,82,CUST_0082,5,PROD_0005,Laptops Pro-Series 2,Consumer Electronics,20260116,2026-01-16,2026-01-16 08:00:00,1,North America,Standard,4,144.32,28.86,577.28,548.42,Apple Pay
2777,ORD_102777,1,105,CUST_0105,29,PROD_0029,Women's Sneakers Pro-Series 2,Apparel & Fashion,20250406,2025-04-06,2025-04-06 18:00:00,3,APAC,Premium,5,420.39,0.0,2101.95,2101.95,PayPal
2778,ORD_102778,1,229,CUST_0229,5,PROD_0005,Laptops Pro-Series 2,Consumer Electronics,20250705,2025-07-05,2025-07-05 12:00:00,2,EMEA,Standard,1,144.32,21.65,144.32,122.67,Apple Pay
2779,ORD_102779,1,206,CUST_0206,9,PROD_0009,Audio Headphones Pro-Series 3,Consumer Electronics,20250826,2025-08-26,2025-08-26 23:00:00,4,LATAM,Standard,3,512.06,230.43,1536.18,1305.75,Apple Pay
2780,ORD_102780,1,437,CUST_0437,33,PROD_0033,Sportswear Pro-Series 3,Apparel & Fashion,20250604,2025-06-04,2025-06-04 21:00:00,4,LATAM,Premium,3,230.01,103.5,690.03,586.53,Credit Card
2781,ORD_102781,1,14,CUST_0014,40,PROD_0040,Tech Guides Pro-Series 1,Books & Media,20250526,2025-05-26,2025-05-26 22:00:00,4,LATAM,Standard,1,507.6,76.14,507.6,431.46,PayPal
2782,ORD_102782,1,293,CUST_0293,38,PROD_0038,Hardcover Novels Pro-Series 2,Books & Media,20250128,2025-01-28,2025-01-28 00:00:00,2,EMEA,Premium,5,157.75,78.88,788.75,709.87,Apple Pay
2783,ORD_102783,1,32,CUST_0032,13,PROD_0013,Coffee Makers Pro-Series 1,Home & Kitchen,20250521,2025-05-21,2025-05-21 08:00:00,2,EMEA,Standard,1,177.25,0.0,177.25,177.25,Apple Pay
2784,ORD_102784,1,182,CUST_0182,1,PROD_0001,Smartphones Pro-Series 1,Consumer Electronics,20250824,2025-08-24,2025-08-24 10:00:00,3,APAC,Standard,1,247.49,24.75,247.49,222.74,PayPal
2785,ORD_102785,1,298,CUST_0298,41,PROD_0041,Tech Guides Pro-Series 2,Books & Media,20250523,2025-05-23,2025-05-23 03:00:00,1,North America,Standard,3,539.9,80.98,1619.7,1538.72,Credit Card
2786,ORD_102786,1,249,CUST_0249,38,PROD_0038,Hardcover Novels Pro-Series 2,Books & Media,20260614,2026-06-14,2026-06-14 14:00:00,4,LATAM,Standard,2,157.75,31.55,315.5,283.95,Debit Card
2787,ORD_102787,1,355,CUST_0355,17,PROD_0017,Air Fryers Pro-Series 2,Home & Kitchen,20250510,2025-05-10,2025-05-10 11:00:00,2,EMEA,VIP,2,438.78,0.0,877.56,877.56,PayPal
2788,ORD_102788,1,409,CUST_0409,44,PROD_0044,Audiobooks Pro-Series 2,Books & Media,20250918,2025-09-18,2025-09-18 20:00:00,3,APAC,Standard,5,86.85,0.0,434.25,434.25,PayPal
2789,ORD_102789,1,396,CUST_0396,35,PROD_0035,Watches Pro-Series 2,Apparel & Fashion,20250108,2025-01-08,2025-01-08 09:00:00,4,LATAM,Standard,4,495.6,0.0,1982.4,1982.4,Debit Card
2790,ORD_102790,1,196,CUST_0196,37,PROD_0037,Hardcover Novels Pro-Series 1,Books & Media,20260520,2026-05-20,2026-05-20 20:00:00,2,EMEA,Standard,2,271.24,27.12,542.48,515.36,PayPal
2791,ORD_102791,1,182,CUST_0182,7,PROD_0007,Audio Headphones Pro-Series 1,Consumer Electronics,20260726,2026-07-26,2026-07-26 13:00:00,3,APAC,Standard,5,136.35,0.0,681.75,681.75,PayPal
2792,ORD_102792,1,367,CUST_0367,35,PROD_0035,Watches Pro-Series 2,Apparel & Fashion,20251215,2025-12-15,2025-12-15 14:00:00,3,APAC,Standard,4,495.6,198.24,1982.4,1784.16,Credit Card
2793,ORD_102793,1,326,CUST_0326,33,PROD_0033,Sportswear Pro-Series 3,Apparel & Fashion,20260617,2026-06-17,2026-06-17 10:00:00,3,APAC,Premium,5,230.01,57.5,1150.05,1092.55,PayPal
2794,ORD_102794,1,224,CUST_0224,31,PROD_0031,Sportswear Pro-Series 1,Apparel & Fashion,20251125,2025-11-25,2025-11-25 22:00:00,2,EMEA,Premium,4,610.97,122.19,2443.88,2321.69,Credit Card
2795,ORD_102795,1,204,CUST_0204,31,PROD_0031,Sportswear Pro-Series 1,Apparel & Fashion,20260605,2026-06-05,2026-06-05 08:00:00,2,EMEA,Standard,5,610.97,152.74,3054.85,2902.11,Apple Pay
2796,ORD_102796,1,442,CUST_0442,41,PROD_0041,Tech Guides Pro-Series 2,Books & Media,20251109,2025-11-09,2025-11-09 06:00:00,3,APAC,Standard,3,539.9,0.0,1619.7,1619.7,Debit Card
2797,ORD_102797,1,82,CUST_0082,12,PROD_0012,Smartwatches Pro-Series 3,Consumer Electronics,20250622,2025-06-22,2025-06-22 17:00:00,2,EMEA,Standard,3,414.15,0.0,1242.45,1242.45,Credit Card
2798,ORD_102798,1,181,CUST_0181,43,PROD_0043,Audiobooks Pro-Series 1,Books & Media,20260701,2026-07-01,2026-07-01 05:00:00,4,LATAM,Premium,2,262.83,52.57,525.66,473.09,Debit Card
2799,ORD_102799,1,211,CUST_0211,13,PROD_0013,Coffee Makers Pro-Series 1,Home & Kitchen,20250626,2025-06-26,2025-06-26 17:00:00,3,APAC,Standard,2,177.25,0.0,354.5,354.5,Credit Card
2800,ORD_102800,1,126,CUST_0126,18,PROD_0018,Air Fryers Pro-Series 3,Home & Kitchen,20250623,2025-06-23,2025-06-23 05:00:00,1,North America,Standard,3,497.95,74.69,1493.85,1419.16,Credit Card
2801,ORD_102801,1,360,CUST_0360,42,PROD_0042,Tech Guides Pro-Series 3,Books & Media,20250114,2025-01-14,2025-01-14 19:00:00,4,LATAM,Premium,4,201.79,40.36,807.16,766.8,Debit Card
2802,ORD_102802,1,210,CUST_0210,26,PROD_0026,Men's Jackets Pro-Series 2,Apparel & Fashion,20250210,2025-02-10,2025-02-10 04:00:00,1,North America,Standard,3,387.88,116.36,1163.64,1047.28,Credit Card
2803,ORD_102803,1,221,CUST_0221,13,PROD_0013,Coffee Makers Pro-Series 1,Home & Kitchen,20260818,2026-08-18,2026-08-18 11:00:00,2,EMEA,Standard,1,177.25,26.59,177.25,150.66,Apple Pay
2804,ORD_102804,1,368,CUST_0368,15,PROD_0015,Coffee Makers Pro-Series 3,Home & Kitchen,20250210,2025-02-10,2025-02-10 00:00:00,1,North America,Premium,1,397.04,0.0,397.04,397.04,PayPal
2805,ORD_102805,1,391,CUST_0391,13,PROD_0013,Coffee Makers Pro-Series 1,Home & Kitchen,20250909,2025-09-09,2025-09-09 11:00:00,2,EMEA,Standard,2,177.25,17.73,354.5,336.77,Apple Pay
2806,ORD_102806,1,45,CUST_0045,38,PROD_0038,Hardcover Novels Pro-Series 2,Books & Media,20260420,2026-04-20,2026-04-20 02:00:00,2,EMEA,Premium,4,157.75,0.0,631.0,631.0,Credit Card
2807,ORD_102807,1,478,CUST_0478,34,PROD_0034,Watches Pro-Series 1,Apparel & Fashion,20260306,2026-03-06,2026-03-06 00:00:00,2,EMEA,Premium,4,277.89,166.73,1111.56,944.83,Credit Card
2808,ORD_102808,1,144,CUST_0144,26,PROD_0026,Men's Jackets Pro-Series 2,Apparel & Fashion,20251125,2025-11-25,2025-11-25 12:00:00,1,North America,Premium,4,387.88,0.0,1551.52,1551.52,Debit Card
2809,ORD_102809,1,201,CUST_0201,19,PROD_0019,Blenders Pro-Series 1,Home & Kitchen,20260323,2026-03-23,2026-03-23 04:00:00,2,EMEA,Premium,5,523.93,261.96,2619.65,2357.69,Credit Card
2810,ORD_102810,1,167,CUST_0167,15,PROD_0015,Coffee Makers Pro-Series 3,Home & Kitchen,20250116,2025-01-16,2025-01-16 18:00:00,4,LATAM,Standard,2,397.04,39.7,794.08,754.38,Apple Pay
2811,ORD_102811,1,228,CUST_0228,28,PROD_0028,Women's Sneakers Pro-Series 1,Apparel & Fashion,20260310,2026-03-10,2026-03-10 02:00:00,2,EMEA,Premium,2,301.74,0.0,603.48,603.48,PayPal
2812,ORD_102812,1,59,CUST_0059,1,PROD_0001,Smartphones Pro-Series 1,Consumer Electronics,20250722,2025-07-22,2025-07-22 13:00:00,3,APAC,Standard,3,247.49,0.0,742.47,742.47,Debit Card
2813,ORD_102813,1,481,CUST_0481,13,PROD_0013,Coffee Makers Pro-Series 1,Home & Kitchen,20251103,2025-11-03,2025-11-03 04:00:00,1,North America,Standard,4,177.25,70.9,709.0,638.1,Apple Pay
2814,ORD_102814,1,469,CUST_0469,13,PROD_0013,Coffee Makers Pro-Series 1,Home & Kitchen,20251022,2025-10-22,2025-10-22 03:00:00,4,LATAM,VIP,2,177.25,53.17,354.5,301.33,Debit Card
2815,ORD_102815,1,186,CUST_0186,31,PROD_0031,Sportswear Pro-Series 1,Apparel & Fashion,20260202,2026-02-02,2026-02-02 16:00:00,4,LATAM,VIP,1,610.97,91.65,610.97,519.32,PayPal
2816,ORD_102816,1,150,CUST_0150,12,PROD_0012,Smartwatches Pro-Series 3,Consumer Electronics,20250915,2025-09-15,2025-09-15 19:00:00,1,North America,VIP,3,414.15,186.37,1242.45,1056.08,Credit Card
2817,ORD_102817,1,440,CUST_0440,22,PROD_0022,Robotic Vacuums Pro-Series 1,Home & Kitchen,20260430,2026-04-30,2026-04-30 10:00:00,1,North America,Standard,5,573.0,429.75,2865.0,2435.25,Credit Card
2818,ORD_102818,1,318,CUST_0318,40,PROD_0040,Tech Guides Pro-Series 1,Books & Media,20250330,2025-03-30,2025-03-30 15:00:00,2,EMEA,Standard,2,507.6,101.52,1015.2,913.68,PayPal
2819,ORD_102819,1,147,CUST_0147,36,PROD_0036,Watches Pro-Series 3,Apparel & Fashion,20250212,2025-02-12,2025-02-12 05:00:00,2,EMEA,Standard,4,387.69,155.08,1550.76,1395.68,Apple Pay
2820,ORD_102820,1,394,CUST_0394,32,PROD_0032,Sportswear Pro-Series 2,Apparel & Fashion,20251001,2025-10-01,2025-10-01 02:00:00,2,EMEA,Premium,2,106.55,21.31,213.1,191.79,Apple Pay
2821,ORD_102821,1,408,CUST_0408,13,PROD_0013,Coffee Makers Pro-Series 1,Home & Kitchen,20260315,2026-03-15,2026-03-15 10:00:00,4,LATAM,Standard,5,177.25,88.62,886.25,797.63,Debit Card
2822,ORD_102822,1,85,CUST_0085,23,PROD_0023,Robotic Vacuums Pro-Series 2,Home & Kitchen,20260807,2026-08-07,2026-08-07 00:00:00,3,APAC,Standard,5,80.72,40.36,403.6,363.24,PayPal
2823,ORD_102823,1,215,CUST_0215,36,PROD_0036,Watches Pro-Series 3,Apparel & Fashion,20260123,2026-01-23,2026-01-23 04:00:00,1,North America,Premium,3,387.69,174.46,1163.07,988.61,PayPal
2824,ORD_102824,1,223,CUST_0223,18,PROD_0018,Air Fryers Pro-Series 3,Home & Kitchen,20250722,2025-07-22,2025-07-22 16:00:00,1,North America,Standard,1,497.95,0.0,497.95,497.95,Apple Pay
2825,ORD_102825,1,448,CUST_0448,22,PROD_0022,Robotic Vacuums Pro-Series 1,Home & Kitchen,20250821,2025-08-21,2025-08-21 16:00:00,3,APAC,Premium,4,573.0,229.2,2292.0,2062.8,PayPal
2826,ORD_102826,1,372,CUST_0372,18,PROD_0018,Air Fryers Pro-Series 3,Home & Kitchen,20250404,2025-04-04,2025-04-04 12:00:00,2,EMEA,Premium,3,497.95,0.0,1493.85,1493.85,Credit Card
2827,ORD_102827,1,245,CUST_0245,35,PROD_0035,Watches Pro-Series 2,Apparel & Fashion,20260819,2026-08-19,2026-08-19 07:00:00,1,North America,Premium,3,495.6,223.02,1486.8,1263.78,Credit Card
2828,ORD_102828,1,434,CUST_0434,42,PROD_0042,Tech Guides Pro-Series 3,Books & Media,20251109,2025-11-09,2025-11-09 15:00:00,4,LATAM,VIP,1,201.79,20.18,201.79,181.61,PayPal
2829,ORD_102829,1,490,CUST_0490,34,PROD_0034,Watches Pro-Series 1,Apparel & Fashion,20260412,2026-04-12,2026-04-12 16:00:00,3,APAC,VIP,3,277.89,41.68,833.67,791.99,Debit Card
2830,ORD_102830,1,373,CUST_0373,25,PROD_0025,Men's Jackets Pro-Series 1,Apparel & Fashion,20250222,2025-02-22,2025-02-22 12:00:00,1,North America,Standard,5,381.42,286.06,1907.1,1621.04,Apple Pay
2831,ORD_102831,1,459,CUST_0459,27,PROD_0027,Men's Jackets Pro-Series 3,Apparel & Fashion,20260302,2026-03-02,2026-03-02 08:00:00,4,LATAM,Premium,2,452.99,135.9,905.98,770.08,PayPal
2832,ORD_102832,1,474,CUST_0474,5,PROD_0005,Laptops Pro-Series 2,Consumer Electronics,20260218,2026-02-18,2026-02-18 17:00:00,3,APAC,Premium,3,144.32,0.0,432.96,432.96,Apple Pay
2833,ORD_102833,1,312,CUST_0312,37,PROD_0037,Hardcover Novels Pro-Series 1,Books & Media,20260614,2026-06-14,2026-06-14 23:00:00,1,North America,Standard,1,271.24,13.56,271.24,257.68,Debit Card
2834,ORD_102834,1,86,CUST_0086,37,PROD_0037,Hardcover Novels Pro-Series 1,Books & Media,20260502,2026-05-02,2026-05-02 22:00:00,1,North America,Premium,1,271.24,27.12,271.24,244.12,Apple Pay
2835,ORD_102835,1,233,CUST_0233,42,PROD_0042,Tech Guides Pro-Series 3,Books & Media,20250211,2025-02-11,2025-02-11 22:00:00,4,LATAM,Standard,1,201.79,20.18,201.79,181.61,PayPal
2836,ORD_102836,1,386,CUST_0386,28,PROD_0028,Women's Sneakers Pro-Series 1,Apparel & Fashion,20260108,2026-01-08,2026-01-08 13:00:00,1,North America,Premium,3,301.74,0.0,905.22,905.22,PayPal
2837,ORD_102837,1,137,CUST_0137,28,PROD_0028,Women's Sneakers Pro-Series 1,Apparel & Fashion,20250911,2025-09-11,2025-09-11 14:00:00,2,EMEA,Premium,2,301.74,0.0,603.48,603.48,Debit Card
2838,ORD_102838,1,226,CUST_0226,43,PROD_0043,Audiobooks Pro-Series 1,Books & Media,20260510,2026-05-10,2026-05-10 20:00:00,2,EMEA,Standard,1,262.83,39.42,262.83,223.41,Debit Card
2839,ORD_102839,1,478,CUST_0478,9,PROD_0009,Audio Headphones Pro-Series 3,Consumer Electronics,20250504,2025-05-04,2025-05-04 17:00:00,2,EMEA,Premium,2,512.06,153.62,1024.12,870.5,Debit Card
2840,ORD_102840,1,329,CUST_0329,18,PROD_0018,Air Fryers Pro-Series 3,Home & Kitchen,20260502,2026-05-02,2026-05-02 18:00:00,1,North America,Standard,5,497.95,0.0,2489.75,2489.75,Debit Card
2841,ORD_102841,1,260,CUST_0260,28,PROD_0028,Women's Sneakers Pro-Series 1,Apparel & Fashion,20260605,2026-06-05,2026-06-05 20:00:00,3,APAC,Standard,2,301.74,60.35,603.48,543.13,Credit Card
2842,ORD_102842,1,385,CUST_0385,14,PROD_0014,Coffee Makers Pro-Series 2,Home & Kitchen,20260201,2026-02-01,2026-02-01 15:00:00,4,LATAM,Standard,2,94.28,18.86,188.56,169.7,PayPal
2843,ORD_102843,1,317,CUST_0317,33,PROD_0033,Sportswear Pro-Series 3,Apparel & Fashion,20260612,2026-06-12,2026-06-12 22:00:00,4,LATAM,Standard,4,230.01,0.0,920.04,920.04,Apple Pay
2844,ORD_102844,1,433,CUST_0433,43,PROD_0043,Audiobooks Pro-Series 1,Books & Media,20251127,2025-11-27,2025-11-27 00:00:00,3,APAC,Standard,5,262.83,65.71,1314.15,1248.44,PayPal
2845,ORD_102845,1,234,CUST_0234,4,PROD_0004,Laptops Pro-Series 1,Consumer Electronics,20250501,2025-05-01,2025-05-01 22:00:00,3,APAC,VIP,5,328.32,246.24,1641.6,1395.36,Credit Card
2846,ORD_102846,1,350,CUST_0350,29,PROD_0029,Women's Sneakers Pro-Series 2,Apparel & Fashion,20260713,2026-07-13,2026-07-13 12:00:00,1,North America,Standard,4,420.39,252.23,1681.56,1429.33,PayPal
2847,ORD_102847,1,391,CUST_0391,5,PROD_0005,Laptops Pro-Series 2,Consumer Electronics,20250711,2025-07-11,2025-07-11 01:00:00,4,LATAM,Standard,2,144.32,0.0,288.64,288.64,Debit Card
2848,ORD_102848,1,298,CUST_0298,12,PROD_0012,Smartwatches Pro-Series 3,Consumer Electronics,20250716,2025-07-16,2025-07-16 18:00:00,1,North America,Standard,5,414.15,103.54,2070.75,1967.21,Debit Card
2849,ORD_102849,1,79,CUST_0079,27,PROD_0027,Men's Jackets Pro-Series 3,Apparel & Fashion,20250503,2025-05-03,2025-05-03 17:00:00,3,APAC,Premium,2,452.99,45.3,905.98,860.68,Debit Card
2850,ORD_102850,1,378,CUST_0378,1,PROD_0001,Smartphones Pro-Series 1,Consumer Electronics,20250403,2025-04-03,2025-04-03 14:00:00,4,LATAM,Standard,3,247.49,74.25,742.47,668.22,PayPal
2851,ORD_102851,1,150,CUST_0150,11,PROD_0011,Smartwatches Pro-Series 2,Consumer Electronics,20260219,2026-02-19,2026-02-19 18:00:00,1,North America,VIP,2,627.26,62.73,1254.52,1191.79,Credit Card
2852,ORD_102852,1,155,CUST_0155,44,PROD_0044,Audiobooks Pro-Series 2,Books & Media,20250901,2025-09-01,2025-09-01 10:00:00,1,North America,Standard,1,86.85,8.69,86.85,78.16,Apple Pay
2853,ORD_102853,1,215,CUST_0215,29,PROD_0029,Women's Sneakers Pro-Series 2,Apparel & Fashion,20260803,2026-08-03,2026-08-03 19:00:00,1,North America,Premium,4,420.39,84.08,1681.56,1597.48,Credit Card
2854,ORD_102854,1,225,CUST_0225,13,PROD_0013,Coffee Makers Pro-Series 1,Home & Kitchen,20251215,2025-12-15,2025-12-15 17:00:00,1,North America,Premium,3,177.25,53.18,531.75,478.57,PayPal
2855,ORD_102855,1,288,CUST_0288,33,PROD_0033,Sportswear Pro-Series 3,Apparel & Fashion,20251006,2025-10-06,2025-10-06 07:00:00,3,APAC,Standard,2,230.01,0.0,460.02,460.02,PayPal
2856,ORD_102856,1,372,CUST_0372,35,PROD_0035,Watches Pro-Series 2,Apparel & Fashion,20250319,2025-03-19,2025-03-19 14:00:00,1,North America,Premium,4,495.6,297.36,1982.4,1685.04,Credit Card
2857,ORD_102857,1,193,CUST_0193,42,PROD_0042,Tech Guides Pro-Series 3,Books & Media,20260131,2026-01-31,2026-01-31 20:00:00,3,APAC,Standard,2,201.79,0.0,403.58,403.58,Apple Pay
2858,ORD_102858,1,443,CUST_0443,4,PROD_0004,Laptops Pro-Series 1,Consumer Electronics,20260625,2026-06-25,2026-06-25 18:00:00,1,North America,Standard,4,328.32,131.33,1313.28,1181.95,PayPal
2859,ORD_102859,1,169,CUST_0169,1,PROD_0001,Smartphones Pro-Series 1,Consumer Electronics,20260608,2026-06-08,2026-06-08 02:00:00,2,EMEA,Standard,4,247.49,0.0,989.96,989.96,Credit Card
2860,ORD_102860,1,480,CUST_0480,39,PROD_0039,Hardcover Novels Pro-Series 3,Books & Media,20260503,2026-05-03,2026-05-03 01:00:00,2,EMEA,Standard,4,217.64,87.06,870.56,783.5,Credit Card
2861,ORD_102861,1,105,CUST_0105,2,PROD_0002,Smartphones Pro-Series 2,Consumer Electronics,20260402,2026-04-02,2026-04-02 01:00:00,1,North America,Premium,5,484.7,0.0,2423.5,2423.5,Debit Card
2862,ORD_102862,1,77,CUST_0077,34,PROD_0034,Watches Pro-Series 1,Apparel & Fashion,20250613,2025-06-13,2025-06-13 12:00:00,2,EMEA,Standard,5,277.89,208.42,1389.45,1181.03,PayPal
2863,ORD_102863,1,432,CUST_0432,34,PROD_0034,Watches Pro-Series 1,Apparel & Fashion,20251031,2025-10-31,2025-10-31 09:00:00,3,APAC,Standard,1,277.89,0.0,277.89,277.89,Debit Card
2864,ORD_102864,1,260,CUST_0260,43,PROD_0043,Audiobooks Pro-Series 1,Books & Media,20250531,2025-05-31,2025-05-31 16:00:00,3,APAC,Standard,5,262.83,65.71,1314.15,1248.44,Debit Card
2865,ORD_102865,1,39,CUST_0039,27,PROD_0027,Men's Jackets Pro-Series 3,Apparel & Fashion,20251010,2025-10-10,2025-10-10 02:00:00,1,North America,Standard,4,452.99,0.0,1811.96,1811.96,Debit Card
2866,ORD_102866,1,410,CUST_0410,31,PROD_0031,Sportswear Pro-Series 1,Apparel & Fashion,20250423,2025-04-23,2025-04-23 05:00:00,4,LATAM,Standard,4,610.97,122.19,2443.88,2321.69,Credit Card
2867,ORD_102867,1,272,CUST_0272,9,PROD_0009,Audio Headphones Pro-Series 3,Consumer Electronics,20260725,2026-07-25,2026-07-25 01:00:00,1,North America,Standard,2,512.06,0.0,1024.12,1024.12,Debit Card
2868,ORD_102868,1,388,CUST_0388,12,PROD_0012,Smartwatches Pro-Series 3,Consumer Electronics,20250228,2025-02-28,2025-02-28 20:00:00,4,LATAM,Standard,2,414.15,82.83,828.3,745.47,Apple Pay
2869,ORD_102869,1,167,CUST_0167,39,PROD_0039,Hardcover Novels Pro-Series 3,Books & Media,20251003,2025-10-03,2025-10-03 06:00:00,4,LATAM,Standard,2,217.64,43.53,435.28,391.75,Apple Pay
2870,ORD_102870,1,421,CUST_0421,32,PROD_0032,Sportswear Pro-Series 2,Apparel & Fashion,20260619,2026-06-19,2026-06-19 21:00:00,1,North America,Standard,1,106.55,5.33,106.55,101.22,Credit Card
2871,ORD_102871,1,477,CUST_0477,43,PROD_0043,Audiobooks Pro-Series 1,Books & Media,20251030,2025-10-30,2025-10-30 21:00:00,2,EMEA,VIP,3,262.83,39.42,788.49,749.07,Apple Pay
2872,ORD_102872,1,306,CUST_0306,2,PROD_0002,Smartphones Pro-Series 2,Consumer Electronics,20250809,2025-08-09,2025-08-09 13:00:00,1,North America,Premium,2,484.7,48.47,969.4,920.93,Debit Card
2873,ORD_102873,1,5,CUST_0005,12,PROD_0012,Smartwatches Pro-Series 3,Consumer Electronics,20260108,2026-01-08,2026-01-08 07:00:00,3,APAC,Standard,5,414.15,310.61,2070.75,1760.14,Debit Card
2874,ORD_102874,1,313,CUST_0313,25,PROD_0025,Men's Jackets Pro-Series 1,Apparel & Fashion,20250302,2025-03-02,2025-03-02 07:00:00,4,LATAM,Standard,1,381.42,19.07,381.42,362.35,Apple Pay
2875,ORD_102875,1,163,CUST_0163,9,PROD_0009,Audio Headphones Pro-Series 3,Consumer Electronics,20250906,2025-09-06,2025-09-06 12:00:00,3,APAC,Standard,1,512.06,51.21,512.06,460.85,Apple Pay
2876,ORD_102876,1,392,CUST_0392,28,PROD_0028,Women's Sneakers Pro-Series 1,Apparel & Fashion,20250816,2025-08-16,2025-08-16 22:00:00,3,APAC,Premium,5,301.74,0.0,1508.7,1508.7,Debit Card
2877,ORD_102877,1,348,CUST_0348,2,PROD_0002,Smartphones Pro-Series 2,Consumer Electronics,20260112,2026-01-12,2026-01-12 08:00:00,2,EMEA,Standard,4,484.7,193.88,1938.8,1744.92,PayPal
2878,ORD_102878,1,448,CUST_0448,37,PROD_0037,Hardcover Novels Pro-Series 1,Books & Media,20250502,2025-05-02,2025-05-02 11:00:00,4,LATAM,Premium,4,271.24,54.25,1084.96,1030.71,Apple Pay
2879,ORD_102879,1,205,CUST_0205,27,PROD_0027,Men's Jackets Pro-Series 3,Apparel & Fashion,20251011,2025-10-11,2025-10-11 22:00:00,2,EMEA,Standard,2,452.99,45.3,905.98,860.68,PayPal
2880,ORD_102880,1,196,CUST_0196,26,PROD_0026,Men's Jackets Pro-Series 2,Apparel & Fashion,20260315,2026-03-15,2026-03-15 01:00:00,4,LATAM,Standard,5,387.88,290.91,1939.4,1648.49,Apple Pay
2881,ORD_102881,1,67,CUST_0067,24,PROD_0024,Robotic Vacuums Pro-Series 3,Home & Kitchen,20260823,2026-08-23,2026-08-23 02:00:00,3,APAC,Premium,5,106.82,80.11,534.1,453.99,PayPal
2882,ORD_102882,1,26,CUST_0026,17,PROD_0017,Air Fryers Pro-Series 2,Home & Kitchen,20250519,2025-05-19,2025-05-19 23:00:00,2,EMEA,Premium,5,438.78,329.08,2193.9,1864.82,PayPal
2883,ORD_102883,1,289,CUST_0289,40,PROD_0040,Tech Guides Pro-Series 1,Books & Media,20250619,2025-06-19,2025-06-19 13:00:00,2,EMEA,Premium,1,507.6,76.14,507.6,431.46,Debit Card
2884,ORD_102884,1,495,CUST_0495,30,PROD_0030,Women's Sneakers Pro-Series 3,Apparel & Fashion,20260212,2026-02-12,2026-02-12 02:00:00,4,LATAM,Standard,2,378.05,37.8,756.1,718.3,Apple Pay
2885,ORD_102885,1,303,CUST_0303,39,PROD_0039,Hardcover Novels Pro-Series 3,Books & Media,20260122,2026-01-22,2026-01-22 19:00:00,2,EMEA,Standard,5,217.64,54.41,1088.2,1033.79,PayPal
2886,ORD_102886,1,377,CUST_0377,31,PROD_0031,Sportswear Pro-Series 1,Apparel & Fashion,20251125,2025-11-25,2025-11-25 17:00:00,4,LATAM,Standard,5,610.97,458.23,3054.85,2596.62,Debit Card
2887,ORD_102887,1,96,CUST_0096,24,PROD_0024,Robotic Vacuums Pro-Series 3,Home & Kitchen,20260407,2026-04-07,2026-04-07 19:00:00,4,LATAM,Standard,1,106.82,10.68,106.82,96.14,Credit Card
2888,ORD_102888,1,269,CUST_0269,12,PROD_0012,Smartwatches Pro-Series 3,Consumer Electronics,20250910,2025-09-10,2025-09-10 08:00:00,1,North America,Standard,5,414.15,207.08,2070.75,1863.67,PayPal
2889,ORD_102889,1,103,CUST_0103,39,PROD_0039,Hardcover Novels Pro-Series 3,Books & Media,20250408,2025-04-08,2025-04-08 10:00:00,2,EMEA,Premium,5,217.64,0.0,1088.2,1088.2,PayPal
2890,ORD_102890,1,6,CUST_0006,2,PROD_0002,Smartphones Pro-Series 2,Consumer Electronics,20250510,2025-05-10,2025-05-10 12:00:00,1,North America,Premium,1,484.7,48.47,484.7,436.23,Apple Pay
2891,ORD_102891,1,338,CUST_0338,45,PROD_0045,Audiobooks Pro-Series 3,Books & Media,20250220,2025-02-20,2025-02-20 20:00:00,4,LATAM,Premium,4,512.51,102.5,2050.04,1947.54,Credit Card
2892,ORD_102892,1,334,CUST_0334,43,PROD_0043,Audiobooks Pro-Series 1,Books & Media,20251109,2025-11-09,2025-11-09 23:00:00,2,EMEA,VIP,1,262.83,26.28,262.83,236.55,Credit Card
2893,ORD_102893,1,61,CUST_0061,2,PROD_0002,Smartphones Pro-Series 2,Consumer Electronics,20250811,2025-08-11,2025-08-11 09:00:00,2,EMEA,VIP,5,484.7,363.52,2423.5,2059.98,Apple Pay
2894,ORD_102894,1,432,CUST_0432,35,PROD_0035,Watches Pro-Series 2,Apparel & Fashion,20250605,2025-06-05,2025-06-05 20:00:00,4,LATAM,Standard,2,495.6,0.0,991.2,991.2,Debit Card
2895,ORD_102895,1,197,CUST_0197,20,PROD_0020,Blenders Pro-Series 2,Home & Kitchen,20251202,2025-12-02,2025-12-02 21:00:00,2,EMEA,Standard,2,80.82,16.16,161.64,145.48,Credit Card
2896,ORD_102896,1,497,CUST_0497,42,PROD_0042,Tech Guides Pro-Series 3,Books & Media,20251204,2025-12-04,2025-12-04 19:00:00,2,EMEA,Premium,1,201.79,10.09,201.79,191.7,PayPal
2897,ORD_102897,1,16,CUST_0016,37,PROD_0037,Hardcover Novels Pro-Series 1,Books & Media,20251211,2025-12-11,2025-12-11 07:00:00,4,LATAM,Standard,4,271.24,162.74,1084.96,922.22,Credit Card
2898,ORD_102898,1,464,CUST_0464,40,PROD_0040,Tech Guides Pro-Series 1,Books & Media,20250925,2025-09-25,2025-09-25 17:00:00,4,LATAM,Standard,2,507.6,0.0,1015.2,1015.2,Apple Pay
2899,ORD_102899,1,68,CUST_0068,1,PROD_0001,Smartphones Pro-Series 1,Consumer Electronics,20260216,2026-02-16,2026-02-16 17:00:00,1,North America,Standard,4,247.49,99.0,989.96,890.96,PayPal
2900,ORD_102900,1,316,CUST_0316,27,PROD_0027,Men's Jackets Pro-Series 3,Apparel & Fashion,20250103,2025-01-03,2025-01-03 14:00:00,4,LATAM,Standard,1,452.99,67.95,452.99,385.04,Apple Pay
2901,ORD_102901,1,388,CUST_0388,42,PROD_0042,Tech Guides Pro-Series 3,Books & Media,20260507,2026-05-07,2026-05-07 04:00:00,3,APAC,Standard,1,201.79,20.18,201.79,181.61,PayPal
2902,ORD_102902,1,132,CUST_0132,8,PROD_0008,Audio Headphones Pro-Series 2,Consumer Electronics,20251111,2025-11-11,2025-11-11 15:00:00,2,EMEA,Standard,3,596.84,89.53,1790.52,1700.99,Credit Card
2903,ORD_102903,1,339,CUST_0339,40,PROD_0040,Tech Guides Pro-Series 1,Books & Media,20250718,2025-07-18,2025-07-18 15:00:00,3,APAC,Premium,4,507.6,0.0,2030.4,2030.4,Credit Card
2904,ORD_102904,1,251,CUST_0251,32,PROD_0032,Sportswear Pro-Series 2,Apparel & Fashion,20250223,2025-02-23,2025-02-23 15:00:00,2,EMEA,Premium,2,106.55,0.0,213.1,213.1,Debit Card
2905,ORD_102905,1,116,CUST_0116,27,PROD_0027,Men's Jackets Pro-Series 3,Apparel & Fashion,20251225,2025-12-25,2025-12-25 01:00:00,1,North America,Standard,5,452.99,113.25,2264.95,2151.7,Credit Card
2906,ORD_102906,1,171,CUST_0171,40,PROD_0040,Tech Guides Pro-Series 1,Books & Media,20250531,2025-05-31,2025-05-31 22:00:00,1,North America,Standard,5,507.6,126.9,2538.0,2411.1,Debit Card
2907,ORD_102907,1,236,CUST_0236,3,PROD_0003,Smartphones Pro-Series 3,Consumer Electronics,20250718,2025-07-18,2025-07-18 06:00:00,2,EMEA,Standard,3,194.64,29.2,583.92,554.72,Apple Pay
2908,ORD_102908,1,434,CUST_0434,29,PROD_0029,Women's Sneakers Pro-Series 2,Apparel & Fashion,20251114,2025-11-14,2025-11-14 08:00:00,3,APAC,VIP,5,420.39,0.0,2101.95,2101.95,Apple Pay
2909,ORD_102909,1,14,CUST_0014,29,PROD_0029,Women's Sneakers Pro-Series 2,Apparel & Fashion,20260521,2026-05-21,2026-05-21 13:00:00,4,LATAM,Standard,2,420.39,42.04,840.78,798.74,Apple Pay
2910,ORD_102910,1,355,CUST_0355,31,PROD_0031,Sportswear Pro-Series 1,Apparel & Fashion,20250309,2025-03-09,2025-03-09 00:00:00,4,LATAM,VIP,3,610.97,0.0,1832.91,1832.91,Credit Card
2911,ORD_102911,1,18,CUST_0018,45,PROD_0045,Audiobooks Pro-Series 3,Books & Media,20260428,2026-04-28,2026-04-28 20:00:00,3,APAC,Standard,1,512.51,76.88,512.51,435.63,PayPal
2912,ORD_102912,1,304,CUST_0304,23,PROD_0023,Robotic Vacuums Pro-Series 2,Home & Kitchen,20250620,2025-06-20,2025-06-20 17:00:00,1,North America,Standard,3,80.72,24.22,242.16,217.94,Debit Card
2913,ORD_102913,1,19,CUST_0019,39,PROD_0039,Hardcover Novels Pro-Series 3,Books & Media,20250717,2025-07-17,2025-07-17 08:00:00,1,North America,Standard,5,217.64,108.82,1088.2,979.38,Credit Card
2914,ORD_102914,1,279,CUST_0279,6,PROD_0006,Laptops Pro-Series 3,Consumer Electronics,20251219,2025-12-19,2025-12-19 11:00:00,1,North America,Standard,3,304.52,137.03,913.56,776.53,Apple Pay
2915,ORD_102915,1,410,CUST_0410,40,PROD_0040,Tech Guides Pro-Series 1,Books & Media,20251005,2025-10-05,2025-10-05 22:00:00,4,LATAM,Standard,3,507.6,76.14,1522.8,1446.66,Credit Card
2916,ORD_102916,1,332,CUST_0332,32,PROD_0032,Sportswear Pro-Series 2,Apparel & Fashion,20260212,2026-02-12,2026-02-12 01:00:00,4,LATAM,Standard,1,106.55,0.0,106.55,106.55,Apple Pay
2917,ORD_102917,1,126,CUST_0126,1,PROD_0001,Smartphones Pro-Series 1,Consumer Electronics,20250112,2025-01-12,2025-01-12 18:00:00,3,APAC,Standard,3,247.49,74.25,742.47,668.22,Credit Card
2918,ORD_102918,1,10,CUST_0010,16,PROD_0016,Air Fryers Pro-Series 1,Home & Kitchen,20260707,2026-07-07,2026-07-07 08:00:00,2,EMEA,Standard,2,403.75,0.0,807.5,807.5,Credit Card
2919,ORD_102919,1,196,CUST_0196,26,PROD_0026,Men's Jackets Pro-Series 2,Apparel & Fashion,20250803,2025-08-03,2025-08-03 18:00:00,2,EMEA,Standard,1,387.88,19.39,387.88,368.49,Apple Pay
2920,ORD_102920,1,205,CUST_0205,44,PROD_0044,Audiobooks Pro-Series 2,Books & Media,20260712,2026-07-12,2026-07-12 17:00:00,3,APAC,Standard,1,86.85,13.03,86.85,73.82,Credit Card
2921,ORD_102921,1,165,CUST_0165,11,PROD_0011,Smartwatches Pro-Series 2,Consumer Electronics,20250605,2025-06-05,2025-06-05 12:00:00,3,APAC,Standard,1,627.26,94.09,627.26,533.17,Apple Pay
2922,ORD_102922,1,308,CUST_0308,14,PROD_0014,Coffee Makers Pro-Series 2,Home & Kitchen,20260324,2026-03-24,2026-03-24 22:00:00,2,EMEA,Premium,2,94.28,18.86,188.56,169.7,Debit Card
2923,ORD_102923,1,29,CUST_0029,13,PROD_0013,Coffee Makers Pro-Series 1,Home & Kitchen,20250516,2025-05-16,2025-05-16 06:00:00,4,LATAM,Premium,3,177.25,53.18,531.75,478.57,Credit Card
2924,ORD_102924,1,461,CUST_0461,4,PROD_0004,Laptops Pro-Series 1,Consumer Electronics,20260531,2026-05-31,2026-05-31 16:00:00,4,LATAM,Standard,4,328.32,0.0,1313.28,1313.28,Debit Card
2925,ORD_102925,1,87,CUST_0087,3,PROD_0003,Smartphones Pro-Series 3,Consumer Electronics,20250213,2025-02-13,2025-02-13 19:00:00,1,North America,VIP,5,194.64,0.0,973.2,973.2,Apple Pay
2926,ORD_102926,1,48,CUST_0048,13,PROD_0013,Coffee Makers Pro-Series 1,Home & Kitchen,20250816,2025-08-16,2025-08-16 02:00:00,2,EMEA,Standard,4,177.25,106.35,709.0,602.65,Credit Card
2927,ORD_102927,1,276,CUST_0276,18,PROD_0018,Air Fryers Pro-Series 3,Home & Kitchen,20250409,2025-04-09,2025-04-09 10:00:00,3,APAC,Premium,5,497.95,0.0,2489.75,2489.75,Apple Pay
2928,ORD_102928,1,124,CUST_0124,12,PROD_0012,Smartwatches Pro-Series 3,Consumer Electronics,20250616,2025-06-16,2025-06-16 12:00:00,1,North America,VIP,1,414.15,62.12,414.15,352.03,Credit Card
2929,ORD_102929,1,409,CUST_0409,44,PROD_0044,Audiobooks Pro-Series 2,Books & Media,20251030,2025-10-30,2025-10-30 14:00:00,2,EMEA,Standard,2,86.85,0.0,173.7,173.7,Apple Pay
2930,ORD_102930,1,464,CUST_0464,31,PROD_0031,Sportswear Pro-Series 1,Apparel & Fashion,20250820,2025-08-20,2025-08-20 19:00:00,1,North America,Standard,4,610.97,366.58,2443.88,2077.3,Apple Pay
2931,ORD_102931,1,143,CUST_0143,19,PROD_0019,Blenders Pro-Series 1,Home & Kitchen,20260108,2026-01-08,2026-01-08 22:00:00,4,LATAM,Premium,1,523.93,26.2,523.93,497.73,PayPal
2932,ORD_102932,1,385,CUST_0385,5,PROD_0005,Laptops Pro-Series 2,Consumer Electronics,20250323,2025-03-23,2025-03-23 14:00:00,3,APAC,Standard,4,144.32,0.0,577.28,577.28,Apple Pay
2933,ORD_102933,1,140,CUST_0140,27,PROD_0027,Men's Jackets Pro-Series 3,Apparel & Fashion,20250907,2025-09-07,2025-09-07 18:00:00,4,LATAM,Standard,4,452.99,271.79,1811.96,1540.17,PayPal
2934,ORD_102934,1,128,CUST_0128,21,PROD_0021,Blenders Pro-Series 3,Home & Kitchen,20260222,2026-02-22,2026-02-22 05:00:00,4,LATAM,Premium,1,137.29,13.73,137.29,123.56,PayPal
2935,ORD_102935,1,384,CUST_0384,25,PROD_0025,Men's Jackets Pro-Series 1,Apparel & Fashion,20250114,2025-01-14,2025-01-14 04:00:00,1,North America,Premium,5,381.42,190.71,1907.1,1716.39,Credit Card
2936,ORD_102936,1,249,CUST_0249,36,PROD_0036,Watches Pro-Series 3,Apparel & Fashion,20250513,2025-05-13,2025-05-13 11:00:00,4,LATAM,Standard,1,387.69,19.38,387.69,368.31,Debit Card
2937,ORD_102937,1,25,CUST_0025,22,PROD_0022,Robotic Vacuums Pro-Series 1,Home & Kitchen,20260614,2026-06-14,2026-06-14 12:00:00,1,North America,Standard,4,573.0,114.6,2292.0,2177.4,Credit Card
2938,ORD_102938,1,123,CUST_0123,28,PROD_0028,Women's Sneakers Pro-Series 1,Apparel & Fashion,20260210,2026-02-10,2026-02-10 12:00:00,1,North America,Standard,3,301.74,0.0,905.22,905.22,PayPal
2939,ORD_102939,1,45,CUST_0045,42,PROD_0042,Tech Guides Pro-Series 3,Books & Media,20260628,2026-06-28,2026-06-28 20:00:00,4,LATAM,Premium,3,201.79,0.0,605.37,605.37,Credit Card
2940,ORD_102940,1,301,CUST_0301,3,PROD_0003,Smartphones Pro-Series 3,Consumer Electronics,20250112,2025-01-12,2025-01-12 06:00:00,1,North America,Premium,2,194.64,0.0,389.28,389.28,PayPal
2941,ORD_102941,1,187,CUST_0187,9,PROD_0009,Audio Headphones Pro-Series 3,Consumer Electronics,20250130,2025-01-30,2025-01-30 04:00:00,1,North America,Standard,5,512.06,256.03,2560.3,2304.27,Apple Pay
2942,ORD_102942,1,103,CUST_0103,30,PROD_0030,Women's Sneakers Pro-Series 3,Apparel & Fashion,20250611,2025-06-11,2025-06-11 22:00:00,3,APAC,Premium,5,378.05,283.54,1890.25,1606.71,Apple Pay
2943,ORD_102943,1,295,CUST_0295,42,PROD_0042,Tech Guides Pro-Series 3,Books & Media,20250825,2025-08-25,2025-08-25 03:00:00,2,EMEA,Standard,4,201.79,0.0,807.16,807.16,Credit Card
2944,ORD_102944,1,23,CUST_0023,9,PROD_0009,Audio Headphones Pro-Series 3,Consumer Electronics,20260701,2026-07-01,2026-07-01 13:00:00,4,LATAM,Premium,3,512.06,230.43,1536.18,1305.75,Apple Pay
2945,ORD_102945,1,416,CUST_0416,18,PROD_0018,Air Fryers Pro-Series 3,Home & Kitchen,20251126,2025-11-26,2025-11-26 08:00:00,2,EMEA,VIP,1,497.95,49.8,497.95,448.15,Apple Pay
2946,ORD_102946,1,145,CUST_0145,45,PROD_0045,Audiobooks Pro-Series 3,Books & Media,20260725,2026-07-25,2026-07-25 19:00:00,3,APAC,Premium,3,512.51,76.88,1537.53,1460.65,Credit Card
2947,ORD_102947,1,9,CUST_0009,41,PROD_0041,Tech Guides Pro-Series 2,Books & Media,20250508,2025-05-08,2025-05-08 17:00:00,1,North America,Premium,5,539.9,404.93,2699.5,2294.57,Apple Pay
2948,ORD_102948,1,109,CUST_0109,19,PROD_0019,Blenders Pro-Series 1,Home & Kitchen,20251225,2025-12-25,2025-12-25 16:00:00,3,APAC,Premium,3,523.93,235.77,1571.79,1336.02,Debit Card
2949,ORD_102949,1,306,CUST_0306,44,PROD_0044,Audiobooks Pro-Series 2,Books & Media,20250610,2025-06-10,2025-06-10 05:00:00,3,APAC,Premium,2,86.85,0.0,173.7,173.7,Debit Card
2950,ORD_102950,1,162,CUST_0162,45,PROD_0045,Audiobooks Pro-Series 3,Books & Media,20260522,2026-05-22,2026-05-22 01:00:00,4,LATAM,Premium,4,512.51,0.0,2050.04,2050.04,PayPal
2951,ORD_102951,1,416,CUST_0416,27,PROD_0027,Men's Jackets Pro-Series 3,Apparel & Fashion,20260223,2026-02-23,2026-02-23 03:00:00,2,EMEA,VIP,3,452.99,203.85,1358.97,1155.12,Credit Card
2952,ORD_102952,1,152,CUST_0152,29,PROD_0029,Women's Sneakers Pro-Series 2,Apparel & Fashion,20260404,2026-04-04,2026-04-04 00:00:00,2,EMEA,Premium,4,420.39,252.23,1681.56,1429.33,Credit Card
2953,ORD_102953,1,181,CUST_0181,5,PROD_0005,Laptops Pro-Series 2,Consumer Electronics,20250515,2025-05-15,2025-05-15 06:00:00,3,APAC,Premium,5,144.32,72.16,721.6,649.44,Credit Card
2954,ORD_102954,1,489,CUST_0489,13,PROD_0013,Coffee Makers Pro-Series 1,Home & Kitchen,20250314,2025-03-14,2025-03-14 11:00:00,1,North America,Standard,1,177.25,26.59,177.25,150.66,PayPal
2955,ORD_102955,1,255,CUST_0255,7,PROD_0007,Audio Headphones Pro-Series 1,Consumer Electronics,20250403,2025-04-03,2025-04-03 13:00:00,3,APAC,Standard,4,136.35,0.0,545.4,545.4,Apple Pay
2956,ORD_102956,1,293,CUST_0293,4,PROD_0004,Laptops Pro-Series 1,Consumer Electronics,20260624,2026-06-24,2026-06-24 14:00:00,3,APAC,Premium,2,328.32,32.83,656.64,623.81,Apple Pay
2957,ORD_102957,1,108,CUST_0108,16,PROD_0016,Air Fryers Pro-Series 1,Home & Kitchen,20251106,2025-11-06,2025-11-06 02:00:00,3,APAC,Standard,3,403.75,181.69,1211.25,1029.56,Apple Pay
2958,ORD_102958,1,193,CUST_0193,17,PROD_0017,Air Fryers Pro-Series 2,Home & Kitchen,20250227,2025-02-27,2025-02-27 22:00:00,3,APAC,Standard,2,438.78,0.0,877.56,877.56,Apple Pay
2959,ORD_102959,1,28,CUST_0028,21,PROD_0021,Blenders Pro-Series 3,Home & Kitchen,20260424,2026-04-24,2026-04-24 18:00:00,4,LATAM,Premium,1,137.29,0.0,137.29,137.29,Debit Card
2960,ORD_102960,1,480,CUST_0480,20,PROD_0020,Blenders Pro-Series 2,Home & Kitchen,20260322,2026-03-22,2026-03-22 23:00:00,4,LATAM,Standard,5,80.82,20.2,404.1,383.9,Debit Card
2961,ORD_102961,1,454,CUST_0454,8,PROD_0008,Audio Headphones Pro-Series 2,Consumer Electronics,20251205,2025-12-05,2025-12-05 12:00:00,2,EMEA,Standard,2,596.84,119.37,1193.68,1074.31,Debit Card
2962,ORD_102962,1,344,CUST_0344,36,PROD_0036,Watches Pro-Series 3,Apparel & Fashion,20250928,2025-09-28,2025-09-28 20:00:00,4,LATAM,Standard,4,387.69,0.0,1550.76,1550.76,Apple Pay
2963,ORD_102963,1,396,CUST_0396,12,PROD_0012,Smartwatches Pro-Series 3,Consumer Electronics,20260425,2026-04-25,2026-04-25 01:00:00,2,EMEA,Standard,4,414.15,248.49,1656.6,1408.11,Credit Card
2964,ORD_102964,1,126,CUST_0126,1,PROD_0001,Smartphones Pro-Series 1,Consumer Electronics,20260710,2026-07-10,2026-07-10 08:00:00,1,North America,Standard,5,247.49,61.87,1237.45,1175.58,PayPal
2965,ORD_102965,1,185,CUST_0185,28,PROD_0028,Women's Sneakers Pro-Series 1,Apparel & Fashion,20250127,2025-01-27,2025-01-27 19:00:00,4,LATAM,VIP,2,301.74,30.17,603.48,573.31,PayPal
2966,ORD_102966,1,362,CUST_0362,39,PROD_0039,Hardcover Novels Pro-Series 3,Books & Media,20250528,2025-05-28,2025-05-28 22:00:00,4,LATAM,Premium,2,217.64,21.76,435.28,413.52,PayPal
2967,ORD_102967,1,149,CUST_0149,17,PROD_0017,Air Fryers Pro-Series 2,Home & Kitchen,20260803,2026-08-03,2026-08-03 12:00:00,1,North America,Premium,2,438.78,43.88,877.56,833.68,Apple Pay
2968,ORD_102968,1,418,CUST_0418,26,PROD_0026,Men's Jackets Pro-Series 2,Apparel & Fashion,20250903,2025-09-03,2025-09-03 05:00:00,4,LATAM,Standard,4,387.88,77.58,1551.52,1473.94,Apple Pay
2969,ORD_102969,1,243,CUST_0243,16,PROD_0016,Air Fryers Pro-Series 1,Home & Kitchen,20250619,2025-06-19,2025-06-19 14:00:00,2,EMEA,Standard,2,403.75,80.75,807.5,726.75,PayPal
2970,ORD_102970,1,123,CUST_0123,44,PROD_0044,Audiobooks Pro-Series 2,Books & Media,20250217,2025-02-17,2025-02-17 04:00:00,2,EMEA,Standard,1,86.85,0.0,86.85,86.85,Apple Pay
2971,ORD_102971,1,217,CUST_0217,40,PROD_0040,Tech Guides Pro-Series 1,Books & Media,20250101,2025-01-01,2025-01-01 02:00:00,2,EMEA,Premium,2,507.6,50.76,1015.2,964.44,Apple Pay
2972,ORD_102972,1,109,CUST_0109,20,PROD_0020,Blenders Pro-Series 2,Home & Kitchen,20251028,2025-10-28,2025-10-28 04:00:00,4,LATAM,Premium,1,80.82,4.04,80.82,76.78,Credit Card
2973,ORD_102973,1,420,CUST_0420,21,PROD_0021,Blenders Pro-Series 3,Home & Kitchen,20260510,2026-05-10,2026-05-10 10:00:00,1,North America,Standard,3,137.29,41.19,411.87,370.68,Apple Pay
2974,ORD_102974,1,30,CUST_0030,29,PROD_0029,Women's Sneakers Pro-Series 2,Apparel & Fashion,20250510,2025-05-10,2025-05-10 12:00:00,3,APAC,VIP,4,420.39,0.0,1681.56,1681.56,PayPal
2975,ORD_102975,1,64,CUST_0064,2,PROD_0002,Smartphones Pro-Series 2,Consumer Electronics,20260719,2026-07-19,2026-07-19 07:00:00,1,North America,VIP,4,484.7,193.88,1938.8,1744.92,PayPal
2976,ORD_102976,1,80,CUST_0080,12,PROD_0012,Smartwatches Pro-Series 3,Consumer Electronics,20250807,2025-08-07,2025-08-07 21:00:00,4,LATAM,Premium,2,414.15,41.41,828.3,786.89,Debit Card
2977,ORD_102977,1,240,CUST_0240,14,PROD_0014,Coffee Makers Pro-Series 2,Home & Kitchen,20260406,2026-04-06,2026-04-06 14:00:00,2,EMEA,Standard,1,94.28,14.14,94.28,80.14,Credit Card
2978,ORD_102978,1,476,CUST_0476,20,PROD_0020,Blenders Pro-Series 2,Home & Kitchen,20260212,2026-02-12,2026-02-12 12:00:00,4,LATAM,Premium,1,80.82,12.12,80.82,68.7,Credit Card
2979,ORD_102979,1,186,CUST_0186,4,PROD_0004,Laptops Pro-Series 1,Consumer Electronics,20250801,2025-08-01,2025-08-01 17:00:00,2,EMEA,VIP,4,328.32,0.0,1313.28,1313.28,Apple Pay
2980,ORD_102980,1,320,CUST_0320,33,PROD_0033,Sportswear Pro-Series 3,Apparel & Fashion,20251117,2025-11-17,2025-11-17 05:00:00,3,APAC,Premium,2,230.01,46.0,460.02,414.02,Credit Card
2981,ORD_102981,1,243,CUST_0243,20,PROD_0020,Blenders Pro-Series 2,Home & Kitchen,20250208,2025-02-08,2025-02-08 20:00:00,1,North America,Standard,2,80.82,24.25,161.64,137.39,Apple Pay
2982,ORD_102982,1,332,CUST_0332,28,PROD_0028,Women's Sneakers Pro-Series 1,Apparel & Fashion,20250119,2025-01-19,2025-01-19 21:00:00,4,LATAM,Standard,3,301.74,45.26,905.22,859.96,Debit Card
2983,ORD_102983,1,71,CUST_0071,24,PROD_0024,Robotic Vacuums Pro-Series 3,Home & Kitchen,20260410,2026-04-10,2026-04-10 13:00:00,1,North America,Standard,4,106.82,21.36,427.28,405.92,Credit Card
2984,ORD_102984,1,362,CUST_0362,26,PROD_0026,Men's Jackets Pro-Series 2,Apparel & Fashion,20250210,2025-02-10,2025-02-10 07:00:00,2,EMEA,Premium,5,387.88,193.94,1939.4,1745.46,Debit Card
2985,ORD_102985,1,374,CUST_0374,5,PROD_0005,Laptops Pro-Series 2,Consumer Electronics,20250926,2025-09-26,2025-09-26 13:00:00,3,APAC,Premium,5,144.32,108.24,721.6,613.36,Apple Pay
2986,ORD_102986,1,249,CUST_0249,42,PROD_0042,Tech Guides Pro-Series 3,Books & Media,20251119,2025-11-19,2025-11-19 19:00:00,2,EMEA,Standard,1,201.79,10.09,201.79,191.7,Debit Card
2987,ORD_102987,1,363,CUST_0363,18,PROD_0018,Air Fryers Pro-Series 3,Home & Kitchen,20260812,2026-08-12,2026-08-12 17:00:00,1,North America,Standard,3,497.95,224.08,1493.85,1269.77,Credit Card
2988,ORD_102988,1,8,CUST_0008,19,PROD_0019,Blenders Pro-Series 1,Home & Kitchen,20251119,2025-11-19,2025-11-19 10:00:00,2,EMEA,Standard,2,523.93,157.18,1047.86,890.68,Debit Card
2989,ORD_102989,1,66,CUST_0066,9,PROD_0009,Audio Headphones Pro-Series 3,Consumer Electronics,20251031,2025-10-31,2025-10-31 06:00:00,2,EMEA,Standard,5,512.06,256.03,2560.3,2304.27,Debit Card
2990,ORD_102990,1,52,CUST_0052,11,PROD_0011,Smartwatches Pro-Series 2,Consumer Electronics,20250414,2025-04-14,2025-04-14 04:00:00,1,North America,Standard,1,627.26,62.73,627.26,564.53,Apple Pay
2991,ORD_102991,1,117,CUST_0117,17,PROD_0017,Air Fryers Pro-Series 2,Home & Kitchen,20260730,2026-07-30,2026-07-30 10:00:00,1,North America,Standard,1,438.78,0.0,438.78,438.78,PayPal
2992,ORD_102992,1,380,CUST_0380,45,PROD_0045,Audiobooks Pro-Series 3,Books & Media,20260407,2026-04-07,2026-04-07 13:00:00,2,EMEA,Premium,2,512.51,51.25,1025.02,973.77,Apple Pay
2993,ORD_102993,1,89,CUST_0089,41,PROD_0041,Tech Guides Pro-Series 2,Books & Media,20260525,2026-05-25,2026-05-25 09:00:00,2,EMEA,Standard,3,539.9,242.95,1619.7,1376.75,Debit Card
2994,ORD_102994,1,252,CUST_0252,5,PROD_0005,Laptops Pro-Series 2,Consumer Electronics,20260601,2026-06-01,2026-06-01 22:00:00,2,EMEA,Standard,2,144.32,14.43,288.64,274.21,Debit Card
2995,ORD_102995,1,280,CUST_0280,42,PROD_0042,Tech Guides Pro-Series 3,Books & Media,20260623,2026-06-23,2026-06-23 20:00:00,4,LATAM,Premium,1,201.79,20.18,201.79,181.61,Apple Pay
2996,ORD_102996,1,268,CUST_0268,4,PROD_0004,Laptops Pro-Series 1,Consumer Electronics,20250311,2025-03-11,2025-03-11 12:00:00,4,LATAM,Premium,1,328.32,16.42,328.32,311.9,Apple Pay
2997,ORD_102997,1,190,CUST_0190,26,PROD_0026,Men's Jackets Pro-Series 2,Apparel & Fashion,20260813,2026-08-13,2026-08-13 20:00:00,3,APAC,Standard,4,387.88,155.15,1551.52,1396.37,Debit Card
2998,ORD_102998,1,167,CUST_0167,33,PROD_0033,Sportswear Pro-Series 3,Apparel & Fashion,20250126,2025-01-26,2025-01-26 21:00:00,4,LATAM,Standard,4,230.01,92.0,920.04,828.04,Debit Card
2999,ORD_102999,1,278,CUST_0278,16,PROD_0016,Air Fryers Pro-Series 1,Home & Kitchen,20250717,2025-07-17,2025-07-17 21:00:00,1,North America,Standard,5,403.75,302.81,2018.75,1715.94,PayPal
3000,ORD_103000,1,412,CUST_0412,8,PROD_0008,Audio Headphones Pro-Series 2,Consumer Electronics,20250726,2025-07-26,2025-07-26 12:00:00,1,North America,Standard,5,596.84,0.0,2984.2,2984.2,PayPal
3001,ORD_103001,1,197,CUST_0197,26,PROD_0026,Men's Jackets Pro-Series 2,Apparel & Fashion,20260304,2026-03-04,2026-03-04 02:00:00,2,EMEA,Standard,1,387.88,0.0,387.88,387.88,Debit Card
3002,ORD_103002,1,462,CUST_0462,21,PROD_0021,Blenders Pro-Series 3,Home & Kitchen,20251127,2025-11-27,2025-11-27 11:00:00,4,LATAM,Standard,5,137.29,102.97,686.45,583.48,Apple Pay
3003,ORD_103003,1,341,CUST_0341,34,PROD_0034,Watches Pro-Series 1,Apparel & Fashion,20251205,2025-12-05,2025-12-05 15:00:00,4,LATAM,Standard,3,277.89,83.37,833.67,750.3,Apple Pay
3004,ORD_103004,1,52,CUST_0052,12,PROD_0012,Smartwatches Pro-Series 3,Consumer Electronics,20260521,2026-05-21,2026-05-21 11:00:00,3,APAC,Standard,4,414.15,248.49,1656.6,1408.11,Apple Pay
3005,ORD_103005,1,27,CUST_0027,25,PROD_0025,Men's Jackets Pro-Series 1,Apparel & Fashion,20250106,2025-01-06,2025-01-06 00:00:00,4,LATAM,Standard,3,381.42,171.64,1144.26,972.62,PayPal
3006,ORD_103006,1,30,CUST_0030,23,PROD_0023,Robotic Vacuums Pro-Series 2,Home & Kitchen,20251026,2025-10-26,2025-10-26 21:00:00,1,North America,VIP,4,80.72,48.43,322.88,274.45,Apple Pay
3007,ORD_103007,1,55,CUST_0055,10,PROD_0010,Smartwatches Pro-Series 1,Consumer Electronics,20250919,2025-09-19,2025-09-19 10:00:00,2,EMEA,Standard,3,238.77,71.63,716.31,644.68,Apple Pay
3008,ORD_103008,1,302,CUST_0302,40,PROD_0040,Tech Guides Pro-Series 1,Books & Media,20250312,2025-03-12,2025-03-12 16:00:00,4,LATAM,Standard,3,507.6,0.0,1522.8,1522.8,PayPal
3009,ORD_103009,1,271,CUST_0271,27,PROD_0027,Men's Jackets Pro-Series 3,Apparel & Fashion,20250726,2025-07-26,2025-07-26 06:00:00,4,LATAM,Standard,1,452.99,22.65,452.99,430.34,Apple Pay
3010,ORD_103010,1,374,CUST_0374,5,PROD_0005,Laptops Pro-Series 2,Consumer Electronics,20260427,2026-04-27,2026-04-27 01:00:00,4,LATAM,Premium,1,144.32,7.22,144.32,137.1,Debit Card
3011,ORD_103011,1,452,CUST_0452,40,PROD_0040,Tech Guides Pro-Series 1,Books & Media,20250718,2025-07-18,2025-07-18 01:00:00,3,APAC,Premium,3,507.6,76.14,1522.8,1446.66,PayPal
3012,ORD_103012,1,211,CUST_0211,4,PROD_0004,Laptops Pro-Series 1,Consumer Electronics,20260609,2026-06-09,2026-06-09 20:00:00,2,EMEA,Standard,1,328.32,32.83,328.32,295.49,Credit Card
3013,ORD_103013,1,377,CUST_0377,35,PROD_0035,Watches Pro-Series 2,Apparel & Fashion,20260708,2026-07-08,2026-07-08 19:00:00,2,EMEA,Standard,1,495.6,49.56,495.6,446.04,Credit Card
3014,ORD_103014,1,343,CUST_0343,38,PROD_0038,Hardcover Novels Pro-Series 2,Books & Media,20250806,2025-08-06,2025-08-06 08:00:00,1,North America,Standard,5,157.75,118.31,788.75,670.44,Credit Card
3015,ORD_103015,1,249,CUST_0249,37,PROD_0037,Hardcover Novels Pro-Series 1,Books & Media,20260503,2026-05-03,2026-05-03 19:00:00,4,LATAM,Standard,2,271.24,54.25,542.48,488.23,Apple Pay
3016,ORD_103016,1,138,CUST_0138,8,PROD_0008,Audio Headphones Pro-Series 2,Consumer Electronics,20250606,2025-06-06,2025-06-06 17:00:00,2,EMEA,Premium,3,596.84,268.58,1790.52,1521.94,Apple Pay
3017,ORD_103017,1,153,CUST_0153,21,PROD_0021,Blenders Pro-Series 3,Home & Kitchen,20260624,2026-06-24,2026-06-24 00:00:00,1,North America,Premium,4,137.29,27.46,549.16,521.7,Apple Pay
3018,ORD_103018,1,252,CUST_0252,20,PROD_0020,Blenders Pro-Series 2,Home & Kitchen,20260122,2026-01-22,2026-01-22 22:00:00,1,North America,Standard,5,80.82,40.41,404.1,363.69,Debit Card
3019,ORD_103019,1,129,CUST_0129,44,PROD_0044,Audiobooks Pro-Series 2,Books & Media,20250817,2025-08-17,2025-08-17 18:00:00,1,North America,Premium,3,86.85,0.0,260.55,260.55,PayPal
3020,ORD_103020,1,87,CUST_0087,40,PROD_0040,Tech Guides Pro-Series 1,Books & Media,20260319,2026-03-19,2026-03-19 00:00:00,3,APAC,VIP,3,507.6,76.14,1522.8,1446.66,Credit Card
3021,ORD_103021,1,182,CUST_0182,34,PROD_0034,Watches Pro-Series 1,Apparel & Fashion,20250827,2025-08-27,2025-08-27 02:00:00,2,EMEA,Standard,3,277.89,83.37,833.67,750.3,Credit Card
3022,ORD_103022,1,433,CUST_0433,20,PROD_0020,Blenders Pro-Series 2,Home & Kitchen,20260425,2026-04-25,2026-04-25 06:00:00,2,EMEA,Standard,1,80.82,4.04,80.82,76.78,Credit Card
3023,ORD_103023,1,226,CUST_0226,43,PROD_0043,Audiobooks Pro-Series 1,Books & Media,20260801,2026-08-01,2026-08-01 23:00:00,4,LATAM,Standard,4,262.83,105.13,1051.32,946.19,Debit Card
3024,ORD_103024,1,313,CUST_0313,24,PROD_0024,Robotic Vacuums Pro-Series 3,Home & Kitchen,20260417,2026-04-17,2026-04-17 11:00:00,1,North America,Standard,3,106.82,0.0,320.46,320.46,Debit Card
3025,ORD_103025,1,268,CUST_0268,11,PROD_0011,Smartwatches Pro-Series 2,Consumer Electronics,20251001,2025-10-01,2025-10-01 21:00:00,2,EMEA,Premium,1,627.26,31.36,627.26,595.9,Apple Pay
3026,ORD_103026,1,357,CUST_0357,33,PROD_0033,Sportswear Pro-Series 3,Apparel & Fashion,20260617,2026-06-17,2026-06-17 12:00:00,3,APAC,Premium,1,230.01,34.5,230.01,195.51,PayPal
3027,ORD_103027,1,393,CUST_0393,15,PROD_0015,Coffee Makers Pro-Series 3,Home & Kitchen,20250908,2025-09-08,2025-09-08 20:00:00,2,EMEA,VIP,4,397.04,0.0,1588.16,1588.16,Apple Pay
3028,ORD_103028,1,367,CUST_0367,40,PROD_0040,Tech Guides Pro-Series 1,Books & Media,20260716,2026-07-16,2026-07-16 12:00:00,3,APAC,Standard,2,507.6,152.28,1015.2,862.92,Debit Card
3029,ORD_103029,1,476,CUST_0476,34,PROD_0034,Watches Pro-Series 1,Apparel & Fashion,20260508,2026-05-08,2026-05-08 09:00:00,2,EMEA,Premium,1,277.89,41.68,277.89,236.21,PayPal
3030,ORD_103030,1,207,CUST_0207,12,PROD_0012,Smartwatches Pro-Series 3,Consumer Electronics,20250103,2025-01-03,2025-01-03 12:00:00,2,EMEA,Premium,1,414.15,41.41,414.15,372.74,Credit Card
3031,ORD_103031,1,240,CUST_0240,35,PROD_0035,Watches Pro-Series 2,Apparel & Fashion,20260627,2026-06-27,2026-06-27 02:00:00,2,EMEA,Standard,3,495.6,74.34,1486.8,1412.46,Debit Card
3032,ORD_103032,1,289,CUST_0289,20,PROD_0020,Blenders Pro-Series 2,Home & Kitchen,20260106,2026-01-06,2026-01-06 10:00:00,4,LATAM,Premium,5,80.82,0.0,404.1,404.1,Debit Card
3033,ORD_103033,1,69,CUST_0069,30,PROD_0030,Women's Sneakers Pro-Series 3,Apparel & Fashion,20250606,2025-06-06,2025-06-06 07:00:00,2,EMEA,Standard,2,378.05,113.42,756.1,642.68,Credit Card
3034,ORD_103034,1,258,CUST_0258,38,PROD_0038,Hardcover Novels Pro-Series 2,Books & Media,20260407,2026-04-07,2026-04-07 19:00:00,1,North America,Standard,2,157.75,15.78,315.5,299.72,PayPal
3035,ORD_103035,1,424,CUST_0424,37,PROD_0037,Hardcover Novels Pro-Series 1,Books & Media,20260428,2026-04-28,2026-04-28 21:00:00,1,North America,Standard,1,271.24,40.69,271.24,230.55,Apple Pay
3036,ORD_103036,1,278,CUST_0278,41,PROD_0041,Tech Guides Pro-Series 2,Books & Media,20251007,2025-10-07,2025-10-07 22:00:00,4,LATAM,Standard,1,539.9,53.99,539.9,485.91,Debit Card
3037,ORD_103037,1,166,CUST_0166,17,PROD_0017,Air Fryers Pro-Series 2,Home & Kitchen,20260403,2026-04-03,2026-04-03 18:00:00,1,North America,Standard,4,438.78,263.27,1755.12,1491.85,Debit Card
3038,ORD_103038,1,104,CUST_0104,38,PROD_0038,Hardcover Novels Pro-Series 2,Books & Media,20251118,2025-11-18,2025-11-18 10:00:00,1,North America,VIP,5,157.75,0.0,788.75,788.75,Debit Card
3039,ORD_103039,1,264,CUST_0264,5,PROD_0005,Laptops Pro-Series 2,Consumer Electronics,20250804,2025-08-04,2025-08-04 14:00:00,3,APAC,Premium,5,144.32,0.0,721.6,721.6,Apple Pay
3040,ORD_103040,1,30,CUST_0030,36,PROD_0036,Watches Pro-Series 3,Apparel & Fashion,20260521,2026-05-21,2026-05-21 19:00:00,3,APAC,VIP,3,387.69,174.46,1163.07,988.61,PayPal
3041,ORD_103041,1,108,CUST_0108,33,PROD_0033,Sportswear Pro-Series 3,Apparel & Fashion,20260219,2026-02-19,2026-02-19 17:00:00,3,APAC,Standard,5,230.01,172.51,1150.05,977.54,Debit Card
3042,ORD_103042,1,12,CUST_0012,10,PROD_0010,Smartwatches Pro-Series 1,Consumer Electronics,20250730,2025-07-30,2025-07-30 16:00:00,1,North America,VIP,4,238.77,143.26,955.08,811.82,Credit Card
3043,ORD_103043,1,304,CUST_0304,26,PROD_0026,Men's Jackets Pro-Series 2,Apparel & Fashion,20250604,2025-06-04,2025-06-04 07:00:00,1,North America,Standard,2,387.88,0.0,775.76,775.76,Credit Card
3044,ORD_103044,1,46,CUST_0046,36,PROD_0036,Watches Pro-Series 3,Apparel & Fashion,20251208,2025-12-08,2025-12-08 23:00:00,1,North America,Standard,2,387.69,116.31,775.38,659.07,Credit Card
3045,ORD_103045,1,418,CUST_0418,2,PROD_0002,Smartphones Pro-Series 2,Consumer Electronics,20260608,2026-06-08,2026-06-08 04:00:00,4,LATAM,Standard,1,484.7,72.7,484.7,412.0,Debit Card
3046,ORD_103046,1,25,CUST_0025,30,PROD_0030,Women's Sneakers Pro-Series 3,Apparel & Fashion,20250207,2025-02-07,2025-02-07 03:00:00,2,EMEA,Standard,2,378.05,113.42,756.1,642.68,PayPal
3047,ORD_103047,1,199,CUST_0199,36,PROD_0036,Watches Pro-Series 3,Apparel & Fashion,20260723,2026-07-23,2026-07-23 04:00:00,2,EMEA,Premium,2,387.69,77.54,775.38,697.84,Debit Card
3048,ORD_103048,1,462,CUST_0462,30,PROD_0030,Women's Sneakers Pro-Series 3,Apparel & Fashion,20251108,2025-11-08,2025-11-08 19:00:00,1,North America,Standard,2,378.05,75.61,756.1,680.49,Credit Card
3049,ORD_103049,1,168,CUST_0168,30,PROD_0030,Women's Sneakers Pro-Series 3,Apparel & Fashion,20260307,2026-03-07,2026-03-07 15:00:00,4,LATAM,Standard,5,378.05,94.51,1890.25,1795.74,PayPal
3050,ORD_103050,1,354,CUST_0354,29,PROD_0029,Women's Sneakers Pro-Series 2,Apparel & Fashion,20251213,2025-12-13,2025-12-13 11:00:00,1,North America,Standard,4,420.39,252.23,1681.56,1429.33,PayPal
3051,ORD_103051,1,431,CUST_0431,43,PROD_0043,Audiobooks Pro-Series 1,Books & Media,20250414,2025-04-14,2025-04-14 05:00:00,2,EMEA,Standard,1,262.83,26.28,262.83,236.55,Apple Pay
3052,ORD_103052,1,22,CUST_0022,44,PROD_0044,Audiobooks Pro-Series 2,Books & Media,20251215,2025-12-15,2025-12-15 20:00:00,3,APAC,Standard,4,86.85,0.0,347.4,347.4,Apple Pay
3053,ORD_103053,1,48,CUST_0048,34,PROD_0034,Watches Pro-Series 1,Apparel & Fashion,20250511,2025-05-11,2025-05-11 20:00:00,4,LATAM,Standard,5,277.89,69.47,1389.45,1319.98,Apple Pay
3054,ORD_103054,1,23,CUST_0023,20,PROD_0020,Blenders Pro-Series 2,Home & Kitchen,20251014,2025-10-14,2025-10-14 08:00:00,3,APAC,Premium,5,80.82,20.2,404.1,383.9,Credit Card
3055,ORD_103055,1,33,CUST_0033,20,PROD_0020,Blenders Pro-Series 2,Home & Kitchen,20250320,2025-03-20,2025-03-20 09:00:00,4,LATAM,Premium,1,80.82,0.0,80.82,80.82,PayPal
3056,ORD_103056,1,407,CUST_0407,21,PROD_0021,Blenders Pro-Series 3,Home & Kitchen,20250821,2025-08-21,2025-08-21 20:00:00,1,North America,Premium,2,137.29,41.19,274.58,233.39,Debit Card
3057,ORD_103057,1,322,CUST_0322,26,PROD_0026,Men's Jackets Pro-Series 2,Apparel & Fashion,20250427,2025-04-27,2025-04-27 10:00:00,1,North America,Premium,1,387.88,58.18,387.88,329.7,Debit Card
3058,ORD_103058,1,28,CUST_0028,10,PROD_0010,Smartwatches Pro-Series 1,Consumer Electronics,20260403,2026-04-03,2026-04-03 17:00:00,2,EMEA,Premium,3,238.77,71.63,716.31,644.68,Apple Pay
3059,ORD_103059,1,150,CUST_0150,17,PROD_0017,Air Fryers Pro-Series 2,Home & Kitchen,20260313,2026-03-13,2026-03-13 16:00:00,4,LATAM,VIP,4,438.78,175.51,1755.12,1579.61,Credit Card
3060,ORD_103060,1,372,CUST_0372,28,PROD_0028,Women's Sneakers Pro-Series 1,Apparel & Fashion,20250826,2025-08-26,2025-08-26 13:00:00,3,APAC,Premium,1,301.74,0.0,301.74,301.74,Debit Card
3061,ORD_103061,1,314,CUST_0314,21,PROD_0021,Blenders Pro-Series 3,Home & Kitchen,20250812,2025-08-12,2025-08-12 04:00:00,4,LATAM,VIP,2,137.29,41.19,274.58,233.39,PayPal
3062,ORD_103062,1,299,CUST_0299,32,PROD_0032,Sportswear Pro-Series 2,Apparel & Fashion,20250502,2025-05-02,2025-05-02 11:00:00,3,APAC,Standard,4,106.55,21.31,426.2,404.89,PayPal
3063,ORD_103063,1,54,CUST_0054,33,PROD_0033,Sportswear Pro-Series 3,Apparel & Fashion,20260326,2026-03-26,2026-03-26 07:00:00,4,LATAM,Standard,5,230.01,57.5,1150.05,1092.55,Credit Card
3064,ORD_103064,1,425,CUST_0425,6,PROD_0006,Laptops Pro-Series 3,Consumer Electronics,20250520,2025-05-20,2025-05-20 18:00:00,3,APAC,Standard,5,304.52,152.26,1522.6,1370.34,Apple Pay
3065,ORD_103065,1,117,CUST_0117,12,PROD_0012,Smartwatches Pro-Series 3,Consumer Electronics,20250617,2025-06-17,2025-06-17 07:00:00,3,APAC,Standard,1,414.15,62.12,414.15,352.03,Apple Pay
3066,ORD_103066,1,178,CUST_0178,41,PROD_0041,Tech Guides Pro-Series 2,Books & Media,20250312,2025-03-12,2025-03-12 17:00:00,3,APAC,Standard,5,539.9,134.97,2699.5,2564.53,Debit Card
3067,ORD_103067,1,485,CUST_0485,30,PROD_0030,Women's Sneakers Pro-Series 3,Apparel & Fashion,20260203,2026-02-03,2026-02-03 00:00:00,2,EMEA,Standard,3,378.05,113.42,1134.15,1020.73,Debit Card
3068,ORD_103068,1,131,CUST_0131,25,PROD_0025,Men's Jackets Pro-Series 1,Apparel & Fashion,20260428,2026-04-28,2026-04-28 22:00:00,2,EMEA,Premium,1,381.42,38.14,381.42,343.28,Apple Pay
3069,ORD_103069,1,333,CUST_0333,6,PROD_0006,Laptops Pro-Series 3,Consumer Electronics,20260712,2026-07-12,2026-07-12 09:00:00,4,LATAM,Premium,3,304.52,0.0,913.56,913.56,Debit Card
3070,ORD_103070,1,2,CUST_0002,22,PROD_0022,Robotic Vacuums Pro-Series 1,Home & Kitchen,20250307,2025-03-07,2025-03-07 14:00:00,1,North America,Premium,2,573.0,57.3,1146.0,1088.7,Credit Card
3071,ORD_103071,1,49,CUST_0049,26,PROD_0026,Men's Jackets Pro-Series 2,Apparel & Fashion,20260610,2026-06-10,2026-06-10 21:00:00,1,North America,Standard,3,387.88,0.0,1163.64,1163.64,PayPal
3072,ORD_103072,1,342,CUST_0342,31,PROD_0031,Sportswear Pro-Series 1,Apparel & Fashion,20251104,2025-11-04,2025-11-04 08:00:00,4,LATAM,VIP,1,610.97,61.1,610.97,549.87,PayPal
3073,ORD_103073,1,148,CUST_0148,2,PROD_0002,Smartphones Pro-Series 2,Consumer Electronics,20260514,2026-05-14,2026-05-14 14:00:00,2,EMEA,Standard,5,484.7,121.18,2423.5,2302.32,Debit Card
3074,ORD_103074,1,327,CUST_0327,16,PROD_0016,Air Fryers Pro-Series 1,Home & Kitchen,20251023,2025-10-23,2025-10-23 21:00:00,2,EMEA,Premium,1,403.75,20.19,403.75,383.56,Debit Card
3075,ORD_103075,1,16,CUST_0016,37,PROD_0037,Hardcover Novels Pro-Series 1,Books & Media,20251223,2025-12-23,2025-12-23 23:00:00,4,LATAM,Standard,2,271.24,0.0,542.48,542.48,PayPal
3076,ORD_103076,1,232,CUST_0232,30,PROD_0030,Women's Sneakers Pro-Series 3,Apparel & Fashion,20260302,2026-03-02,2026-03-02 12:00:00,1,North America,Standard,5,378.05,283.54,1890.25,1606.71,Debit Card
3077,ORD_103077,1,488,CUST_0488,5,PROD_0005,Laptops Pro-Series 2,Consumer Electronics,20260228,2026-02-28,2026-02-28 13:00:00,1,North America,VIP,2,144.32,28.86,288.64,259.78,Debit Card
3078,ORD_103078,1,90,CUST_0090,3,PROD_0003,Smartphones Pro-Series 3,Consumer Electronics,20250904,2025-09-04,2025-09-04 08:00:00,2,EMEA,VIP,2,194.64,19.46,389.28,369.82,PayPal
3079,ORD_103079,1,302,CUST_0302,35,PROD_0035,Watches Pro-Series 2,Apparel & Fashion,20251003,2025-10-03,2025-10-03 19:00:00,1,North America,Standard,1,495.6,24.78,495.6,470.82,Debit Card
3080,ORD_103080,1,114,CUST_0114,27,PROD_0027,Men's Jackets Pro-Series 3,Apparel & Fashion,20260310,2026-03-10,2026-03-10 17:00:00,4,LATAM,Premium,3,452.99,0.0,1358.97,1358.97,Credit Card
3081,ORD_103081,1,315,CUST_0315,5,PROD_0005,Laptops Pro-Series 2,Consumer Electronics,20260501,2026-05-01,2026-05-01 14:00:00,3,APAC,Premium,2,144.32,28.86,288.64,259.78,Apple Pay
3082,ORD_103082,1,141,CUST_0141,19,PROD_0019,Blenders Pro-Series 1,Home & Kitchen,20260218,2026-02-18,2026-02-18 03:00:00,1,North America,Standard,5,523.93,130.98,2619.65,2488.67,PayPal
3083,ORD_103083,1,33,CUST_0033,30,PROD_0030,Women's Sneakers Pro-Series 3,Apparel & Fashion,20250909,2025-09-09,2025-09-09 11:00:00,3,APAC,Premium,4,378.05,151.22,1512.2,1360.98,Debit Card
3084,ORD_103084,1,445,CUST_0445,25,PROD_0025,Men's Jackets Pro-Series 1,Apparel & Fashion,20251111,2025-11-11,2025-11-11 04:00:00,1,North America,Standard,1,381.42,57.21,381.42,324.21,PayPal
3085,ORD_103085,1,195,CUST_0195,14,PROD_0014,Coffee Makers Pro-Series 2,Home & Kitchen,20260517,2026-05-17,2026-05-17 04:00:00,1,North America,Premium,5,94.28,47.14,471.4,424.26,Debit Card
3086,ORD_103086,1,299,CUST_0299,11,PROD_0011,Smartwatches Pro-Series 2,Consumer Electronics,20251209,2025-12-09,2025-12-09 11:00:00,2,EMEA,Standard,4,627.26,376.36,2509.04,2132.68,Debit Card
3087,ORD_103087,1,153,CUST_0153,39,PROD_0039,Hardcover Novels Pro-Series 3,Books & Media,20250927,2025-09-27,2025-09-27 02:00:00,1,North America,Premium,1,217.64,10.88,217.64,206.76,Apple Pay
3088,ORD_103088,1,381,CUST_0381,22,PROD_0022,Robotic Vacuums Pro-Series 1,Home & Kitchen,20250103,2025-01-03,2025-01-03 05:00:00,3,APAC,Standard,1,573.0,28.65,573.0,544.35,Apple Pay
3089,ORD_103089,1,131,CUST_0131,36,PROD_0036,Watches Pro-Series 3,Apparel & Fashion,20251023,2025-10-23,2025-10-23 21:00:00,4,LATAM,Premium,4,387.69,77.54,1550.76,1473.22,PayPal
3090,ORD_103090,1,118,CUST_0118,37,PROD_0037,Hardcover Novels Pro-Series 1,Books & Media,20260701,2026-07-01,2026-07-01 17:00:00,1,North America,Standard,3,271.24,122.06,813.72,691.66,PayPal
3091,ORD_103091,1,130,CUST_0130,24,PROD_0024,Robotic Vacuums Pro-Series 3,Home & Kitchen,20250828,2025-08-28,2025-08-28 02:00:00,3,APAC,VIP,4,106.82,0.0,427.28,427.28,Apple Pay
3092,ORD_103092,1,298,CUST_0298,13,PROD_0013,Coffee Makers Pro-Series 1,Home & Kitchen,20260509,2026-05-09,2026-05-09 09:00:00,2,EMEA,Standard,3,177.25,0.0,531.75,531.75,Credit Card
3093,ORD_103093,1,401,CUST_0401,38,PROD_0038,Hardcover Novels Pro-Series 2,Books & Media,20250924,2025-09-24,2025-09-24 22:00:00,4,LATAM,Standard,5,157.75,118.31,788.75,670.44,Apple Pay
3094,ORD_103094,1,69,CUST_0069,45,PROD_0045,Audiobooks Pro-Series 3,Books & Media,20250807,2025-08-07,2025-08-07 02:00:00,1,North America,Standard,3,512.51,0.0,1537.53,1537.53,Apple Pay
3095,ORD_103095,1,226,CUST_0226,32,PROD_0032,Sportswear Pro-Series 2,Apparel & Fashion,20251020,2025-10-20,2025-10-20 07:00:00,4,LATAM,Standard,4,106.55,0.0,426.2,426.2,PayPal
3096,ORD_103096,1,271,CUST_0271,24,PROD_0024,Robotic Vacuums Pro-Series 3,Home & Kitchen,20250223,2025-02-23,2025-02-23 22:00:00,1,North America,Standard,1,106.82,0.0,106.82,106.82,Debit Card
3097,ORD_103097,1,160,CUST_0160,14,PROD_0014,Coffee Makers Pro-Series 2,Home & Kitchen,20250907,2025-09-07,2025-09-07 02:00:00,1,North America,Standard,3,94.28,0.0,282.84,282.84,Credit Card
3098,ORD_103098,1,222,CUST_0222,31,PROD_0031,Sportswear Pro-Series 1,Apparel & Fashion,20250914,2025-09-14,2025-09-14 07:00:00,4,LATAM,Premium,2,610.97,0.0,1221.94,1221.94,Credit Card
3099,ORD_103099,1,40,CUST_0040,36,PROD_0036,Watches Pro-Series 3,Apparel & Fashion,20260513,2026-05-13,2026-05-13 17:00:00,4,LATAM,Standard,1,387.69,0.0,387.69,387.69,Debit Card
3100,ORD_103100,1,217,CUST_0217,20,PROD_0020,Blenders Pro-Series 2,Home & Kitchen,20260622,2026-06-22,2026-06-22 10:00:00,2,EMEA,Premium,3,80.82,36.37,242.46,206.09,Credit Card
3101,ORD_103101,1,281,CUST_0281,42,PROD_0042,Tech Guides Pro-Series 3,Books & Media,20260221,2026-02-21,2026-02-21 20:00:00,1,North America,Standard,2,201.79,60.54,403.58,343.04,PayPal
3102,ORD_103102,1,37,CUST_0037,24,PROD_0024,Robotic Vacuums Pro-Series 3,Home & Kitchen,20250908,2025-09-08,2025-09-08 23:00:00,3,APAC,Premium,2,106.82,10.68,213.64,202.96,Credit Card
3103,ORD_103103,1,28,CUST_0028,12,PROD_0012,Smartwatches Pro-Series 3,Consumer Electronics,20260218,2026-02-18,2026-02-18 01:00:00,2,EMEA,Premium,1,414.15,20.71,414.15,393.44,Debit Card
3104,ORD_103104,1,354,CUST_0354,22,PROD_0022,Robotic Vacuums Pro-Series 1,Home & Kitchen,20251210,2025-12-10,2025-12-10 20:00:00,1,North America,Standard,3,573.0,85.95,1719.0,1633.05,PayPal
3105,ORD_103105,1,49,CUST_0049,7,PROD_0007,Audio Headphones Pro-Series 1,Consumer Electronics,20251023,2025-10-23,2025-10-23 23:00:00,3,APAC,Standard,2,136.35,0.0,272.7,272.7,Debit Card
3106,ORD_103106,1,19,CUST_0019,7,PROD_0007,Audio Headphones Pro-Series 1,Consumer Electronics,20260223,2026-02-23,2026-02-23 15:00:00,3,APAC,Standard,1,136.35,13.63,136.35,122.72,Apple Pay
3107,ORD_103107,1,10,CUST_0010,7,PROD_0007,Audio Headphones Pro-Series 1,Consumer Electronics,20260803,2026-08-03,2026-08-03 04:00:00,4,LATAM,Standard,4,136.35,27.27,545.4,518.13,PayPal
3108,ORD_103108,1,66,CUST_0066,9,PROD_0009,Audio Headphones Pro-Series 3,Consumer Electronics,20260616,2026-06-16,2026-06-16 04:00:00,2,EMEA,Standard,3,512.06,0.0,1536.18,1536.18,Credit Card
3109,ORD_103109,1,445,CUST_0445,38,PROD_0038,Hardcover Novels Pro-Series 2,Books & Media,20251124,2025-11-24,2025-11-24 07:00:00,2,EMEA,Standard,2,157.75,15.78,315.5,299.72,Credit Card
3110,ORD_103110,1,72,CUST_0072,42,PROD_0042,Tech Guides Pro-Series 3,Books & Media,20260117,2026-01-17,2026-01-17 12:00:00,1,North America,Premium,1,201.79,0.0,201.79,201.79,Credit Card
3111,ORD_103111,1,132,CUST_0132,35,PROD_0035,Watches Pro-Series 2,Apparel & Fashion,20250427,2025-04-27,2025-04-27 06:00:00,3,APAC,Standard,2,495.6,49.56,991.2,941.64,Credit Card
3112,ORD_103112,1,329,CUST_0329,12,PROD_0012,Smartwatches Pro-Series 3,Consumer Electronics,20250717,2025-07-17,2025-07-17 07:00:00,3,APAC,Standard,2,414.15,124.24,828.3,704.06,Credit Card
3113,ORD_103113,1,125,CUST_0125,39,PROD_0039,Hardcover Novels Pro-Series 3,Books & Media,20250808,2025-08-08,2025-08-08 05:00:00,3,APAC,Standard,3,217.64,97.94,652.92,554.98,Apple Pay
3114,ORD_103114,1,111,CUST_0111,20,PROD_0020,Blenders Pro-Series 2,Home & Kitchen,20251208,2025-12-08,2025-12-08 04:00:00,2,EMEA,Premium,5,80.82,60.61,404.1,343.49,Apple Pay
3115,ORD_103115,1,227,CUST_0227,28,PROD_0028,Women's Sneakers Pro-Series 1,Apparel & Fashion,20251102,2025-11-02,2025-11-02 19:00:00,1,North America,Standard,2,301.74,60.35,603.48,543.13,Debit Card
3116,ORD_103116,1,138,CUST_0138,12,PROD_0012,Smartwatches Pro-Series 3,Consumer Electronics,20260316,2026-03-16,2026-03-16 06:00:00,1,North America,Premium,5,414.15,207.08,2070.75,1863.67,PayPal
3117,ORD_103117,1,326,CUST_0326,43,PROD_0043,Audiobooks Pro-Series 1,Books & Media,20260324,2026-03-24,2026-03-24 14:00:00,4,LATAM,Premium,2,262.83,52.57,525.66,473.09,Apple Pay
3118,ORD_103118,1,242,CUST_0242,15,PROD_0015,Coffee Makers Pro-Series 3,Home & Kitchen,20250701,2025-07-01,2025-07-01 19:00:00,3,APAC,Premium,4,397.04,0.0,1588.16,1588.16,Apple Pay
3119,ORD_103119,1,492,CUST_0492,26,PROD_0026,Men's Jackets Pro-Series 2,Apparel & Fashion,20250701,2025-07-01,2025-07-01 12:00:00,3,APAC,Standard,3,387.88,0.0,1163.64,1163.64,Apple Pay
3120,ORD_103120,1,492,CUST_0492,11,PROD_0011,Smartwatches Pro-Series 2,Consumer Electronics,20260515,2026-05-15,2026-05-15 12:00:00,3,APAC,Standard,2,627.26,0.0,1254.52,1254.52,Debit Card
3121,ORD_103121,1,54,CUST_0054,18,PROD_0018,Air Fryers Pro-Series 3,Home & Kitchen,20260303,2026-03-03,2026-03-03 09:00:00,4,LATAM,Standard,3,497.95,74.69,1493.85,1419.16,PayPal
3122,ORD_103122,1,358,CUST_0358,24,PROD_0024,Robotic Vacuums Pro-Series 3,Home & Kitchen,20260219,2026-02-19,2026-02-19 18:00:00,2,EMEA,Standard,3,106.82,48.07,320.46,272.39,Apple Pay
3123,ORD_103123,1,369,CUST_0369,21,PROD_0021,Blenders Pro-Series 3,Home & Kitchen,20260208,2026-02-08,2026-02-08 13:00:00,2,EMEA,Premium,3,137.29,20.59,411.87,391.28,Debit Card
3124,ORD_103124,1,451,CUST_0451,37,PROD_0037,Hardcover Novels Pro-Series 1,Books & Media,20250511,2025-05-11,2025-05-11 20:00:00,3,APAC,VIP,2,271.24,27.12,542.48,515.36,Apple Pay
3125,ORD_103125,1,387,CUST_0387,25,PROD_0025,Men's Jackets Pro-Series 1,Apparel & Fashion,20250727,2025-07-27,2025-07-27 22:00:00,4,LATAM,Premium,5,381.42,95.36,1907.1,1811.74,Apple Pay
3126,ORD_103126,1,244,CUST_0244,6,PROD_0006,Laptops Pro-Series 3,Consumer Electronics,20250416,2025-04-16,2025-04-16 10:00:00,2,EMEA,Premium,4,304.52,182.71,1218.08,1035.37,PayPal
3127,ORD_103127,1,166,CUST_0166,18,PROD_0018,Air Fryers Pro-Series 3,Home & Kitchen,20260715,2026-07-15,2026-07-15 07:00:00,2,EMEA,Standard,3,497.95,224.08,1493.85,1269.77,Apple Pay
3128,ORD_103128,1,220,CUST_0220,16,PROD_0016,Air Fryers Pro-Series 1,Home & Kitchen,20260528,2026-05-28,2026-05-28 23:00:00,1,North America,Premium,4,403.75,0.0,1615.0,1615.0,Debit Card
3129,ORD_103129,1,152,CUST_0152,37,PROD_0037,Hardcover Novels Pro-Series 1,Books & Media,20260706,2026-07-06,2026-07-06 04:00:00,4,LATAM,Premium,5,271.24,67.81,1356.2,1288.39,Credit Card
3130,ORD_103130,1,182,CUST_0182,15,PROD_0015,Coffee Makers Pro-Series 3,Home & Kitchen,20260302,2026-03-02,2026-03-02 03:00:00,1,North America,Standard,1,397.04,59.56,397.04,337.48,PayPal
3131,ORD_103131,1,15,CUST_0015,16,PROD_0016,Air Fryers Pro-Series 1,Home & Kitchen,20260418,2026-04-18,2026-04-18 02:00:00,1,North America,Premium,4,403.75,80.75,1615.0,1534.25,Debit Card
3132,ORD_103132,1,31,CUST_0031,31,PROD_0031,Sportswear Pro-Series 1,Apparel & Fashion,20250514,2025-05-14,2025-05-14 12:00:00,2,EMEA,Standard,1,610.97,0.0,610.97,610.97,Apple Pay
3133,ORD_103133,1,217,CUST_0217,31,PROD_0031,Sportswear Pro-Series 1,Apparel & Fashion,20260704,2026-07-04,2026-07-04 19:00:00,1,North America,Premium,5,610.97,152.74,3054.85,2902.11,Debit Card
3134,ORD_103134,1,107,CUST_0107,8,PROD_0008,Audio Headphones Pro-Series 2,Consumer Electronics,20251009,2025-10-09,2025-10-09 18:00:00,2,EMEA,Premium,1,596.84,59.68,596.84,537.16,Debit Card
3135,ORD_103135,1,394,CUST_0394,20,PROD_0020,Blenders Pro-Series 2,Home & Kitchen,20250721,2025-07-21,2025-07-21 18:00:00,4,LATAM,Premium,4,80.82,16.16,323.28,307.12,Apple Pay
3136,ORD_103136,1,384,CUST_0384,38,PROD_0038,Hardcover Novels Pro-Series 2,Books & Media,20251012,2025-10-12,2025-10-12 04:00:00,2,EMEA,Premium,4,157.75,63.1,631.0,567.9,Apple Pay
3137,ORD_103137,1,470,CUST_0470,13,PROD_0013,Coffee Makers Pro-Series 1,Home & Kitchen,20260220,2026-02-20,2026-02-20 06:00:00,1,North America,Standard,4,177.25,35.45,709.0,673.55,Apple Pay
3138,ORD_103138,1,203,CUST_0203,37,PROD_0037,Hardcover Novels Pro-Series 1,Books & Media,20250112,2025-01-12,2025-01-12 06:00:00,3,APAC,Standard,5,271.24,0.0,1356.2,1356.2,Credit Card
3139,ORD_103139,1,212,CUST_0212,45,PROD_0045,Audiobooks Pro-Series 3,Books & Media,20250705,2025-07-05,2025-07-05 20:00:00,4,LATAM,Premium,3,512.51,230.63,1537.53,1306.9,Credit Card
3140,ORD_103140,1,345,CUST_0345,2,PROD_0002,Smartphones Pro-Series 2,Consumer Electronics,20260224,2026-02-24,2026-02-24 14:00:00,4,LATAM,Standard,5,484.7,121.18,2423.5,2302.32,PayPal
3141,ORD_103141,1,308,CUST_0308,8,PROD_0008,Audio Headphones Pro-Series 2,Consumer Electronics,20251203,2025-12-03,2025-12-03 07:00:00,1,North America,Premium,1,596.84,89.53,596.84,507.31,Credit Card
3142,ORD_103142,1,403,CUST_0403,37,PROD_0037,Hardcover Novels Pro-Series 1,Books & Media,20250623,2025-06-23,2025-06-23 11:00:00,1,North America,Standard,1,271.24,40.69,271.24,230.55,PayPal
3143,ORD_103143,1,140,CUST_0140,38,PROD_0038,Hardcover Novels Pro-Series 2,Books & Media,20260805,2026-08-05,2026-08-05 19:00:00,1,North America,Standard,1,157.75,7.89,157.75,149.86,PayPal
3144,ORD_103144,1,498,CUST_0498,18,PROD_0018,Air Fryers Pro-Series 3,Home & Kitchen,20250826,2025-08-26,2025-08-26 08:00:00,2,EMEA,Standard,4,497.95,298.77,1991.8,1693.03,Debit Card
3145,ORD_103145,1,141,CUST_0141,35,PROD_0035,Watches Pro-Series 2,Apparel & Fashion,20250730,2025-07-30,2025-07-30 21:00:00,1,North America,Standard,3,495.6,0.0,1486.8,1486.8,Apple Pay
3146,ORD_103146,1,32,CUST_0032,5,PROD_0005,Laptops Pro-Series 2,Consumer Electronics,20250401,2025-04-01,2025-04-01 23:00:00,4,LATAM,Standard,4,144.32,28.86,577.28,548.42,Credit Card
3147,ORD_103147,1,466,CUST_0466,35,PROD_0035,Watches Pro-Series 2,Apparel & Fashion,20250317,2025-03-17,2025-03-17 08:00:00,1,North America,Premium,1,495.6,74.34,495.6,421.26,Credit Card
3148,ORD_103148,1,336,CUST_0336,38,PROD_0038,Hardcover Novels Pro-Series 2,Books & Media,20251017,2025-10-17,2025-10-17 18:00:00,1,North America,Premium,1,157.75,0.0,157.75,157.75,Apple Pay
3149,ORD_103149,1,78,CUST_0078,34,PROD_0034,Watches Pro-Series 1,Apparel & Fashion,20250615,2025-06-15,2025-06-15 01:00:00,4,LATAM,Standard,4,277.89,0.0,1111.56,1111.56,Debit Card
3150,ORD_103150,1,383,CUST_0383,5,PROD_0005,Laptops Pro-Series 2,Consumer Electronics,20260712,2026-07-12,2026-07-12 01:00:00,1,North America,Standard,2,144.32,28.86,288.64,259.78,PayPal
3151,ORD_103151,1,133,CUST_0133,33,PROD_0033,Sportswear Pro-Series 3,Apparel & Fashion,20250505,2025-05-05,2025-05-05 06:00:00,3,APAC,VIP,3,230.01,69.0,690.03,621.03,PayPal
3152,ORD_103152,1,164,CUST_0164,13,PROD_0013,Coffee Makers Pro-Series 1,Home & Kitchen,20250303,2025-03-03,2025-03-03 06:00:00,1,North America,VIP,4,177.25,0.0,709.0,709.0,Debit Card
3153,ORD_103153,1,50,CUST_0050,32,PROD_0032,Sportswear Pro-Series 2,Apparel & Fashion,20260803,2026-08-03,2026-08-03 21:00:00,1,North America,VIP,2,106.55,31.96,213.1,181.14,Credit Card
3154,ORD_103154,1,404,CUST_0404,31,PROD_0031,Sportswear Pro-Series 1,Apparel & Fashion,20250323,2025-03-23,2025-03-23 10:00:00,1,North America,Premium,1,610.97,91.65,610.97,519.32,Credit Card
3155,ORD_103155,1,401,CUST_0401,7,PROD_0007,Audio Headphones Pro-Series 1,Consumer Electronics,20250728,2025-07-28,2025-07-28 04:00:00,3,APAC,Standard,1,136.35,6.82,136.35,129.53,Apple Pay
3156,ORD_103156,1,445,CUST_0445,1,PROD_0001,Smartphones Pro-Series 1,Consumer Electronics,20260421,2026-04-21,2026-04-21 21:00:00,2,EMEA,Standard,5,247.49,0.0,1237.45,1237.45,Apple Pay
3157,ORD_103157,1,68,CUST_0068,35,PROD_0035,Watches Pro-Series 2,Apparel & Fashion,20250405,2025-04-05,2025-04-05 03:00:00,4,LATAM,Standard,3,495.6,148.68,1486.8,1338.12,PayPal
3158,ORD_103158,1,39,CUST_0039,39,PROD_0039,Hardcover Novels Pro-Series 3,Books & Media,20260512,2026-05-12,2026-05-12 22:00:00,2,EMEA,Standard,4,217.64,130.58,870.56,739.98,Apple Pay
3159,ORD_103159,1,151,CUST_0151,28,PROD_0028,Women's Sneakers Pro-Series 1,Apparel & Fashion,20260518,2026-05-18,2026-05-18 12:00:00,2,EMEA,Standard,5,301.74,0.0,1508.7,1508.7,PayPal
3160,ORD_103160,1,20,CUST_0020,41,PROD_0041,Tech Guides Pro-Series 2,Books & Media,20260722,2026-07-22,2026-07-22 02:00:00,4,LATAM,Standard,3,539.9,0.0,1619.7,1619.7,Debit Card
3161,ORD_103161,1,147,CUST_0147,11,PROD_0011,Smartwatches Pro-Series 2,Consumer Electronics,20250506,2025-05-06,2025-05-06 18:00:00,2,EMEA,Standard,2,627.26,0.0,1254.52,1254.52,Apple Pay
3162,ORD_103162,1,39,CUST_0039,16,PROD_0016,Air Fryers Pro-Series 1,Home & Kitchen,20251018,2025-10-18,2025-10-18 01:00:00,1,North America,Standard,3,403.75,60.56,1211.25,1150.69,Apple Pay
3163,ORD_103163,1,306,CUST_0306,43,PROD_0043,Audiobooks Pro-Series 1,Books & Media,20250222,2025-02-22,2025-02-22 13:00:00,4,LATAM,Premium,2,262.83,78.85,525.66,446.81,Credit Card
3164,ORD_103164,1,130,CUST_0130,23,PROD_0023,Robotic Vacuums Pro-Series 2,Home & Kitchen,20260221,2026-02-21,2026-02-21 17:00:00,3,APAC,VIP,2,80.72,16.14,161.44,145.3,PayPal
3165,ORD_103165,1,160,CUST_0160,5,PROD_0005,Laptops Pro-Series 2,Consumer Electronics,20260524,2026-05-24,2026-05-24 23:00:00,1,North America,Standard,2,144.32,28.86,288.64,259.78,Apple Pay
3166,ORD_103166,1,415,CUST_0415,5,PROD_0005,Laptops Pro-Series 2,Consumer Electronics,20260514,2026-05-14,2026-05-14 23:00:00,4,LATAM,Premium,5,144.32,72.16,721.6,649.44,Apple Pay
3167,ORD_103167,1,310,CUST_0310,19,PROD_0019,Blenders Pro-Series 1,Home & Kitchen,20260313,2026-03-13,2026-03-13 12:00:00,2,EMEA,Standard,1,523.93,0.0,523.93,523.93,Apple Pay
3168,ORD_103168,1,322,CUST_0322,45,PROD_0045,Audiobooks Pro-Series 3,Books & Media,20250419,2025-04-19,2025-04-19 18:00:00,3,APAC,Premium,4,512.51,307.51,2050.04,1742.53,Apple Pay
3169,ORD_103169,1,188,CUST_0188,24,PROD_0024,Robotic Vacuums Pro-Series 3,Home & Kitchen,20260216,2026-02-16,2026-02-16 06:00:00,3,APAC,Premium,2,106.82,10.68,213.64,202.96,Debit Card
3170,ORD_103170,1,80,CUST_0080,25,PROD_0025,Men's Jackets Pro-Series 1,Apparel & Fashion,20250330,2025-03-30,2025-03-30 14:00:00,4,LATAM,Premium,2,381.42,76.28,762.84,686.56,Debit Card
3171,ORD_103171,1,133,CUST_0133,25,PROD_0025,Men's Jackets Pro-Series 1,Apparel & Fashion,20260111,2026-01-11,2026-01-11 00:00:00,1,North America,VIP,4,381.42,0.0,1525.68,1525.68,Credit Card
3172,ORD_103172,1,440,CUST_0440,42,PROD_0042,Tech Guides Pro-Series 3,Books & Media,20250326,2025-03-26,2025-03-26 09:00:00,3,APAC,Standard,1,201.79,10.09,201.79,191.7,Credit Card
3173,ORD_103173,1,332,CUST_0332,27,PROD_0027,Men's Jackets Pro-Series 3,Apparel & Fashion,20260123,2026-01-23,2026-01-23 16:00:00,2,EMEA,Standard,3,452.99,0.0,1358.97,1358.97,Debit Card
3174,ORD_103174,1,2,CUST_0002,41,PROD_0041,Tech Guides Pro-Series 2,Books & Media,20250416,2025-04-16,2025-04-16 00:00:00,4,LATAM,Premium,4,539.9,0.0,2159.6,2159.6,Apple Pay
3175,ORD_103175,1,70,CUST_0070,35,PROD_0035,Watches Pro-Series 2,Apparel & Fashion,20250413,2025-04-13,2025-04-13 15:00:00,2,EMEA,Standard,1,495.6,74.34,495.6,421.26,Debit Card
3176,ORD_103176,1,257,CUST_0257,8,PROD_0008,Audio Headphones Pro-Series 2,Consumer Electronics,20250622,2025-06-22,2025-06-22 06:00:00,1,North America,Standard,3,596.84,89.53,1790.52,1700.99,PayPal
3177,ORD_103177,1,283,CUST_0283,10,PROD_0010,Smartwatches Pro-Series 1,Consumer Electronics,20250823,2025-08-23,2025-08-23 04:00:00,2,EMEA,Standard,2,238.77,23.88,477.54,453.66,Apple Pay
3178,ORD_103178,1,143,CUST_0143,31,PROD_0031,Sportswear Pro-Series 1,Apparel & Fashion,20250114,2025-01-14,2025-01-14 17:00:00,3,APAC,Premium,2,610.97,61.1,1221.94,1160.84,Apple Pay
3179,ORD_103179,1,1,CUST_0001,18,PROD_0018,Air Fryers Pro-Series 3,Home & Kitchen,20251101,2025-11-01,2025-11-01 01:00:00,1,North America,Premium,1,497.95,49.8,497.95,448.15,Debit Card
3180,ORD_103180,1,191,CUST_0191,7,PROD_0007,Audio Headphones Pro-Series 1,Consumer Electronics,20250429,2025-04-29,2025-04-29 07:00:00,1,North America,Standard,2,136.35,27.27,272.7,245.43,Credit Card
3181,ORD_103181,1,164,CUST_0164,29,PROD_0029,Women's Sneakers Pro-Series 2,Apparel & Fashion,20251118,2025-11-18,2025-11-18 06:00:00,2,EMEA,VIP,2,420.39,42.04,840.78,798.74,Credit Card
3182,ORD_103182,1,61,CUST_0061,41,PROD_0041,Tech Guides Pro-Series 2,Books & Media,20260324,2026-03-24,2026-03-24 09:00:00,3,APAC,VIP,4,539.9,0.0,2159.6,2159.6,Debit Card
3183,ORD_103183,1,15,CUST_0015,9,PROD_0009,Audio Headphones Pro-Series 3,Consumer Electronics,20260621,2026-06-21,2026-06-21 07:00:00,1,North America,Premium,1,512.06,0.0,512.06,512.06,Apple Pay
3184,ORD_103184,1,148,CUST_0148,22,PROD_0022,Robotic Vacuums Pro-Series 1,Home & Kitchen,20250415,2025-04-15,2025-04-15 19:00:00,2,EMEA,Standard,3,573.0,0.0,1719.0,1719.0,Apple Pay
3185,ORD_103185,1,390,CUST_0390,7,PROD_0007,Audio Headphones Pro-Series 1,Consumer Electronics,20250510,2025-05-10,2025-05-10 16:00:00,3,APAC,Premium,3,136.35,61.36,409.05,347.69,Debit Card
3186,ORD_103186,1,376,CUST_0376,41,PROD_0041,Tech Guides Pro-Series 2,Books & Media,20260411,2026-04-11,2026-04-11 09:00:00,2,EMEA,Standard,5,539.9,0.0,2699.5,2699.5,PayPal
3187,ORD_103187,1,262,CUST_0262,44,PROD_0044,Audiobooks Pro-Series 2,Books & Media,20250329,2025-03-29,2025-03-29 20:00:00,2,EMEA,Standard,1,86.85,13.03,86.85,73.82,PayPal
3188,ORD_103188,1,468,CUST_0468,36,PROD_0036,Watches Pro-Series 3,Apparel & Fashion,20251219,2025-12-19,2025-12-19 15:00:00,1,North America,Standard,2,387.69,116.31,775.38,659.07,Credit Card
3189,ORD_103189,1,114,CUST_0114,43,PROD_0043,Audiobooks Pro-Series 1,Books & Media,20250530,2025-05-30,2025-05-30 03:00:00,4,LATAM,Premium,3,262.83,39.42,788.49,749.07,Debit Card
3190,ORD_103190,1,164,CUST_0164,22,PROD_0022,Robotic Vacuums Pro-Series 1,Home & Kitchen,20260813,2026-08-13,2026-08-13 00:00:00,3,APAC,VIP,3,573.0,257.85,1719.0,1461.15,Apple Pay
3191,ORD_103191,1,358,CUST_0358,2,PROD_0002,Smartphones Pro-Series 2,Consumer Electronics,20260809,2026-08-09,2026-08-09 09:00:00,3,APAC,Standard,2,484.7,0.0,969.4,969.4,Debit Card
3192,ORD_103192,1,327,CUST_0327,4,PROD_0004,Laptops Pro-Series 1,Consumer Electronics,20260317,2026-03-17,2026-03-17 18:00:00,3,APAC,Premium,3,328.32,49.25,984.96,935.71,Debit Card
3193,ORD_103193,1,35,CUST_0035,4,PROD_0004,Laptops Pro-Series 1,Consumer Electronics,20250116,2025-01-16,2025-01-16 12:00:00,4,LATAM,Standard,3,328.32,147.74,984.96,837.22,Debit Card
3194,ORD_103194,1,232,CUST_0232,18,PROD_0018,Air Fryers Pro-Series 3,Home & Kitchen,20250904,2025-09-04,2025-09-04 07:00:00,3,APAC,Standard,4,497.95,0.0,1991.8,1991.8,Credit Card
3195,ORD_103195,1,74,CUST_0074,29,PROD_0029,Women's Sneakers Pro-Series 2,Apparel & Fashion,20260213,2026-02-13,2026-02-13 10:00:00,4,LATAM,Premium,1,420.39,21.02,420.39,399.37,Debit Card
3196,ORD_103196,1,154,CUST_0154,38,PROD_0038,Hardcover Novels Pro-Series 2,Books & Media,20260728,2026-07-28,2026-07-28 02:00:00,1,North America,Standard,2,157.75,31.55,315.5,283.95,PayPal
3197,ORD_103197,1,144,CUST_0144,13,PROD_0013,Coffee Makers Pro-Series 1,Home & Kitchen,20250121,2025-01-21,2025-01-21 16:00:00,4,LATAM,Premium,4,177.25,35.45,709.0,673.55,Debit Card
3198,ORD_103198,1,155,CUST_0155,30,PROD_0030,Women's Sneakers Pro-Series 3,Apparel & Fashion,20251030,2025-10-30,2025-10-30 08:00:00,4,LATAM,Standard,2,378.05,75.61,756.1,680.49,Credit Card
3199,ORD_103199,1,346,CUST_0346,12,PROD_0012,Smartwatches Pro-Series 3,Consumer Electronics,20260629,2026-06-29,2026-06-29 09:00:00,2,EMEA,Standard,2,414.15,82.83,828.3,745.47,PayPal
3200,ORD_103200,1,263,CUST_0263,1,PROD_0001,Smartphones Pro-Series 1,Consumer Electronics,20250806,2025-08-06,2025-08-06 09:00:00,1,North America,Standard,3,247.49,0.0,742.47,742.47,Debit Card
3201,ORD_103201,1,57,CUST_0057,22,PROD_0022,Robotic Vacuums Pro-Series 1,Home & Kitchen,20250510,2025-05-10,2025-05-10 09:00:00,3,APAC,Standard,2,573.0,171.9,1146.0,974.1,Credit Card
3202,ORD_103202,1,174,CUST_0174,21,PROD_0021,Blenders Pro-Series 3,Home & Kitchen,20251202,2025-12-02,2025-12-02 17:00:00,4,LATAM,Standard,3,137.29,0.0,411.87,411.87,Debit Card
3203,ORD_103203,1,289,CUST_0289,25,PROD_0025,Men's Jackets Pro-Series 1,Apparel & Fashion,20250628,2025-06-28,2025-06-28 15:00:00,1,North America,Premium,2,381.42,76.28,762.84,686.56,PayPal
3204,ORD_103204,1,32,CUST_0032,16,PROD_0016,Air Fryers Pro-Series 1,Home & Kitchen,20260113,2026-01-13,2026-01-13 14:00:00,2,EMEA,Standard,2,403.75,40.38,807.5,767.12,Apple Pay
3205,ORD_103205,1,93,CUST_0093,15,PROD_0015,Coffee Makers Pro-Series 3,Home & Kitchen,20251026,2025-10-26,2025-10-26 11:00:00,1,North America,Standard,3,397.04,59.56,1191.12,1131.56,Debit Card
3206,ORD_103206,1,144,CUST_0144,2,PROD_0002,Smartphones Pro-Series 2,Consumer Electronics,20250820,2025-08-20,2025-08-20 01:00:00,2,EMEA,Premium,5,484.7,363.52,2423.5,2059.98,Debit Card
3207,ORD_103207,1,317,CUST_0317,39,PROD_0039,Hardcover Novels Pro-Series 3,Books & Media,20250708,2025-07-08,2025-07-08 22:00:00,1,North America,Standard,4,217.64,43.53,870.56,827.03,Credit Card
3208,ORD_103208,1,488,CUST_0488,11,PROD_0011,Smartwatches Pro-Series 2,Consumer Electronics,20260513,2026-05-13,2026-05-13 09:00:00,2,EMEA,VIP,2,627.26,0.0,1254.52,1254.52,Apple Pay
3209,ORD_103209,1,238,CUST_0238,35,PROD_0035,Watches Pro-Series 2,Apparel & Fashion,20250331,2025-03-31,2025-03-31 13:00:00,2,EMEA,Standard,1,495.6,49.56,495.6,446.04,PayPal
3210,ORD_103210,1,196,CUST_0196,39,PROD_0039,Hardcover Novels Pro-Series 3,Books & Media,20250630,2025-06-30,2025-06-30 12:00:00,2,EMEA,Standard,4,217.64,0.0,870.56,870.56,Debit Card
3211,ORD_103211,1,420,CUST_0420,23,PROD_0023,Robotic Vacuums Pro-Series 2,Home & Kitchen,20250815,2025-08-15,2025-08-15 04:00:00,1,North America,Standard,2,80.72,0.0,161.44,161.44,PayPal
3212,ORD_103212,1,257,CUST_0257,3,PROD_0003,Smartphones Pro-Series 3,Consumer Electronics,20260824,2026-08-24,2026-08-24 05:00:00,3,APAC,Standard,5,194.64,97.32,973.2,875.88,Credit Card
3213,ORD_103213,1,24,CUST_0024,27,PROD_0027,Men's Jackets Pro-Series 3,Apparel & Fashion,20250709,2025-07-09,2025-07-09 04:00:00,1,North America,Standard,5,452.99,0.0,2264.95,2264.95,Credit Card
3214,ORD_103214,1,330,CUST_0330,16,PROD_0016,Air Fryers Pro-Series 1,Home & Kitchen,20260814,2026-08-14,2026-08-14 07:00:00,2,EMEA,Premium,3,403.75,60.56,1211.25,1150.69,Debit Card
3215,ORD_103215,1,310,CUST_0310,4,PROD_0004,Laptops Pro-Series 1,Consumer Electronics,20260514,2026-05-14,2026-05-14 02:00:00,1,North America,Standard,1,328.32,0.0,328.32,328.32,PayPal
3216,ORD_103216,1,175,CUST_0175,28,PROD_0028,Women's Sneakers Pro-Series 1,Apparel & Fashion,20260819,2026-08-19,2026-08-19 20:00:00,1,North America,VIP,4,301.74,60.35,1206.96,1146.61,PayPal
3217,ORD_103217,1,367,CUST_0367,44,PROD_0044,Audiobooks Pro-Series 2,Books & Media,20251215,2025-12-15,2025-12-15 12:00:00,3,APAC,Standard,4,86.85,0.0,347.4,347.4,Apple Pay
3218,ORD_103218,1,159,CUST_0159,1,PROD_0001,Smartphones Pro-Series 1,Consumer Electronics,20251229,2025-12-29,2025-12-29 19:00:00,4,LATAM,Standard,5,247.49,61.87,1237.45,1175.58,PayPal
3219,ORD_103219,1,407,CUST_0407,23,PROD_0023,Robotic Vacuums Pro-Series 2,Home & Kitchen,20250101,2025-01-01,2025-01-01 09:00:00,2,EMEA,Premium,2,80.72,8.07,161.44,153.37,Credit Card
3220,ORD_103220,1,322,CUST_0322,30,PROD_0030,Women's Sneakers Pro-Series 3,Apparel & Fashion,20260130,2026-01-30,2026-01-30 20:00:00,4,LATAM,Premium,5,378.05,0.0,1890.25,1890.25,Apple Pay
3221,ORD_103221,1,149,CUST_0149,29,PROD_0029,Women's Sneakers Pro-Series 2,Apparel & Fashion,20251206,2025-12-06,2025-12-06 12:00:00,3,APAC,Premium,2,420.39,126.12,840.78,714.66,Credit Card
3222,ORD_103222,1,152,CUST_0152,23,PROD_0023,Robotic Vacuums Pro-Series 2,Home & Kitchen,20250502,2025-05-02,2025-05-02 19:00:00,2,EMEA,Premium,5,80.72,0.0,403.6,403.6,Credit Card
3223,ORD_103223,1,220,CUST_0220,27,PROD_0027,Men's Jackets Pro-Series 3,Apparel & Fashion,20260408,2026-04-08,2026-04-08 15:00:00,4,LATAM,Premium,3,452.99,0.0,1358.97,1358.97,Apple Pay
3224,ORD_103224,1,242,CUST_0242,42,PROD_0042,Tech Guides Pro-Series 3,Books & Media,20250701,2025-07-01,2025-07-01 21:00:00,4,LATAM,Premium,1,201.79,10.09,201.79,191.7,Credit Card
3225,ORD_103225,1,284,CUST_0284,6,PROD_0006,Laptops Pro-Series 3,Consumer Electronics,20260813,2026-08-13,2026-08-13 05:00:00,3,APAC,Standard,4,304.52,0.0,1218.08,1218.08,Debit Card
3226,ORD_103226,1,320,CUST_0320,4,PROD_0004,Laptops Pro-Series 1,Consumer Electronics,20250317,2025-03-17,2025-03-17 23:00:00,2,EMEA,Premium,2,328.32,32.83,656.64,623.81,Credit Card
3227,ORD_103227,1,245,CUST_0245,41,PROD_0041,Tech Guides Pro-Series 2,Books & Media,20250427,2025-04-27,2025-04-27 12:00:00,4,LATAM,Premium,1,539.9,80.98,539.9,458.92,Debit Card
3228,ORD_103228,1,172,CUST_0172,16,PROD_0016,Air Fryers Pro-Series 1,Home & Kitchen,20260314,2026-03-14,2026-03-14 06:00:00,2,EMEA,Standard,2,403.75,40.38,807.5,767.12,Debit Card
3229,ORD_103229,1,183,CUST_0183,38,PROD_0038,Hardcover Novels Pro-Series 2,Books & Media,20250507,2025-05-07,2025-05-07 17:00:00,2,EMEA,VIP,1,157.75,7.89,157.75,149.86,Debit Card
3230,ORD_103230,1,146,CUST_0146,42,PROD_0042,Tech Guides Pro-Series 3,Books & Media,20260614,2026-06-14,2026-06-14 23:00:00,3,APAC,Premium,4,201.79,40.36,807.16,766.8,Debit Card
3231,ORD_103231,1,147,CUST_0147,10,PROD_0010,Smartwatches Pro-Series 1,Consumer Electronics,20250327,2025-03-27,2025-03-27 02:00:00,3,APAC,Standard,2,238.77,0.0,477.54,477.54,Credit Card
3232,ORD_103232,1,126,CUST_0126,30,PROD_0030,Women's Sneakers Pro-Series 3,Apparel & Fashion,20250130,2025-01-30,2025-01-30 23:00:00,3,APAC,Standard,2,378.05,37.8,756.1,718.3,PayPal
3233,ORD_103233,1,74,CUST_0074,17,PROD_0017,Air Fryers Pro-Series 2,Home & Kitchen,20250316,2025-03-16,2025-03-16 06:00:00,4,LATAM,Premium,3,438.78,197.45,1316.34,1118.89,Debit Card
3234,ORD_103234,1,498,CUST_0498,31,PROD_0031,Sportswear Pro-Series 1,Apparel & Fashion,20250802,2025-08-02,2025-08-02 04:00:00,3,APAC,Standard,1,610.97,91.65,610.97,519.32,PayPal
3235,ORD_103235,1,176,CUST_0176,37,PROD_0037,Hardcover Novels Pro-Series 1,Books & Media,20260524,2026-05-24,2026-05-24 13:00:00,1,North America,Standard,3,271.24,40.69,813.72,773.03,PayPal
3236,ORD_103236,1,51,CUST_0051,18,PROD_0018,Air Fryers Pro-Series 3,Home & Kitchen,20250212,2025-02-12,2025-02-12 03:00:00,1,North America,Standard,4,497.95,199.18,1991.8,1792.62,PayPal
3237,ORD_103237,1,150,CUST_0150,12,PROD_0012,Smartwatches Pro-Series 3,Consumer Electronics,20260315,2026-03-15,2026-03-15 12:00:00,4,LATAM,VIP,4,414.15,82.83,1656.6,1573.77,Apple Pay
3238,ORD_103238,1,250,CUST_0250,12,PROD_0012,Smartwatches Pro-Series 3,Consumer Electronics,20250307,2025-03-07,2025-03-07 04:00:00,3,APAC,Standard,3,414.15,124.24,1242.45,1118.21,PayPal
3239,ORD_103239,1,487,CUST_0487,24,PROD_0024,Robotic Vacuums Pro-Series 3,Home & Kitchen,20250912,2025-09-12,2025-09-12 15:00:00,4,LATAM,Standard,3,106.82,48.07,320.46,272.39,Debit Card
3240,ORD_103240,1,271,CUST_0271,29,PROD_0029,Women's Sneakers Pro-Series 2,Apparel & Fashion,20260225,2026-02-25,2026-02-25 08:00:00,3,APAC,Standard,5,420.39,315.29,2101.95,1786.66,PayPal
3241,ORD_103241,1,417,CUST_0417,37,PROD_0037,Hardcover Novels Pro-Series 1,Books & Media,20250618,2025-06-18,2025-06-18 08:00:00,3,APAC,Standard,3,271.24,0.0,813.72,813.72,Credit Card
3242,ORD_103242,1,321,CUST_0321,9,PROD_0009,Audio Headphones Pro-Series 3,Consumer Electronics,20251111,2025-11-11,2025-11-11 13:00:00,3,APAC,Standard,1,512.06,76.81,512.06,435.25,PayPal
3243,ORD_103243,1,168,CUST_0168,25,PROD_0025,Men's Jackets Pro-Series 1,Apparel & Fashion,20260805,2026-08-05,2026-08-05 13:00:00,3,APAC,Standard,1,381.42,19.07,381.42,362.35,Credit Card
3244,ORD_103244,1,385,CUST_0385,29,PROD_0029,Women's Sneakers Pro-Series 2,Apparel & Fashion,20260308,2026-03-08,2026-03-08 04:00:00,4,LATAM,Standard,4,420.39,84.08,1681.56,1597.48,PayPal
3245,ORD_103245,1,12,CUST_0012,40,PROD_0040,Tech Guides Pro-Series 1,Books & Media,20251124,2025-11-24,2025-11-24 22:00:00,4,LATAM,VIP,5,507.6,126.9,2538.0,2411.1,Apple Pay
3246,ORD_103246,1,38,CUST_0038,9,PROD_0009,Audio Headphones Pro-Series 3,Consumer Electronics,20251003,2025-10-03,2025-10-03 04:00:00,1,North America,Standard,3,512.06,230.43,1536.18,1305.75,Apple Pay
3247,ORD_103247,1,76,CUST_0076,13,PROD_0013,Coffee Makers Pro-Series 1,Home & Kitchen,20250105,2025-01-05,2025-01-05 05:00:00,3,APAC,Premium,4,177.25,106.35,709.0,602.65,Credit Card
3248,ORD_103248,1,498,CUST_0498,32,PROD_0032,Sportswear Pro-Series 2,Apparel & Fashion,20251021,2025-10-21,2025-10-21 11:00:00,4,LATAM,Standard,2,106.55,21.31,213.1,191.79,Credit Card
3249,ORD_103249,1,358,CUST_0358,42,PROD_0042,Tech Guides Pro-Series 3,Books & Media,20260617,2026-06-17,2026-06-17 09:00:00,1,North America,Standard,4,201.79,0.0,807.16,807.16,PayPal
3250,ORD_103250,1,313,CUST_0313,34,PROD_0034,Watches Pro-Series 1,Apparel & Fashion,20250824,2025-08-24,2025-08-24 20:00:00,2,EMEA,Standard,1,277.89,27.79,277.89,250.1,Debit Card
3251,ORD_103251,1,431,CUST_0431,10,PROD_0010,Smartwatches Pro-Series 1,Consumer Electronics,20260723,2026-07-23,2026-07-23 21:00:00,2,EMEA,Standard,2,238.77,71.63,477.54,405.91,PayPal
3252,ORD_103252,1,358,CUST_0358,18,PROD_0018,Air Fryers Pro-Series 3,Home & Kitchen,20250227,2025-02-27,2025-02-27 18:00:00,3,APAC,Standard,1,497.95,74.69,497.95,423.26,Debit Card
3253,ORD_103253,1,228,CUST_0228,1,PROD_0001,Smartphones Pro-Series 1,Consumer Electronics,20260214,2026-02-14,2026-02-14 23:00:00,4,LATAM,Premium,2,247.49,74.25,494.98,420.73,PayPal
3254,ORD_103254,1,219,CUST_0219,13,PROD_0013,Coffee Makers Pro-Series 1,Home & Kitchen,20250524,2025-05-24,2025-05-24 16:00:00,1,North America,Standard,1,177.25,0.0,177.25,177.25,PayPal
3255,ORD_103255,1,421,CUST_0421,4,PROD_0004,Laptops Pro-Series 1,Consumer Electronics,20250605,2025-06-05,2025-06-05 00:00:00,3,APAC,Standard,5,328.32,164.16,1641.6,1477.44,PayPal
3256,ORD_103256,1,396,CUST_0396,35,PROD_0035,Watches Pro-Series 2,Apparel & Fashion,20260202,2026-02-02,2026-02-02 08:00:00,2,EMEA,Standard,2,495.6,49.56,991.2,941.64,Debit Card
3257,ORD_103257,1,296,CUST_0296,25,PROD_0025,Men's Jackets Pro-Series 1,Apparel & Fashion,20260408,2026-04-08,2026-04-08 21:00:00,1,North America,Standard,5,381.42,95.36,1907.1,1811.74,Debit Card
3258,ORD_103258,1,379,CUST_0379,41,PROD_0041,Tech Guides Pro-Series 2,Books & Media,20260526,2026-05-26,2026-05-26 23:00:00,1,North America,Standard,2,539.9,161.97,1079.8,917.83,Credit Card
3259,ORD_103259,1,347,CUST_0347,17,PROD_0017,Air Fryers Pro-Series 2,Home & Kitchen,20251210,2025-12-10,2025-12-10 20:00:00,3,APAC,Standard,4,438.78,87.76,1755.12,1667.36,Credit Card
3260,ORD_103260,1,470,CUST_0470,27,PROD_0027,Men's Jackets Pro-Series 3,Apparel & Fashion,20260730,2026-07-30,2026-07-30 11:00:00,3,APAC,Standard,5,452.99,0.0,2264.95,2264.95,Credit Card
3261,ORD_103261,1,134,CUST_0134,40,PROD_0040,Tech Guides Pro-Series 1,Books & Media,20250712,2025-07-12,2025-07-12 04:00:00,3,APAC,Premium,1,507.6,25.38,507.6,482.22,Apple Pay
3262,ORD_103262,1,497,CUST_0497,1,PROD_0001,Smartphones Pro-Series 1,Consumer Electronics,20250221,2025-02-21,2025-02-21 20:00:00,1,North America,Premium,1,247.49,24.75,247.49,222.74,Apple Pay
3263,ORD_103263,1,244,CUST_0244,23,PROD_0023,Robotic Vacuums Pro-Series 2,Home & Kitchen,20260205,2026-02-05,2026-02-05 03:00:00,1,North America,Premium,5,80.72,0.0,403.6,403.6,PayPal
3264,ORD_103264,1,261,CUST_0261,37,PROD_0037,Hardcover Novels Pro-Series 1,Books & Media,20260621,2026-06-21,2026-06-21 23:00:00,1,North America,VIP,3,271.24,81.37,813.72,732.35,Credit Card
3265,ORD_103265,1,32,CUST_0032,18,PROD_0018,Air Fryers Pro-Series 3,Home & Kitchen,20250304,2025-03-04,2025-03-04 09:00:00,2,EMEA,Standard,1,497.95,49.8,497.95,448.15,Debit Card
3266,ORD_103266,1,175,CUST_0175,5,PROD_0005,Laptops Pro-Series 2,Consumer Electronics,20260130,2026-01-30,2026-01-30 16:00:00,2,EMEA,VIP,3,144.32,21.65,432.96,411.31,Credit Card
3267,ORD_103267,1,331,CUST_0331,14,PROD_0014,Coffee Makers Pro-Series 2,Home & Kitchen,20251009,2025-10-09,2025-10-09 16:00:00,4,LATAM,Standard,3,94.28,42.43,282.84,240.41,Apple Pay
3268,ORD_103268,1,26,CUST_0026,13,PROD_0013,Coffee Makers Pro-Series 1,Home & Kitchen,20251227,2025-12-27,2025-12-27 16:00:00,1,North America,Premium,5,177.25,0.0,886.25,886.25,Credit Card
3269,ORD_103269,1,477,CUST_0477,21,PROD_0021,Blenders Pro-Series 3,Home & Kitchen,20260217,2026-02-17,2026-02-17 16:00:00,4,LATAM,VIP,3,137.29,61.78,411.87,350.09,Credit Card
3270,ORD_103270,1,282,CUST_0282,17,PROD_0017,Air Fryers Pro-Series 2,Home & Kitchen,20260514,2026-05-14,2026-05-14 14:00:00,1,North America,Standard,1,438.78,0.0,438.78,438.78,PayPal
3271,ORD_103271,1,53,CUST_0053,26,PROD_0026,Men's Jackets Pro-Series 2,Apparel & Fashion,20260419,2026-04-19,2026-04-19 21:00:00,2,EMEA,Standard,4,387.88,0.0,1551.52,1551.52,Debit Card
3272,ORD_103272,1,188,CUST_0188,34,PROD_0034,Watches Pro-Series 1,Apparel & Fashion,20250406,2025-04-06,2025-04-06 03:00:00,4,LATAM,Premium,4,277.89,166.73,1111.56,944.83,Credit Card
3273,ORD_103273,1,293,CUST_0293,31,PROD_0031,Sportswear Pro-Series 1,Apparel & Fashion,20250329,2025-03-29,2025-03-29 18:00:00,4,LATAM,Premium,4,610.97,244.39,2443.88,2199.49,PayPal
3274,ORD_103274,1,212,CUST_0212,5,PROD_0005,Laptops Pro-Series 2,Consumer Electronics,20250723,2025-07-23,2025-07-23 05:00:00,4,LATAM,Premium,1,144.32,14.43,144.32,129.89,Credit Card
3275,ORD_103275,1,107,CUST_0107,24,PROD_0024,Robotic Vacuums Pro-Series 3,Home & Kitchen,20251207,2025-12-07,2025-12-07 17:00:00,2,EMEA,Premium,3,106.82,32.05,320.46,288.41,Credit Card
3276,ORD_103276,1,168,CUST_0168,29,PROD_0029,Women's Sneakers Pro-Series 2,Apparel & Fashion,20251223,2025-12-23,2025-12-23 13:00:00,2,EMEA,Standard,5,420.39,210.19,2101.95,1891.76,PayPal
3277,ORD_103277,1,127,CUST_0127,38,PROD_0038,Hardcover Novels Pro-Series 2,Books & Media,20260109,2026-01-09,2026-01-09 07:00:00,2,EMEA,Standard,3,157.75,23.66,473.25,449.59,Debit Card
3278,ORD_103278,1,73,CUST_0073,7,PROD_0007,Audio Headphones Pro-Series 1,Consumer Electronics,20260214,2026-02-14,2026-02-14 21:00:00,4,LATAM,Premium,4,136.35,54.54,545.4,490.86,Credit Card
3279,ORD_103279,1,170,CUST_0170,35,PROD_0035,Watches Pro-Series 2,Apparel & Fashion,20250310,2025-03-10,2025-03-10 21:00:00,3,APAC,Premium,4,495.6,297.36,1982.4,1685.04,Debit Card
3280,ORD_103280,1,418,CUST_0418,13,PROD_0013,Coffee Makers Pro-Series 1,Home & Kitchen,20250802,2025-08-02,2025-08-02 00:00:00,1,North America,Standard,2,177.25,35.45,354.5,319.05,PayPal
3281,ORD_103281,1,92,CUST_0092,31,PROD_0031,Sportswear Pro-Series 1,Apparel & Fashion,20250611,2025-06-11,2025-06-11 14:00:00,4,LATAM,VIP,4,610.97,122.19,2443.88,2321.69,Apple Pay
3282,ORD_103282,1,327,CUST_0327,24,PROD_0024,Robotic Vacuums Pro-Series 3,Home & Kitchen,20251121,2025-11-21,2025-11-21 02:00:00,1,North America,Premium,2,106.82,21.36,213.64,192.28,PayPal
3283,ORD_103283,1,484,CUST_0484,20,PROD_0020,Blenders Pro-Series 2,Home & Kitchen,20260615,2026-06-15,2026-06-15 11:00:00,4,LATAM,Standard,1,80.82,4.04,80.82,76.78,Credit Card
3284,ORD_103284,1,419,CUST_0419,13,PROD_0013,Coffee Makers Pro-Series 1,Home & Kitchen,20260712,2026-07-12,2026-07-12 14:00:00,1,North America,VIP,5,177.25,132.94,886.25,753.31,PayPal
3285,ORD_103285,1,234,CUST_0234,15,PROD_0015,Coffee Makers Pro-Series 3,Home & Kitchen,20250109,2025-01-09,2025-01-09 20:00:00,2,EMEA,VIP,4,397.04,238.22,1588.16,1349.94,Debit Card
3286,ORD_103286,1,487,CUST_0487,8,PROD_0008,Audio Headphones Pro-Series 2,Consumer Electronics,20260412,2026-04-12,2026-04-12 23:00:00,1,North America,Standard,5,596.84,298.42,2984.2,2685.78,PayPal
3287,ORD_103287,1,355,CUST_0355,31,PROD_0031,Sportswear Pro-Series 1,Apparel & Fashion,20251123,2025-11-23,2025-11-23 04:00:00,4,LATAM,VIP,2,610.97,0.0,1221.94,1221.94,Credit Card
3288,ORD_103288,1,465,CUST_0465,6,PROD_0006,Laptops Pro-Series 3,Consumer Electronics,20250109,2025-01-09,2025-01-09 14:00:00,2,EMEA,Premium,1,304.52,0.0,304.52,304.52,PayPal
3289,ORD_103289,1,100,CUST_0100,19,PROD_0019,Blenders Pro-Series 1,Home & Kitchen,20251013,2025-10-13,2025-10-13 04:00:00,3,APAC,Standard,4,523.93,104.79,2095.72,1990.93,Credit Card
3290,ORD_103290,1,338,CUST_0338,31,PROD_0031,Sportswear Pro-Series 1,Apparel & Fashion,20251224,2025-12-24,2025-12-24 23:00:00,4,LATAM,Premium,4,610.97,0.0,2443.88,2443.88,Debit Card
3291,ORD_103291,1,297,CUST_0297,38,PROD_0038,Hardcover Novels Pro-Series 2,Books & Media,20250504,2025-05-04,2025-05-04 21:00:00,4,LATAM,Standard,1,157.75,23.66,157.75,134.09,Apple Pay
3292,ORD_103292,1,396,CUST_0396,26,PROD_0026,Men's Jackets Pro-Series 2,Apparel & Fashion,20260321,2026-03-21,2026-03-21 11:00:00,4,LATAM,Standard,4,387.88,232.73,1551.52,1318.79,Apple Pay
3293,ORD_103293,1,313,CUST_0313,44,PROD_0044,Audiobooks Pro-Series 2,Books & Media,20250211,2025-02-11,2025-02-11 19:00:00,4,LATAM,Standard,5,86.85,21.71,434.25,412.54,PayPal
3294,ORD_103294,1,9,CUST_0009,2,PROD_0002,Smartphones Pro-Series 2,Consumer Electronics,20251022,2025-10-22,2025-10-22 08:00:00,3,APAC,Premium,2,484.7,48.47,969.4,920.93,Apple Pay
3295,ORD_103295,1,195,CUST_0195,44,PROD_0044,Audiobooks Pro-Series 2,Books & Media,20250522,2025-05-22,2025-05-22 21:00:00,3,APAC,Premium,2,86.85,26.05,173.7,147.65,PayPal
3296,ORD_103296,1,429,CUST_0429,6,PROD_0006,Laptops Pro-Series 3,Consumer Electronics,20250706,2025-07-06,2025-07-06 04:00:00,1,North America,Standard,3,304.52,45.68,913.56,867.88,Credit Card
3297,ORD_103297,1,186,CUST_0186,45,PROD_0045,Audiobooks Pro-Series 3,Books & Media,20260415,2026-04-15,2026-04-15 00:00:00,3,APAC,VIP,4,512.51,102.5,2050.04,1947.54,Debit Card
3298,ORD_103298,1,172,CUST_0172,32,PROD_0032,Sportswear Pro-Series 2,Apparel & Fashion,20250221,2025-02-21,2025-02-21 03:00:00,1,North America,Standard,1,106.55,10.66,106.55,95.89,Credit Card
3299,ORD_103299,1,36,CUST_0036,26,PROD_0026,Men's Jackets Pro-Series 2,Apparel & Fashion,20250409,2025-04-09,2025-04-09 01:00:00,2,EMEA,Standard,4,387.88,0.0,1551.52,1551.52,Credit Card
3300,ORD_103300,1,69,CUST_0069,26,PROD_0026,Men's Jackets Pro-Series 2,Apparel & Fashion,20260601,2026-06-01,2026-06-01 01:00:00,3,APAC,Standard,5,387.88,96.97,1939.4,1842.43,Apple Pay
3301,ORD_103301,1,307,CUST_0307,30,PROD_0030,Women's Sneakers Pro-Series 3,Apparel & Fashion,20260425,2026-04-25,2026-04-25 10:00:00,2,EMEA,Standard,2,378.05,75.61,756.1,680.49,Apple Pay
3302,ORD_103302,1,366,CUST_0366,14,PROD_0014,Coffee Makers Pro-Series 2,Home & Kitchen,20260604,2026-06-04,2026-06-04 16:00:00,3,APAC,Premium,4,94.28,0.0,377.12,377.12,PayPal
3303,ORD_103303,1,293,CUST_0293,26,PROD_0026,Men's Jackets Pro-Series 2,Apparel & Fashion,20250421,2025-04-21,2025-04-21 09:00:00,4,LATAM,Premium,5,387.88,0.0,1939.4,1939.4,Apple Pay
3304,ORD_103304,1,497,CUST_0497,33,PROD_0033,Sportswear Pro-Series 3,Apparel & Fashion,20260129,2026-01-29,2026-01-29 07:00:00,4,LATAM,Premium,4,230.01,92.0,920.04,828.04,PayPal
3305,ORD_103305,1,449,CUST_0449,14,PROD_0014,Coffee Makers Pro-Series 2,Home & Kitchen,20250609,2025-06-09,2025-06-09 00:00:00,1,North America,VIP,4,94.28,18.86,377.12,358.26,Debit Card
3306,ORD_103306,1,75,CUST_0075,34,PROD_0034,Watches Pro-Series 1,Apparel & Fashion,20260310,2026-03-10,2026-03-10 11:00:00,2,EMEA,VIP,3,277.89,125.05,833.67,708.62,Apple Pay
3307,ORD_103307,1,462,CUST_0462,11,PROD_0011,Smartwatches Pro-Series 2,Consumer Electronics,20250928,2025-09-28,2025-09-28 18:00:00,4,LATAM,Standard,2,627.26,125.45,1254.52,1129.07,Credit Card
3308,ORD_103308,1,353,CUST_0353,44,PROD_0044,Audiobooks Pro-Series 2,Books & Media,20250210,2025-02-10,2025-02-10 01:00:00,2,EMEA,Standard,1,86.85,13.03,86.85,73.82,Credit Card
3309,ORD_103309,1,342,CUST_0342,25,PROD_0025,Men's Jackets Pro-Series 1,Apparel & Fashion,20250330,2025-03-30,2025-03-30 09:00:00,1,North America,VIP,3,381.42,0.0,1144.26,1144.26,Credit Card
3310,ORD_103310,1,144,CUST_0144,14,PROD_0014,Coffee Makers Pro-Series 2,Home & Kitchen,20260727,2026-07-27,2026-07-27 10:00:00,2,EMEA,Premium,4,94.28,0.0,377.12,377.12,Debit Card
3311,ORD_103311,1,30,CUST_0030,42,PROD_0042,Tech Guides Pro-Series 3,Books & Media,20250727,2025-07-27,2025-07-27 23:00:00,2,EMEA,VIP,2,201.79,40.36,403.58,363.22,Debit Card
3312,ORD_103312,1,307,CUST_0307,13,PROD_0013,Coffee Makers Pro-Series 1,Home & Kitchen,20250811,2025-08-11,2025-08-11 12:00:00,1,North America,Standard,1,177.25,0.0,177.25,177.25,Credit Card
3313,ORD_103313,1,27,CUST_0027,34,PROD_0034,Watches Pro-Series 1,Apparel & Fashion,20250208,2025-02-08,2025-02-08 18:00:00,2,EMEA,Standard,1,277.89,41.68,277.89,236.21,Credit Card
3314,ORD_103314,1,438,CUST_0438,35,PROD_0035,Watches Pro-Series 2,Apparel & Fashion,20250104,2025-01-04,2025-01-04 09:00:00,1,North America,Standard,2,495.6,49.56,991.2,941.64,Apple Pay
3315,ORD_103315,1,172,CUST_0172,35,PROD_0035,Watches Pro-Series 2,Apparel & Fashion,20251013,2025-10-13,2025-10-13 02:00:00,2,EMEA,Standard,5,495.6,0.0,2478.0,2478.0,PayPal
3316,ORD_103316,1,362,CUST_0362,15,PROD_0015,Coffee Makers Pro-Series 3,Home & Kitchen,20250220,2025-02-20,2025-02-20 08:00:00,4,LATAM,Premium,4,397.04,238.22,1588.16,1349.94,Credit Card
3317,ORD_103317,1,202,CUST_0202,11,PROD_0011,Smartwatches Pro-Series 2,Consumer Electronics,20250906,2025-09-06,2025-09-06 13:00:00,1,North America,Standard,5,627.26,0.0,3136.3,3136.3,PayPal
3318,ORD_103318,1,326,CUST_0326,28,PROD_0028,Women's Sneakers Pro-Series 1,Apparel & Fashion,20250521,2025-05-21,2025-05-21 21:00:00,1,North America,Premium,3,301.74,90.52,905.22,814.7,Debit Card
3319,ORD_103319,1,434,CUST_0434,1,PROD_0001,Smartphones Pro-Series 1,Consumer Electronics,20250920,2025-09-20,2025-09-20 14:00:00,3,APAC,VIP,2,247.49,0.0,494.98,494.98,Credit Card
3320,ORD_103320,1,349,CUST_0349,36,PROD_0036,Watches Pro-Series 3,Apparel & Fashion,20250207,2025-02-07,2025-02-07 11:00:00,2,EMEA,Standard,2,387.69,0.0,775.38,775.38,Debit Card
3321,ORD_103321,1,310,CUST_0310,29,PROD_0029,Women's Sneakers Pro-Series 2,Apparel & Fashion,20260525,2026-05-25,2026-05-25 06:00:00,3,APAC,Standard,2,420.39,0.0,840.78,840.78,Credit Card
3322,ORD_103322,1,342,CUST_0342,28,PROD_0028,Women's Sneakers Pro-Series 1,Apparel & Fashion,20251112,2025-11-12,2025-11-12 04:00:00,2,EMEA,VIP,4,301.74,181.04,1206.96,1025.92,Apple Pay
3323,ORD_103323,1,54,CUST_0054,26,PROD_0026,Men's Jackets Pro-Series 2,Apparel & Fashion,20250130,2025-01-30,2025-01-30 23:00:00,4,LATAM,Standard,4,387.88,232.73,1551.52,1318.79,Credit Card
3324,ORD_103324,1,246,CUST_0246,26,PROD_0026,Men's Jackets Pro-Series 2,Apparel & Fashion,20260606,2026-06-06,2026-06-06 15:00:00,2,EMEA,Premium,5,387.88,96.97,1939.4,1842.43,Debit Card
3325,ORD_103325,1,279,CUST_0279,34,PROD_0034,Watches Pro-Series 1,Apparel & Fashion,20250830,2025-08-30,2025-08-30 13:00:00,3,APAC,Standard,1,277.89,0.0,277.89,277.89,Debit Card
3326,ORD_103326,1,474,CUST_0474,26,PROD_0026,Men's Jackets Pro-Series 2,Apparel & Fashion,20250615,2025-06-15,2025-06-15 14:00:00,2,EMEA,Premium,5,387.88,96.97,1939.4,1842.43,PayPal
3327,ORD_103327,1,223,CUST_0223,29,PROD_0029,Women's Sneakers Pro-Series 2,Apparel & Fashion,20260312,2026-03-12,2026-03-12 13:00:00,1,North America,Standard,5,420.39,105.1,2101.95,1996.85,Debit Card
3328,ORD_103328,1,487,CUST_0487,26,PROD_0026,Men's Jackets Pro-Series 2,Apparel & Fashion,20260211,2026-02-11,2026-02-11 02:00:00,3,APAC,Standard,2,387.88,38.79,775.76,736.97,Credit Card
3329,ORD_103329,1,298,CUST_0298,38,PROD_0038,Hardcover Novels Pro-Series 2,Books & Media,20260420,2026-04-20,2026-04-20 09:00:00,2,EMEA,Standard,3,157.75,0.0,473.25,473.25,PayPal
3330,ORD_103330,1,319,CUST_0319,31,PROD_0031,Sportswear Pro-Series 1,Apparel & Fashion,20251128,2025-11-28,2025-11-28 10:00:00,4,LATAM,Standard,4,610.97,122.19,2443.88,2321.69,Debit Card
3331,ORD_103331,1,429,CUST_0429,32,PROD_0032,Sportswear Pro-Series 2,Apparel & Fashion,20251127,2025-11-27,2025-11-27 19:00:00,4,LATAM,Standard,3,106.55,0.0,319.65,319.65,PayPal
3332,ORD_103332,1,492,CUST_0492,35,PROD_0035,Watches Pro-Series 2,Apparel & Fashion,20260725,2026-07-25,2026-07-25 11:00:00,1,North America,Standard,3,495.6,0.0,1486.8,1486.8,Credit Card
3333,ORD_103333,1,396,CUST_0396,29,PROD_0029,Women's Sneakers Pro-Series 2,Apparel & Fashion,20251025,2025-10-25,2025-10-25 03:00:00,1,North America,Standard,4,420.39,168.16,1681.56,1513.4,Debit Card
3334,ORD_103334,1,97,CUST_0097,37,PROD_0037,Hardcover Novels Pro-Series 1,Books & Media,20260719,2026-07-19,2026-07-19 18:00:00,1,North America,Premium,2,271.24,54.25,542.48,488.23,Debit Card
3335,ORD_103335,1,274,CUST_0274,35,PROD_0035,Watches Pro-Series 2,Apparel & Fashion,20251226,2025-12-26,2025-12-26 02:00:00,4,LATAM,Standard,1,495.6,0.0,495.6,495.6,Apple Pay
3336,ORD_103336,1,21,CUST_0021,4,PROD_0004,Laptops Pro-Series 1,Consumer Electronics,20260623,2026-06-23,2026-06-23 13:00:00,3,APAC,Premium,1,328.32,0.0,328.32,328.32,PayPal
3337,ORD_103337,1,305,CUST_0305,41,PROD_0041,Tech Guides Pro-Series 2,Books & Media,20250926,2025-09-26,2025-09-26 08:00:00,2,EMEA,Standard,5,539.9,404.93,2699.5,2294.57,Debit Card
3338,ORD_103338,1,238,CUST_0238,4,PROD_0004,Laptops Pro-Series 1,Consumer Electronics,20251224,2025-12-24,2025-12-24 20:00:00,2,EMEA,Standard,1,328.32,16.42,328.32,311.9,PayPal
3339,ORD_103339,1,53,CUST_0053,10,PROD_0010,Smartwatches Pro-Series 1,Consumer Electronics,20250119,2025-01-19,2025-01-19 03:00:00,3,APAC,Standard,1,238.77,0.0,238.77,238.77,Debit Card
3340,ORD_103340,1,141,CUST_0141,11,PROD_0011,Smartwatches Pro-Series 2,Consumer Electronics,20250206,2025-02-06,2025-02-06 15:00:00,1,North America,Standard,4,627.26,250.9,2509.04,2258.14,PayPal
3341,ORD_103341,1,117,CUST_0117,13,PROD_0013,Coffee Makers Pro-Series 1,Home & Kitchen,20250705,2025-07-05,2025-07-05 05:00:00,4,LATAM,Standard,5,177.25,44.31,886.25,841.94,Credit Card
3342,ORD_103342,1,197,CUST_0197,11,PROD_0011,Smartwatches Pro-Series 2,Consumer Electronics,20260729,2026-07-29,2026-07-29 00:00:00,1,North America,Standard,1,627.26,94.09,627.26,533.17,PayPal
3343,ORD_103343,1,416,CUST_0416,17,PROD_0017,Air Fryers Pro-Series 2,Home & Kitchen,20250121,2025-01-21,2025-01-21 04:00:00,2,EMEA,VIP,4,438.78,263.27,1755.12,1491.85,PayPal
3344,ORD_103344,1,413,CUST_0413,37,PROD_0037,Hardcover Novels Pro-Series 1,Books & Media,20250923,2025-09-23,2025-09-23 22:00:00,4,LATAM,Standard,3,271.24,40.69,813.72,773.03,Debit Card
3345,ORD_103345,1,358,CUST_0358,21,PROD_0021,Blenders Pro-Series 3,Home & Kitchen,20251023,2025-10-23,2025-10-23 00:00:00,4,LATAM,Standard,1,137.29,13.73,137.29,123.56,Apple Pay
3346,ORD_103346,1,493,CUST_0493,39,PROD_0039,Hardcover Novels Pro-Series 3,Books & Media,20260205,2026-02-05,2026-02-05 21:00:00,3,APAC,Premium,4,217.64,130.58,870.56,739.98,Apple Pay
3347,ORD_103347,1,195,CUST_0195,35,PROD_0035,Watches Pro-Series 2,Apparel & Fashion,20250220,2025-02-20,2025-02-20 23:00:00,4,LATAM,Premium,2,495.6,99.12,991.2,892.08,Apple Pay
3348,ORD_103348,1,113,CUST_0113,17,PROD_0017,Air Fryers Pro-Series 2,Home & Kitchen,20250917,2025-09-17,2025-09-17 11:00:00,3,APAC,Standard,1,438.78,43.88,438.78,394.9,Debit Card
3349,ORD_103349,1,500,CUST_0500,35,PROD_0035,Watches Pro-Series 2,Apparel & Fashion,20260316,2026-03-16,2026-03-16 17:00:00,4,LATAM,Standard,3,495.6,74.34,1486.8,1412.46,Apple Pay
3350,ORD_103350,1,403,CUST_0403,19,PROD_0019,Blenders Pro-Series 1,Home & Kitchen,20260603,2026-06-03,2026-06-03 06:00:00,2,EMEA,Standard,3,523.93,235.77,1571.79,1336.02,PayPal
3351,ORD_103351,1,111,CUST_0111,28,PROD_0028,Women's Sneakers Pro-Series 1,Apparel & Fashion,20260303,2026-03-03,2026-03-03 15:00:00,4,LATAM,Premium,3,301.74,90.52,905.22,814.7,PayPal
3352,ORD_103352,1,441,CUST_0441,43,PROD_0043,Audiobooks Pro-Series 1,Books & Media,20250607,2025-06-07,2025-06-07 00:00:00,4,LATAM,Standard,4,262.83,105.13,1051.32,946.19,Debit Card
3353,ORD_103353,1,462,CUST_0462,39,PROD_0039,Hardcover Novels Pro-Series 3,Books & Media,20250105,2025-01-05,2025-01-05 16:00:00,3,APAC,Standard,2,217.64,21.76,435.28,413.52,Debit Card
3354,ORD_103354,1,337,CUST_0337,42,PROD_0042,Tech Guides Pro-Series 3,Books & Media,20260729,2026-07-29,2026-07-29 06:00:00,3,APAC,Premium,3,201.79,30.27,605.37,575.1,Debit Card
3355,ORD_103355,1,17,CUST_0017,23,PROD_0023,Robotic Vacuums Pro-Series 2,Home & Kitchen,20251212,2025-12-12,2025-12-12 17:00:00,1,North America,Premium,3,80.72,24.22,242.16,217.94,Credit Card
3356,ORD_103356,1,17,CUST_0017,39,PROD_0039,Hardcover Novels Pro-Series 3,Books & Media,20260105,2026-01-05,2026-01-05 23:00:00,2,EMEA,Premium,5,217.64,108.82,1088.2,979.38,Debit Card
3357,ORD_103357,1,376,CUST_0376,1,PROD_0001,Smartphones Pro-Series 1,Consumer Electronics,20260420,2026-04-20,2026-04-20 05:00:00,1,North America,Standard,4,247.49,49.5,989.96,940.46,Apple Pay
3358,ORD_103358,1,389,CUST_0389,13,PROD_0013,Coffee Makers Pro-Series 1,Home & Kitchen,20250626,2025-06-26,2025-06-26 19:00:00,1,North America,Premium,4,177.25,106.35,709.0,602.65,PayPal
3359,ORD_103359,1,433,CUST_0433,38,PROD_0038,Hardcover Novels Pro-Series 2,Books & Media,20260517,2026-05-17,2026-05-17 04:00:00,3,APAC,Standard,3,157.75,47.33,473.25,425.92,Credit Card
3360,ORD_103360,1,474,CUST_0474,2,PROD_0002,Smartphones Pro-Series 2,Consumer Electronics,20250905,2025-09-05,2025-09-05 17:00:00,1,North America,Premium,4,484.7,96.94,1938.8,1841.86,Apple Pay
3361,ORD_103361,1,57,CUST_0057,23,PROD_0023,Robotic Vacuums Pro-Series 2,Home & Kitchen,20260727,2026-07-27,2026-07-27 11:00:00,1,North America,Standard,2,80.72,0.0,161.44,161.44,Apple Pay
3362,ORD_103362,1,337,CUST_0337,12,PROD_0012,Smartwatches Pro-Series 3,Consumer Electronics,20251218,2025-12-18,2025-12-18 00:00:00,1,North America,Premium,3,414.15,62.12,1242.45,1180.33,Apple Pay
3363,ORD_103363,1,72,CUST_0072,30,PROD_0030,Women's Sneakers Pro-Series 3,Apparel & Fashion,20250821,2025-08-21,2025-08-21 02:00:00,3,APAC,Premium,2,378.05,37.8,756.1,718.3,Debit Card
3364,ORD_103364,1,41,CUST_0041,7,PROD_0007,Audio Headphones Pro-Series 1,Consumer Electronics,20251205,2025-12-05,2025-12-05 06:00:00,1,North America,Standard,2,136.35,13.63,272.7,259.07,Apple Pay
3365,ORD_103365,1,141,CUST_0141,11,PROD_0011,Smartwatches Pro-Series 2,Consumer Electronics,20260813,2026-08-13,2026-08-13 00:00:00,4,LATAM,Standard,3,627.26,94.09,1881.78,1787.69,Debit Card
3366,ORD_103366,1,283,CUST_0283,28,PROD_0028,Women's Sneakers Pro-Series 1,Apparel & Fashion,20250928,2025-09-28,2025-09-28 04:00:00,4,LATAM,Standard,2,301.74,60.35,603.48,543.13,Credit Card
3367,ORD_103367,1,187,CUST_0187,32,PROD_0032,Sportswear Pro-Series 2,Apparel & Fashion,20250222,2025-02-22,2025-02-22 16:00:00,2,EMEA,Standard,5,106.55,26.64,532.75,506.11,Apple Pay
3368,ORD_103368,1,176,CUST_0176,6,PROD_0006,Laptops Pro-Series 3,Consumer Electronics,20251223,2025-12-23,2025-12-23 09:00:00,3,APAC,Standard,4,304.52,0.0,1218.08,1218.08,Credit Card
3369,ORD_103369,1,166,CUST_0166,7,PROD_0007,Audio Headphones Pro-Series 1,Consumer Electronics,20260822,2026-08-22,2026-08-22 07:00:00,1,North America,Standard,4,136.35,54.54,545.4,490.86,Apple Pay
3370,ORD_103370,1,387,CUST_0387,44,PROD_0044,Audiobooks Pro-Series 2,Books & Media,20260102,2026-01-02,2026-01-02 10:00:00,2,EMEA,Premium,4,86.85,0.0,347.4,347.4,Debit Card
3371,ORD_103371,1,96,CUST_0096,35,PROD_0035,Watches Pro-Series 2,Apparel & Fashion,20250519,2025-05-19,2025-05-19 15:00:00,1,North America,Standard,4,495.6,297.36,1982.4,1685.04,PayPal
3372,ORD_103372,1,129,CUST_0129,25,PROD_0025,Men's Jackets Pro-Series 1,Apparel & Fashion,20250911,2025-09-11,2025-09-11 14:00:00,1,North America,Premium,2,381.42,0.0,762.84,762.84,Apple Pay
3373,ORD_103373,1,494,CUST_0494,28,PROD_0028,Women's Sneakers Pro-Series 1,Apparel & Fashion,20260503,2026-05-03,2026-05-03 11:00:00,2,EMEA,Standard,4,301.74,120.7,1206.96,1086.26,Credit Card
3374,ORD_103374,1,15,CUST_0015,33,PROD_0033,Sportswear Pro-Series 3,Apparel & Fashion,20250627,2025-06-27,2025-06-27 13:00:00,3,APAC,Premium,5,230.01,0.0,1150.05,1150.05,Debit Card
3375,ORD_103375,1,8,CUST_0008,38,PROD_0038,Hardcover Novels Pro-Series 2,Books & Media,20260206,2026-02-06,2026-02-06 05:00:00,1,North America,Standard,4,157.75,31.55,631.0,599.45,Credit Card
3376,ORD_103376,1,11,CUST_0011,16,PROD_0016,Air Fryers Pro-Series 1,Home & Kitchen,20260318,2026-03-18,2026-03-18 07:00:00,3,APAC,Standard,1,403.75,60.56,403.75,343.19,Debit Card
3377,ORD_103377,1,172,CUST_0172,3,PROD_0003,Smartphones Pro-Series 3,Consumer Electronics,20250302,2025-03-02,2025-03-02 09:00:00,3,APAC,Standard,5,194.64,48.66,973.2,924.54,PayPal
3378,ORD_103378,1,117,CUST_0117,44,PROD_0044,Audiobooks Pro-Series 2,Books & Media,20260305,2026-03-05,2026-03-05 14:00:00,1,North America,Standard,2,86.85,8.69,173.7,165.01,Apple Pay
3379,ORD_103379,1,471,CUST_0471,36,PROD_0036,Watches Pro-Series 3,Apparel & Fashion,20250823,2025-08-23,2025-08-23 16:00:00,1,North America,Standard,3,387.69,116.31,1163.07,1046.76,Credit Card
3380,ORD_103380,1,78,CUST_0078,4,PROD_0004,Laptops Pro-Series 1,Consumer Electronics,20251026,2025-10-26,2025-10-26 20:00:00,2,EMEA,Standard,3,328.32,49.25,984.96,935.71,Debit Card
3381,ORD_103381,1,24,CUST_0024,44,PROD_0044,Audiobooks Pro-Series 2,Books & Media,20251101,2025-11-01,2025-11-01 11:00:00,2,EMEA,Standard,5,86.85,21.71,434.25,412.54,PayPal
3382,ORD_103382,1,131,CUST_0131,9,PROD_0009,Audio Headphones Pro-Series 3,Consumer Electronics,20250420,2025-04-20,2025-04-20 07:00:00,4,LATAM,Premium,3,512.06,153.62,1536.18,1382.56,Debit Card
3383,ORD_103383,1,95,CUST_0095,39,PROD_0039,Hardcover Novels Pro-Series 3,Books & Media,20260123,2026-01-23,2026-01-23 14:00:00,1,North America,Premium,1,217.64,21.76,217.64,195.88,Apple Pay
3384,ORD_103384,1,147,CUST_0147,41,PROD_0041,Tech Guides Pro-Series 2,Books & Media,20250125,2025-01-25,2025-01-25 23:00:00,3,APAC,Standard,2,539.9,0.0,1079.8,1079.8,PayPal
3385,ORD_103385,1,224,CUST_0224,40,PROD_0040,Tech Guides Pro-Series 1,Books & Media,20251103,2025-11-03,2025-11-03 07:00:00,3,APAC,Premium,2,507.6,0.0,1015.2,1015.2,Credit Card
3386,ORD_103386,1,300,CUST_0300,31,PROD_0031,Sportswear Pro-Series 1,Apparel & Fashion,20250610,2025-06-10,2025-06-10 21:00:00,4,LATAM,Standard,1,610.97,0.0,610.97,610.97,Apple Pay
3387,ORD_103387,1,76,CUST_0076,44,PROD_0044,Audiobooks Pro-Series 2,Books & Media,20250117,2025-01-17,2025-01-17 13:00:00,1,North America,Premium,4,86.85,17.37,347.4,330.03,Debit Card
3388,ORD_103388,1,466,CUST_0466,29,PROD_0029,Women's Sneakers Pro-Series 2,Apparel & Fashion,20251214,2025-12-14,2025-12-14 02:00:00,2,EMEA,Premium,2,420.39,0.0,840.78,840.78,Debit Card
3389,ORD_103389,1,315,CUST_0315,6,PROD_0006,Laptops Pro-Series 3,Consumer Electronics,20250525,2025-05-25,2025-05-25 21:00:00,1,North America,Premium,5,304.52,228.39,1522.6,1294.21,PayPal
3390,ORD_103390,1,51,CUST_0051,38,PROD_0038,Hardcover Novels Pro-Series 2,Books & Media,20250609,2025-06-09,2025-06-09 05:00:00,2,EMEA,Standard,4,157.75,0.0,631.0,631.0,Apple Pay
3391,ORD_103391,1,348,CUST_0348,30,PROD_0030,Women's Sneakers Pro-Series 3,Apparel & Fashion,20260330,2026-03-30,2026-03-30 06:00:00,4,LATAM,Standard,4,378.05,0.0,1512.2,1512.2,Credit Card
3392,ORD_103392,1,290,CUST_0290,33,PROD_0033,Sportswear Pro-Series 3,Apparel & Fashion,20260103,2026-01-03,2026-01-03 04:00:00,4,LATAM,Standard,4,230.01,0.0,920.04,920.04,Debit Card
3393,ORD_103393,1,436,CUST_0436,39,PROD_0039,Hardcover Novels Pro-Series 3,Books & Media,20251027,2025-10-27,2025-10-27 11:00:00,1,North America,Premium,3,217.64,32.65,652.92,620.27,Credit Card
3394,ORD_103394,1,163,CUST_0163,4,PROD_0004,Laptops Pro-Series 1,Consumer Electronics,20250918,2025-09-18,2025-09-18 08:00:00,1,North America,Standard,2,328.32,0.0,656.64,656.64,PayPal
3395,ORD_103395,1,414,CUST_0414,34,PROD_0034,Watches Pro-Series 1,Apparel & Fashion,20260122,2026-01-22,2026-01-22 23:00:00,2,EMEA,Standard,5,277.89,208.42,1389.45,1181.03,Credit Card
3396,ORD_103396,1,482,CUST_0482,20,PROD_0020,Blenders Pro-Series 2,Home & Kitchen,20250807,2025-08-07,2025-08-07 23:00:00,3,APAC,Standard,1,80.82,4.04,80.82,76.78,Apple Pay
3397,ORD_103397,1,232,CUST_0232,26,PROD_0026,Men's Jackets Pro-Series 2,Apparel & Fashion,20260531,2026-05-31,2026-05-31 12:00:00,1,North America,Standard,2,387.88,0.0,775.76,775.76,Apple Pay
3398,ORD_103398,1,400,CUST_0400,14,PROD_0014,Coffee Makers Pro-Series 2,Home & Kitchen,20250109,2025-01-09,2025-01-09 19:00:00,3,APAC,Premium,4,94.28,56.57,377.12,320.55,Apple Pay
3399,ORD_103399,1,36,CUST_0036,35,PROD_0035,Watches Pro-Series 2,Apparel & Fashion,20251101,2025-11-01,2025-11-01 20:00:00,2,EMEA,Standard,2,495.6,148.68,991.2,842.52,Credit Card
3400,ORD_103400,1,455,CUST_0455,16,PROD_0016,Air Fryers Pro-Series 1,Home & Kitchen,20250215,2025-02-15,2025-02-15 02:00:00,2,EMEA,Standard,4,403.75,80.75,1615.0,1534.25,Credit Card
3401,ORD_103401,1,52,CUST_0052,16,PROD_0016,Air Fryers Pro-Series 1,Home & Kitchen,20250219,2025-02-19,2025-02-19 10:00:00,2,EMEA,Standard,3,403.75,181.69,1211.25,1029.56,Credit Card
3402,ORD_103402,1,159,CUST_0159,11,PROD_0011,Smartwatches Pro-Series 2,Consumer Electronics,20250413,2025-04-13,2025-04-13 17:00:00,2,EMEA,Standard,1,627.26,0.0,627.26,627.26,PayPal
3403,ORD_103403,1,281,CUST_0281,11,PROD_0011,Smartwatches Pro-Series 2,Consumer Electronics,20260703,2026-07-03,2026-07-03 21:00:00,3,APAC,Standard,2,627.26,62.73,1254.52,1191.79,Credit Card
3404,ORD_103404,1,101,CUST_0101,44,PROD_0044,Audiobooks Pro-Series 2,Books & Media,20260718,2026-07-18,2026-07-18 23:00:00,1,North America,Standard,4,86.85,0.0,347.4,347.4,Debit Card
3405,ORD_103405,1,431,CUST_0431,1,PROD_0001,Smartphones Pro-Series 1,Consumer Electronics,20250816,2025-08-16,2025-08-16 13:00:00,2,EMEA,Standard,5,247.49,0.0,1237.45,1237.45,Debit Card
3406,ORD_103406,1,195,CUST_0195,39,PROD_0039,Hardcover Novels Pro-Series 3,Books & Media,20250909,2025-09-09,2025-09-09 23:00:00,1,North America,Premium,4,217.64,87.06,870.56,783.5,Debit Card
3407,ORD_103407,1,95,CUST_0095,3,PROD_0003,Smartphones Pro-Series 3,Consumer Electronics,20260315,2026-03-15,2026-03-15 15:00:00,1,North America,Premium,1,194.64,19.46,194.64,175.18,PayPal
3408,ORD_103408,1,358,CUST_0358,7,PROD_0007,Audio Headphones Pro-Series 1,Consumer Electronics,20250324,2025-03-24,2025-03-24 08:00:00,1,North America,Standard,4,136.35,0.0,545.4,545.4,Debit Card
3409,ORD_103409,1,124,CUST_0124,18,PROD_0018,Air Fryers Pro-Series 3,Home & Kitchen,20250427,2025-04-27,2025-04-27 13:00:00,3,APAC,VIP,1,497.95,49.8,497.95,448.15,Credit Card
3410,ORD_103410,1,235,CUST_0235,1,PROD_0001,Smartphones Pro-Series 1,Consumer Electronics,20250704,2025-07-04,2025-07-04 06:00:00,3,APAC,Premium,1,247.49,0.0,247.49,247.49,Credit Card
3411,ORD_103411,1,156,CUST_0156,24,PROD_0024,Robotic Vacuums Pro-Series 3,Home & Kitchen,20250929,2025-09-29,2025-09-29 20:00:00,3,APAC,Standard,3,106.82,48.07,320.46,272.39,Debit Card
3412,ORD_103412,1,203,CUST_0203,23,PROD_0023,Robotic Vacuums Pro-Series 2,Home & Kitchen,20250526,2025-05-26,2025-05-26 19:00:00,3,APAC,Standard,4,80.72,0.0,322.88,322.88,PayPal
3413,ORD_103413,1,256,CUST_0256,6,PROD_0006,Laptops Pro-Series 3,Consumer Electronics,20260410,2026-04-10,2026-04-10 13:00:00,2,EMEA,Premium,4,304.52,182.71,1218.08,1035.37,Credit Card
3414,ORD_103414,1,213,CUST_0213,10,PROD_0010,Smartwatches Pro-Series 1,Consumer Electronics,20260529,2026-05-29,2026-05-29 16:00:00,4,LATAM,VIP,2,238.77,47.75,477.54,429.79,Debit Card
3415,ORD_103415,1,380,CUST_0380,26,PROD_0026,Men's Jackets Pro-Series 2,Apparel & Fashion,20250420,2025-04-20,2025-04-20 04:00:00,4,LATAM,Premium,4,387.88,77.58,1551.52,1473.94,Credit Card
3416,ORD_103416,1,254,CUST_0254,14,PROD_0014,Coffee Makers Pro-Series 2,Home & Kitchen,20260117,2026-01-17,2026-01-17 11:00:00,4,LATAM,Premium,1,94.28,4.71,94.28,89.57,Debit Card
3417,ORD_103417,1,85,CUST_0085,9,PROD_0009,Audio Headphones Pro-Series 3,Consumer Electronics,20251021,2025-10-21,2025-10-21 01:00:00,2,EMEA,Standard,3,512.06,230.43,1536.18,1305.75,Credit Card
3418,ORD_103418,1,404,CUST_0404,26,PROD_0026,Men's Jackets Pro-Series 2,Apparel & Fashion,20251106,2025-11-06,2025-11-06 09:00:00,4,LATAM,Premium,2,387.88,116.36,775.76,659.4,Debit Card
3419,ORD_103419,1,112,CUST_0112,1,PROD_0001,Smartphones Pro-Series 1,Consumer Electronics,20250729,2025-07-29,2025-07-29 23:00:00,3,APAC,Standard,1,247.49,0.0,247.49,247.49,Debit Card
3420,ORD_103420,1,351,CUST_0351,20,PROD_0020,Blenders Pro-Series 2,Home & Kitchen,20260303,2026-03-03,2026-03-03 03:00:00,2,EMEA,Standard,1,80.82,8.08,80.82,72.74,PayPal
3421,ORD_103421,1,117,CUST_0117,8,PROD_0008,Audio Headphones Pro-Series 2,Consumer Electronics,20251030,2025-10-30,2025-10-30 16:00:00,4,LATAM,Standard,5,596.84,447.63,2984.2,2536.57,PayPal
3422,ORD_103422,1,246,CUST_0246,2,PROD_0002,Smartphones Pro-Series 2,Consumer Electronics,20260302,2026-03-02,2026-03-02 08:00:00,3,APAC,Premium,4,484.7,193.88,1938.8,1744.92,Debit Card
3423,ORD_103423,1,199,CUST_0199,38,PROD_0038,Hardcover Novels Pro-Series 2,Books & Media,20260706,2026-07-06,2026-07-06 18:00:00,4,LATAM,Premium,1,157.75,7.89,157.75,149.86,Debit Card
3424,ORD_103424,1,400,CUST_0400,15,PROD_0015,Coffee Makers Pro-Series 3,Home & Kitchen,20260719,2026-07-19,2026-07-19 17:00:00,1,North America,Premium,1,397.04,39.7,397.04,357.34,PayPal
3425,ORD_103425,1,309,CUST_0309,42,PROD_0042,Tech Guides Pro-Series 3,Books & Media,20260514,2026-05-14,2026-05-14 21:00:00,2,EMEA,Standard,4,201.79,40.36,807.16,766.8,Credit Card
3426,ORD_103426,1,500,CUST_0500,12,PROD_0012,Smartwatches Pro-Series 3,Consumer Electronics,20251219,2025-12-19,2025-12-19 18:00:00,2,EMEA,Standard,5,414.15,0.0,2070.75,2070.75,PayPal
3427,ORD_103427,1,197,CUST_0197,22,PROD_0022,Robotic Vacuums Pro-Series 1,Home & Kitchen,20260510,2026-05-10,2026-05-10 01:00:00,2,EMEA,Standard,3,573.0,0.0,1719.0,1719.0,Credit Card
3428,ORD_103428,1,194,CUST_0194,44,PROD_0044,Audiobooks Pro-Series 2,Books & Media,20250928,2025-09-28,2025-09-28 01:00:00,2,EMEA,Premium,5,86.85,0.0,434.25,434.25,Credit Card
3429,ORD_103429,1,88,CUST_0088,9,PROD_0009,Audio Headphones Pro-Series 3,Consumer Electronics,20260711,2026-07-11,2026-07-11 14:00:00,2,EMEA,VIP,3,512.06,230.43,1536.18,1305.75,Credit Card
3430,ORD_103430,1,11,CUST_0011,6,PROD_0006,Laptops Pro-Series 3,Consumer Electronics,20260616,2026-06-16,2026-06-16 06:00:00,1,North America,Standard,4,304.52,182.71,1218.08,1035.37,Credit Card
3431,ORD_103431,1,347,CUST_0347,29,PROD_0029,Women's Sneakers Pro-Series 2,Apparel & Fashion,20260507,2026-05-07,2026-05-07 10:00:00,3,APAC,Standard,5,420.39,315.29,2101.95,1786.66,Apple Pay
3432,ORD_103432,1,230,CUST_0230,40,PROD_0040,Tech Guides Pro-Series 1,Books & Media,20260819,2026-08-19,2026-08-19 19:00:00,1,North America,Premium,3,507.6,76.14,1522.8,1446.66,PayPal
3433,ORD_103433,1,64,CUST_0064,8,PROD_0008,Audio Headphones Pro-Series 2,Consumer Electronics,20250420,2025-04-20,2025-04-20 15:00:00,3,APAC,VIP,5,596.84,447.63,2984.2,2536.57,Apple Pay
3434,ORD_103434,1,265,CUST_0265,7,PROD_0007,Audio Headphones Pro-Series 1,Consumer Electronics,20260304,2026-03-04,2026-03-04 11:00:00,1,North America,Standard,1,136.35,20.45,136.35,115.9,Credit Card
3435,ORD_103435,1,324,CUST_0324,44,PROD_0044,Audiobooks Pro-Series 2,Books & Media,20260520,2026-05-20,2026-05-20 06:00:00,3,APAC,VIP,4,86.85,17.37,347.4,330.03,Credit Card
3436,ORD_103436,1,425,CUST_0425,7,PROD_0007,Audio Headphones Pro-Series 1,Consumer Electronics,20260222,2026-02-22,2026-02-22 06:00:00,2,EMEA,Standard,5,136.35,102.26,681.75,579.49,Apple Pay
3437,ORD_103437,1,419,CUST_0419,12,PROD_0012,Smartwatches Pro-Series 3,Consumer Electronics,20251227,2025-12-27,2025-12-27 14:00:00,4,LATAM,VIP,1,414.15,62.12,414.15,352.03,Apple Pay
3438,ORD_103438,1,250,CUST_0250,36,PROD_0036,Watches Pro-Series 3,Apparel & Fashion,20260225,2026-02-25,2026-02-25 06:00:00,1,North America,Standard,1,387.69,19.38,387.69,368.31,Credit Card
3439,ORD_103439,1,486,CUST_0486,11,PROD_0011,Smartwatches Pro-Series 2,Consumer Electronics,20260206,2026-02-06,2026-02-06 16:00:00,1,North America,Premium,1,627.26,31.36,627.26,595.9,Credit Card
3440,ORD_103440,1,219,CUST_0219,32,PROD_0032,Sportswear Pro-Series 2,Apparel & Fashion,20260527,2026-05-27,2026-05-27 02:00:00,3,APAC,Standard,2,106.55,10.66,213.1,202.44,Credit Card
3441,ORD_103441,1,411,CUST_0411,45,PROD_0045,Audiobooks Pro-Series 3,Books & Media,20260203,2026-02-03,2026-02-03 07:00:00,2,EMEA,Standard,4,512.51,0.0,2050.04,2050.04,PayPal
3442,ORD_103442,1,315,CUST_0315,34,PROD_0034,Watches Pro-Series 1,Apparel & Fashion,20250320,2025-03-20,2025-03-20 15:00:00,3,APAC,Premium,3,277.89,0.0,833.67,833.67,Credit Card
3443,ORD_103443,1,309,CUST_0309,4,PROD_0004,Laptops Pro-Series 1,Consumer Electronics,20251114,2025-11-14,2025-11-14 22:00:00,2,EMEA,Standard,4,328.32,65.66,1313.28,1247.62,Apple Pay
3444,ORD_103444,1,265,CUST_0265,22,PROD_0022,Robotic Vacuums Pro-Series 1,Home & Kitchen,20251030,2025-10-30,2025-10-30 11:00:00,2,EMEA,Standard,3,573.0,257.85,1719.0,1461.15,PayPal
3445,ORD_103445,1,389,CUST_0389,8,PROD_0008,Audio Headphones Pro-Series 2,Consumer Electronics,20260824,2026-08-24,2026-08-24 17:00:00,2,EMEA,Premium,4,596.84,238.74,2387.36,2148.62,PayPal
3446,ORD_103446,1,467,CUST_0467,21,PROD_0021,Blenders Pro-Series 3,Home & Kitchen,20250607,2025-06-07,2025-06-07 04:00:00,3,APAC,Premium,1,137.29,20.59,137.29,116.7,Apple Pay
3447,ORD_103447,1,359,CUST_0359,12,PROD_0012,Smartwatches Pro-Series 3,Consumer Electronics,20250313,2025-03-13,2025-03-13 19:00:00,3,APAC,Standard,5,414.15,0.0,2070.75,2070.75,Apple Pay
3448,ORD_103448,1,460,CUST_0460,12,PROD_0012,Smartwatches Pro-Series 3,Consumer Electronics,20260521,2026-05-21,2026-05-21 13:00:00,1,North America,Standard,2,414.15,41.41,828.3,786.89,Debit Card
3449,ORD_103449,1,357,CUST_0357,35,PROD_0035,Watches Pro-Series 2,Apparel & Fashion,20250208,2025-02-08,2025-02-08 03:00:00,4,LATAM,Premium,2,495.6,99.12,991.2,892.08,Apple Pay
3450,ORD_103450,1,423,CUST_0423,14,PROD_0014,Coffee Makers Pro-Series 2,Home & Kitchen,20250922,2025-09-22,2025-09-22 03:00:00,3,APAC,Standard,3,94.28,14.14,282.84,268.7,Credit Card
3451,ORD_103451,1,112,CUST_0112,4,PROD_0004,Laptops Pro-Series 1,Consumer Electronics,20251118,2025-11-18,2025-11-18 12:00:00,2,EMEA,Standard,1,328.32,49.25,328.32,279.07,Debit Card
3452,ORD_103452,1,378,CUST_0378,22,PROD_0022,Robotic Vacuums Pro-Series 1,Home & Kitchen,20260618,2026-06-18,2026-06-18 21:00:00,1,North America,Standard,5,573.0,429.75,2865.0,2435.25,Apple Pay
3453,ORD_103453,1,276,CUST_0276,30,PROD_0030,Women's Sneakers Pro-Series 3,Apparel & Fashion,20260107,2026-01-07,2026-01-07 18:00:00,2,EMEA,Premium,3,378.05,0.0,1134.15,1134.15,PayPal
3454,ORD_103454,1,248,CUST_0248,41,PROD_0041,Tech Guides Pro-Series 2,Books & Media,20250421,2025-04-21,2025-04-21 14:00:00,2,EMEA,Standard,3,539.9,0.0,1619.7,1619.7,Debit Card
3455,ORD_103455,1,33,CUST_0033,5,PROD_0005,Laptops Pro-Series 2,Consumer Electronics,20260215,2026-02-15,2026-02-15 16:00:00,2,EMEA,Premium,2,144.32,43.3,288.64,245.34,PayPal
3456,ORD_103456,1,15,CUST_0015,31,PROD_0031,Sportswear Pro-Series 1,Apparel & Fashion,20260316,2026-03-16,2026-03-16 14:00:00,2,EMEA,Premium,1,610.97,91.65,610.97,519.32,PayPal
3457,ORD_103457,1,362,CUST_0362,12,PROD_0012,Smartwatches Pro-Series 3,Consumer Electronics,20251028,2025-10-28,2025-10-28 00:00:00,3,APAC,Premium,2,414.15,41.41,828.3,786.89,PayPal
3458,ORD_103458,1,353,CUST_0353,40,PROD_0040,Tech Guides Pro-Series 1,Books & Media,20251004,2025-10-04,2025-10-04 03:00:00,2,EMEA,Standard,1,507.6,76.14,507.6,431.46,PayPal
3459,ORD_103459,1,121,CUST_0121,28,PROD_0028,Women's Sneakers Pro-Series 1,Apparel & Fashion,20250709,2025-07-09,2025-07-09 23:00:00,3,APAC,Premium,3,301.74,0.0,905.22,905.22,Credit Card
3460,ORD_103460,1,333,CUST_0333,20,PROD_0020,Blenders Pro-Series 2,Home & Kitchen,20260712,2026-07-12,2026-07-12 03:00:00,3,APAC,Premium,3,80.82,12.12,242.46,230.34,Apple Pay
3461,ORD_103461,1,80,CUST_0080,43,PROD_0043,Audiobooks Pro-Series 1,Books & Media,20260721,2026-07-21,2026-07-21 08:00:00,1,North America,Premium,2,262.83,52.57,525.66,473.09,PayPal
3462,ORD_103462,1,358,CUST_0358,39,PROD_0039,Hardcover Novels Pro-Series 3,Books & Media,20260112,2026-01-12,2026-01-12 00:00:00,3,APAC,Standard,4,217.64,130.58,870.56,739.98,Apple Pay
3463,ORD_103463,1,343,CUST_0343,33,PROD_0033,Sportswear Pro-Series 3,Apparel & Fashion,20250404,2025-04-04,2025-04-04 03:00:00,4,LATAM,Standard,1,230.01,23.0,230.01,207.01,Debit Card
3464,ORD_103464,1,314,CUST_0314,37,PROD_0037,Hardcover Novels Pro-Series 1,Books & Media,20251008,2025-10-08,2025-10-08 00:00:00,3,APAC,VIP,1,271.24,27.12,271.24,244.12,Debit Card
3465,ORD_103465,1,318,CUST_0318,35,PROD_0035,Watches Pro-Series 2,Apparel & Fashion,20251226,2025-12-26,2025-12-26 06:00:00,1,North America,Standard,2,495.6,148.68,991.2,842.52,Credit Card
3466,ORD_103466,1,426,CUST_0426,41,PROD_0041,Tech Guides Pro-Series 2,Books & Media,20251124,2025-11-24,2025-11-24 09:00:00,2,EMEA,Standard,3,539.9,161.97,1619.7,1457.73,Credit Card
3467,ORD_103467,1,466,CUST_0466,12,PROD_0012,Smartwatches Pro-Series 3,Consumer Electronics,20250227,2025-02-27,2025-02-27 16:00:00,4,LATAM,Premium,1,414.15,0.0,414.15,414.15,Credit Card
3468,ORD_103468,1,197,CUST_0197,21,PROD_0021,Blenders Pro-Series 3,Home & Kitchen,20250724,2025-07-24,2025-07-24 10:00:00,3,APAC,Standard,2,137.29,13.73,274.58,260.85,Credit Card
3469,ORD_103469,1,246,CUST_0246,25,PROD_0025,Men's Jackets Pro-Series 1,Apparel & Fashion,20250628,2025-06-28,2025-06-28 07:00:00,4,LATAM,Premium,4,381.42,228.85,1525.68,1296.83,PayPal
3470,ORD_103470,1,178,CUST_0178,15,PROD_0015,Coffee Makers Pro-Series 3,Home & Kitchen,20250621,2025-06-21,2025-06-21 18:00:00,2,EMEA,Standard,5,397.04,297.78,1985.2,1687.42,Credit Card
3471,ORD_103471,1,48,CUST_0048,5,PROD_0005,Laptops Pro-Series 2,Consumer Electronics,20260806,2026-08-06,2026-08-06 08:00:00,2,EMEA,Standard,5,144.32,0.0,721.6,721.6,PayPal
3472,ORD_103472,1,144,CUST_0144,42,PROD_0042,Tech Guides Pro-Series 3,Books & Media,20251109,2025-11-09,2025-11-09 04:00:00,2,EMEA,Premium,3,201.79,0.0,605.37,605.37,Debit Card
3473,ORD_103473,1,91,CUST_0091,33,PROD_0033,Sportswear Pro-Series 3,Apparel & Fashion,20260311,2026-03-11,2026-03-11 21:00:00,2,EMEA,Standard,3,230.01,103.5,690.03,586.53,PayPal
3474,ORD_103474,1,346,CUST_0346,34,PROD_0034,Watches Pro-Series 1,Apparel & Fashion,20250726,2025-07-26,2025-07-26 09:00:00,2,EMEA,Standard,2,277.89,55.58,555.78,500.2,PayPal
3475,ORD_103475,1,53,CUST_0053,34,PROD_0034,Watches Pro-Series 1,Apparel & Fashion,20260429,2026-04-29,2026-04-29 11:00:00,4,LATAM,Standard,4,277.89,111.16,1111.56,1000.4,Credit Card
3476,ORD_103476,1,398,CUST_0398,24,PROD_0024,Robotic Vacuums Pro-Series 3,Home & Kitchen,20260604,2026-06-04,2026-06-04 13:00:00,3,APAC,Premium,2,106.82,21.36,213.64,192.28,PayPal
3477,ORD_103477,1,197,CUST_0197,40,PROD_0040,Tech Guides Pro-Series 1,Books & Media,20260730,2026-07-30,2026-07-30 05:00:00,2,EMEA,Standard,5,507.6,253.8,2538.0,2284.2,Apple Pay
3478,ORD_103478,1,138,CUST_0138,14,PROD_0014,Coffee Makers Pro-Series 2,Home & Kitchen,20250122,2025-01-22,2025-01-22 14:00:00,3,APAC,Premium,1,94.28,9.43,94.28,84.85,PayPal
3479,ORD_103479,1,463,CUST_0463,34,PROD_0034,Watches Pro-Series 1,Apparel & Fashion,20260727,2026-07-27,2026-07-27 20:00:00,3,APAC,Premium,5,277.89,138.94,1389.45,1250.51,Debit Card
3480,ORD_103480,1,292,CUST_0292,28,PROD_0028,Women's Sneakers Pro-Series 1,Apparel & Fashion,20250109,2025-01-09,2025-01-09 07:00:00,4,LATAM,Standard,3,301.74,90.52,905.22,814.7,PayPal
3481,ORD_103481,1,50,CUST_0050,31,PROD_0031,Sportswear Pro-Series 1,Apparel & Fashion,20251127,2025-11-27,2025-11-27 19:00:00,4,LATAM,VIP,3,610.97,0.0,1832.91,1832.91,Apple Pay
3482,ORD_103482,1,411,CUST_0411,36,PROD_0036,Watches Pro-Series 3,Apparel & Fashion,20260414,2026-04-14,2026-04-14 03:00:00,2,EMEA,Standard,1,387.69,0.0,387.69,387.69,Apple Pay
3483,ORD_103483,1,282,CUST_0282,33,PROD_0033,Sportswear Pro-Series 3,Apparel & Fashion,20251008,2025-10-08,2025-10-08 04:00:00,4,LATAM,Standard,2,230.01,46.0,460.02,414.02,Apple Pay
3484,ORD_103484,1,194,CUST_0194,34,PROD_0034,Watches Pro-Series 1,Apparel & Fashion,20260216,2026-02-16,2026-02-16 21:00:00,4,LATAM,Premium,4,277.89,166.73,1111.56,944.83,Apple Pay
3485,ORD_103485,1,210,CUST_0210,45,PROD_0045,Audiobooks Pro-Series 3,Books & Media,20260413,2026-04-13,2026-04-13 00:00:00,1,North America,Standard,4,512.51,0.0,2050.04,2050.04,Debit Card
3486,ORD_103486,1,44,CUST_0044,17,PROD_0017,Air Fryers Pro-Series 2,Home & Kitchen,20260822,2026-08-22,2026-08-22 01:00:00,4,LATAM,Premium,1,438.78,0.0,438.78,438.78,Credit Card
3487,ORD_103487,1,134,CUST_0134,29,PROD_0029,Women's Sneakers Pro-Series 2,Apparel & Fashion,20250809,2025-08-09,2025-08-09 16:00:00,1,North America,Premium,3,420.39,189.18,1261.17,1071.99,Debit Card
3488,ORD_103488,1,222,CUST_0222,21,PROD_0021,Blenders Pro-Series 3,Home & Kitchen,20260103,2026-01-03,2026-01-03 13:00:00,1,North America,Premium,3,137.29,0.0,411.87,411.87,Debit Card
3489,ORD_103489,1,50,CUST_0050,25,PROD_0025,Men's Jackets Pro-Series 1,Apparel & Fashion,20250121,2025-01-21,2025-01-21 21:00:00,4,LATAM,VIP,3,381.42,114.43,1144.26,1029.83,PayPal
3490,ORD_103490,1,356,CUST_0356,14,PROD_0014,Coffee Makers Pro-Series 2,Home & Kitchen,20250729,2025-07-29,2025-07-29 09:00:00,3,APAC,Premium,5,94.28,70.71,471.4,400.69,Apple Pay
3491,ORD_103491,1,166,CUST_0166,2,PROD_0002,Smartphones Pro-Series 2,Consumer Electronics,20250120,2025-01-20,2025-01-20 08:00:00,3,APAC,Standard,4,484.7,290.82,1938.8,1647.98,PayPal
3492,ORD_103492,1,160,CUST_0160,3,PROD_0003,Smartphones Pro-Series 3,Consumer Electronics,20260512,2026-05-12,2026-05-12 10:00:00,2,EMEA,Standard,3,194.64,29.2,583.92,554.72,Debit Card
3493,ORD_103493,1,426,CUST_0426,45,PROD_0045,Audiobooks Pro-Series 3,Books & Media,20250315,2025-03-15,2025-03-15 15:00:00,2,EMEA,Standard,3,512.51,230.63,1537.53,1306.9,Credit Card
3494,ORD_103494,1,433,CUST_0433,9,PROD_0009,Audio Headphones Pro-Series 3,Consumer Electronics,20251104,2025-11-04,2025-11-04 01:00:00,3,APAC,Standard,1,512.06,25.6,512.06,486.46,Apple Pay
3495,ORD_103495,1,382,CUST_0382,12,PROD_0012,Smartwatches Pro-Series 3,Consumer Electronics,20260518,2026-05-18,2026-05-18 13:00:00,4,LATAM,Premium,3,414.15,0.0,1242.45,1242.45,Debit Card
3496,ORD_103496,1,332,CUST_0332,19,PROD_0019,Blenders Pro-Series 1,Home & Kitchen,20250913,2025-09-13,2025-09-13 16:00:00,2,EMEA,Standard,4,523.93,0.0,2095.72,2095.72,Debit Card
3497,ORD_103497,1,263,CUST_0263,23,PROD_0023,Robotic Vacuums Pro-Series 2,Home & Kitchen,20250720,2025-07-20,2025-07-20 10:00:00,2,EMEA,Standard,1,80.72,0.0,80.72,80.72,Credit Card
3498,ORD_103498,1,225,CUST_0225,36,PROD_0036,Watches Pro-Series 3,Apparel & Fashion,20250323,2025-03-23,2025-03-23 04:00:00,4,LATAM,Premium,5,387.69,193.85,1938.45,1744.6,Credit Card
3499,ORD_103499,1,389,CUST_0389,19,PROD_0019,Blenders Pro-Series 1,Home & Kitchen,20250802,2025-08-02,2025-08-02 00:00:00,3,APAC,Premium,2,523.93,157.18,1047.86,890.68,Debit Card
3500,ORD_103500,1,193,CUST_0193,31,PROD_0031,Sportswear Pro-Series 1,Apparel & Fashion,20251225,2025-12-25,2025-12-25 16:00:00,1,North America,Standard,2,610.97,183.29,1221.94,1038.65,Apple Pay
3501,ORD_103501,1,27,CUST_0027,13,PROD_0013,Coffee Makers Pro-Series 1,Home & Kitchen,20260301,2026-03-01,2026-03-01 04:00:00,4,LATAM,Standard,2,177.25,35.45,354.5,319.05,Apple Pay
3502,ORD_103502,1,322,CUST_0322,39,PROD_0039,Hardcover Novels Pro-Series 3,Books & Media,20251016,2025-10-16,2025-10-16 06:00:00,3,APAC,Premium,4,217.64,130.58,870.56,739.98,PayPal
3503,ORD_103503,1,276,CUST_0276,5,PROD_0005,Laptops Pro-Series 2,Consumer Electronics,20250827,2025-08-27,2025-08-27 03:00:00,2,EMEA,Premium,2,144.32,14.43,288.64,274.21,Apple Pay
3504,ORD_103504,1,216,CUST_0216,6,PROD_0006,Laptops Pro-Series 3,Consumer Electronics,20260327,2026-03-27,2026-03-27 21:00:00,4,LATAM,Standard,1,304.52,45.68,304.52,258.84,PayPal
3505,ORD_103505,1,155,CUST_0155,18,PROD_0018,Air Fryers Pro-Series 3,Home & Kitchen,20250508,2025-05-08,2025-05-08 14:00:00,3,APAC,Standard,4,497.95,298.77,1991.8,1693.03,Debit Card
3506,ORD_103506,1,212,CUST_0212,9,PROD_0009,Audio Headphones Pro-Series 3,Consumer Electronics,20250627,2025-06-27,2025-06-27 21:00:00,4,LATAM,Premium,2,512.06,153.62,1024.12,870.5,Debit Card
3507,ORD_103507,1,357,CUST_0357,3,PROD_0003,Smartphones Pro-Series 3,Consumer Electronics,20260706,2026-07-06,2026-07-06 10:00:00,4,LATAM,Premium,4,194.64,77.86,778.56,700.7,Debit Card
3508,ORD_103508,1,140,CUST_0140,44,PROD_0044,Audiobooks Pro-Series 2,Books & Media,20260119,2026-01-19,2026-01-19 19:00:00,3,APAC,Standard,2,86.85,17.37,173.7,156.33,Apple Pay
3509,ORD_103509,1,182,CUST_0182,13,PROD_0013,Coffee Makers Pro-Series 1,Home & Kitchen,20250522,2025-05-22,2025-05-22 18:00:00,4,LATAM,Standard,4,177.25,70.9,709.0,638.1,Credit Card
3510,ORD_103510,1,200,CUST_0200,30,PROD_0030,Women's Sneakers Pro-Series 3,Apparel & Fashion,20250903,2025-09-03,2025-09-03 15:00:00,4,LATAM,Standard,5,378.05,283.54,1890.25,1606.71,Apple Pay
3511,ORD_103511,1,447,CUST_0447,10,PROD_0010,Smartwatches Pro-Series 1,Consumer Electronics,20250126,2025-01-26,2025-01-26 08:00:00,1,North America,Standard,4,238.77,143.26,955.08,811.82,Debit Card
3512,ORD_103512,1,158,CUST_0158,39,PROD_0039,Hardcover Novels Pro-Series 3,Books & Media,20251230,2025-12-30,2025-12-30 02:00:00,4,LATAM,Premium,3,217.64,32.65,652.92,620.27,Apple Pay
3513,ORD_103513,1,163,CUST_0163,31,PROD_0031,Sportswear Pro-Series 1,Apparel & Fashion,20250401,2025-04-01,2025-04-01 02:00:00,2,EMEA,Standard,2,610.97,0.0,1221.94,1221.94,Credit Card
3514,ORD_103514,1,368,CUST_0368,3,PROD_0003,Smartphones Pro-Series 3,Consumer Electronics,20250203,2025-02-03,2025-02-03 20:00:00,3,APAC,Premium,1,194.64,29.2,194.64,165.44,Apple Pay
3515,ORD_103515,1,372,CUST_0372,33,PROD_0033,Sportswear Pro-Series 3,Apparel & Fashion,20260212,2026-02-12,2026-02-12 11:00:00,2,EMEA,Premium,2,230.01,46.0,460.02,414.02,Apple Pay
3516,ORD_103516,1,269,CUST_0269,22,PROD_0022,Robotic Vacuums Pro-Series 1,Home & Kitchen,20251218,2025-12-18,2025-12-18 07:00:00,4,LATAM,Standard,3,573.0,85.95,1719.0,1633.05,Apple Pay
3517,ORD_103517,1,443,CUST_0443,44,PROD_0044,Audiobooks Pro-Series 2,Books & Media,20250704,2025-07-04,2025-07-04 06:00:00,2,EMEA,Standard,4,86.85,52.11,347.4,295.29,Credit Card
3518,ORD_103518,1,134,CUST_0134,30,PROD_0030,Women's Sneakers Pro-Series 3,Apparel & Fashion,20250114,2025-01-14,2025-01-14 01:00:00,1,North America,Premium,5,378.05,0.0,1890.25,1890.25,Credit Card
3519,ORD_103519,1,126,CUST_0126,20,PROD_0020,Blenders Pro-Series 2,Home & Kitchen,20250303,2025-03-03,2025-03-03 23:00:00,3,APAC,Standard,4,80.82,0.0,323.28,323.28,Credit Card
3520,ORD_103520,1,303,CUST_0303,26,PROD_0026,Men's Jackets Pro-Series 2,Apparel & Fashion,20260529,2026-05-29,2026-05-29 18:00:00,3,APAC,Standard,1,387.88,0.0,387.88,387.88,Credit Card
3521,ORD_103521,1,111,CUST_0111,29,PROD_0029,Women's Sneakers Pro-Series 2,Apparel & Fashion,20251122,2025-11-22,2025-11-22 16:00:00,3,APAC,Premium,4,420.39,252.23,1681.56,1429.33,Credit Card
3522,ORD_103522,1,157,CUST_0157,31,PROD_0031,Sportswear Pro-Series 1,Apparel & Fashion,20251116,2025-11-16,2025-11-16 23:00:00,4,LATAM,Premium,4,610.97,0.0,2443.88,2443.88,Debit Card
3523,ORD_103523,1,343,CUST_0343,1,PROD_0001,Smartphones Pro-Series 1,Consumer Electronics,20260608,2026-06-08,2026-06-08 15:00:00,3,APAC,Standard,4,247.49,148.49,989.96,841.47,Debit Card
3524,ORD_103524,1,454,CUST_0454,10,PROD_0010,Smartwatches Pro-Series 1,Consumer Electronics,20260128,2026-01-28,2026-01-28 17:00:00,1,North America,Standard,3,238.77,35.82,716.31,680.49,Apple Pay
3525,ORD_103525,1,308,CUST_0308,38,PROD_0038,Hardcover Novels Pro-Series 2,Books & Media,20260218,2026-02-18,2026-02-18 10:00:00,3,APAC,Premium,1,157.75,0.0,157.75,157.75,Apple Pay
3526,ORD_103526,1,120,CUST_0120,45,PROD_0045,Audiobooks Pro-Series 3,Books & Media,20250618,2025-06-18,2025-06-18 22:00:00,2,EMEA,VIP,1,512.51,25.63,512.51,486.88,PayPal
3527,ORD_103527,1,466,CUST_0466,19,PROD_0019,Blenders Pro-Series 1,Home & Kitchen,20260524,2026-05-24,2026-05-24 13:00:00,1,North America,Premium,3,523.93,157.18,1571.79,1414.61,Debit Card
3528,ORD_103528,1,274,CUST_0274,28,PROD_0028,Women's Sneakers Pro-Series 1,Apparel & Fashion,20250905,2025-09-05,2025-09-05 19:00:00,2,EMEA,Standard,2,301.74,0.0,603.48,603.48,Apple Pay
3529,ORD_103529,1,35,CUST_0035,14,PROD_0014,Coffee Makers Pro-Series 2,Home & Kitchen,20250226,2025-02-26,2025-02-26 11:00:00,1,North America,Standard,5,94.28,70.71,471.4,400.69,Debit Card
3530,ORD_103530,1,249,CUST_0249,20,PROD_0020,Blenders Pro-Series 2,Home & Kitchen,20250203,2025-02-03,2025-02-03 09:00:00,4,LATAM,Standard,2,80.82,8.08,161.64,153.56,Credit Card
3531,ORD_103531,1,376,CUST_0376,33,PROD_0033,Sportswear Pro-Series 3,Apparel & Fashion,20250917,2025-09-17,2025-09-17 14:00:00,3,APAC,Standard,2,230.01,46.0,460.02,414.02,Debit Card
3532,ORD_103532,1,424,CUST_0424,9,PROD_0009,Audio Headphones Pro-Series 3,Consumer Electronics,20251103,2025-11-03,2025-11-03 09:00:00,1,North America,Standard,2,512.06,102.41,1024.12,921.71,Apple Pay
3533,ORD_103533,1,9,CUST_0009,44,PROD_0044,Audiobooks Pro-Series 2,Books & Media,20251016,2025-10-16,2025-10-16 03:00:00,2,EMEA,Premium,2,86.85,26.05,173.7,147.65,PayPal
3534,ORD_103534,1,276,CUST_0276,44,PROD_0044,Audiobooks Pro-Series 2,Books & Media,20260101,2026-01-01,2026-01-01 02:00:00,4,LATAM,Premium,4,86.85,34.74,347.4,312.66,Debit Card
3535,ORD_103535,1,49,CUST_0049,14,PROD_0014,Coffee Makers Pro-Series 2,Home & Kitchen,20260506,2026-05-06,2026-05-06 09:00:00,1,North America,Standard,2,94.28,18.86,188.56,169.7,Credit Card
3536,ORD_103536,1,97,CUST_0097,1,PROD_0001,Smartphones Pro-Series 1,Consumer Electronics,20260602,2026-06-02,2026-06-02 21:00:00,2,EMEA,Premium,3,247.49,74.25,742.47,668.22,PayPal
3537,ORD_103537,1,396,CUST_0396,21,PROD_0021,Blenders Pro-Series 3,Home & Kitchen,20251001,2025-10-01,2025-10-01 13:00:00,1,North America,Standard,3,137.29,20.59,411.87,391.28,Apple Pay
3538,ORD_103538,1,61,CUST_0061,32,PROD_0032,Sportswear Pro-Series 2,Apparel & Fashion,20250621,2025-06-21,2025-06-21 22:00:00,3,APAC,VIP,3,106.55,0.0,319.65,319.65,Apple Pay
3539,ORD_103539,1,498,CUST_0498,36,PROD_0036,Watches Pro-Series 3,Apparel & Fashion,20250319,2025-03-19,2025-03-19 05:00:00,4,LATAM,Standard,3,387.69,116.31,1163.07,1046.76,Credit Card
3540,ORD_103540,1,177,CUST_0177,40,PROD_0040,Tech Guides Pro-Series 1,Books & Media,20260121,2026-01-21,2026-01-21 14:00:00,2,EMEA,Premium,2,507.6,50.76,1015.2,964.44,Credit Card
3541,ORD_103541,1,273,CUST_0273,37,PROD_0037,Hardcover Novels Pro-Series 1,Books & Media,20250814,2025-08-14,2025-08-14 09:00:00,1,North America,Premium,5,271.24,0.0,1356.2,1356.2,Credit Card
3542,ORD_103542,1,34,CUST_0034,17,PROD_0017,Air Fryers Pro-Series 2,Home & Kitchen,20250720,2025-07-20,2025-07-20 17:00:00,4,LATAM,VIP,2,438.78,87.76,877.56,789.8,PayPal
3543,ORD_103543,1,469,CUST_0469,11,PROD_0011,Smartwatches Pro-Series 2,Consumer Electronics,20250627,2025-06-27,2025-06-27 09:00:00,1,North America,VIP,5,627.26,313.63,3136.3,2822.67,Debit Card
3544,ORD_103544,1,431,CUST_0431,38,PROD_0038,Hardcover Novels Pro-Series 2,Books & Media,20250905,2025-09-05,2025-09-05 01:00:00,1,North America,Standard,2,157.75,0.0,315.5,315.5,Apple Pay
3545,ORD_103545,1,464,CUST_0464,13,PROD_0013,Coffee Makers Pro-Series 1,Home & Kitchen,20250608,2025-06-08,2025-06-08 15:00:00,3,APAC,Standard,1,177.25,0.0,177.25,177.25,Apple Pay
3546,ORD_103546,1,101,CUST_0101,16,PROD_0016,Air Fryers Pro-Series 1,Home & Kitchen,20260216,2026-02-16,2026-02-16 02:00:00,1,North America,Standard,3,403.75,121.12,1211.25,1090.13,Apple Pay
3547,ORD_103547,1,488,CUST_0488,5,PROD_0005,Laptops Pro-Series 2,Consumer Electronics,20250720,2025-07-20,2025-07-20 01:00:00,3,APAC,VIP,2,144.32,0.0,288.64,288.64,PayPal
3548,ORD_103548,1,152,CUST_0152,1,PROD_0001,Smartphones Pro-Series 1,Consumer Electronics,20250302,2025-03-02,2025-03-02 09:00:00,4,LATAM,Premium,4,247.49,0.0,989.96,989.96,Credit Card
3549,ORD_103549,1,455,CUST_0455,27,PROD_0027,Men's Jackets Pro-Series 3,Apparel & Fashion,20250218,2025-02-18,2025-02-18 19:00:00,3,APAC,Standard,5,452.99,226.5,2264.95,2038.45,Apple Pay
3550,ORD_103550,1,209,CUST_0209,28,PROD_0028,Women's Sneakers Pro-Series 1,Apparel & Fashion,20251124,2025-11-24,2025-11-24 14:00:00,2,EMEA,Premium,3,301.74,90.52,905.22,814.7,Apple Pay
3551,ORD_103551,1,380,CUST_0380,12,PROD_0012,Smartwatches Pro-Series 3,Consumer Electronics,20250503,2025-05-03,2025-05-03 17:00:00,1,North America,Premium,2,414.15,124.24,828.3,704.06,Apple Pay
3552,ORD_103552,1,29,CUST_0029,27,PROD_0027,Men's Jackets Pro-Series 3,Apparel & Fashion,20251216,2025-12-16,2025-12-16 04:00:00,3,APAC,Premium,1,452.99,0.0,452.99,452.99,Credit Card
3553,ORD_103553,1,470,CUST_0470,45,PROD_0045,Audiobooks Pro-Series 3,Books & Media,20260306,2026-03-06,2026-03-06 03:00:00,4,LATAM,Standard,4,512.51,0.0,2050.04,2050.04,Credit Card
3554,ORD_103554,1,373,CUST_0373,34,PROD_0034,Watches Pro-Series 1,Apparel & Fashion,20250302,2025-03-02,2025-03-02 22:00:00,2,EMEA,Standard,2,277.89,55.58,555.78,500.2,PayPal
3555,ORD_103555,1,275,CUST_0275,10,PROD_0010,Smartwatches Pro-Series 1,Consumer Electronics,20250507,2025-05-07,2025-05-07 12:00:00,4,LATAM,Standard,5,238.77,59.69,1193.85,1134.16,PayPal
3556,ORD_103556,1,416,CUST_0416,32,PROD_0032,Sportswear Pro-Series 2,Apparel & Fashion,20250327,2025-03-27,2025-03-27 20:00:00,3,APAC,VIP,4,106.55,21.31,426.2,404.89,Debit Card
3557,ORD_103557,1,489,CUST_0489,10,PROD_0010,Smartwatches Pro-Series 1,Consumer Electronics,20260806,2026-08-06,2026-08-06 12:00:00,1,North America,Standard,5,238.77,59.69,1193.85,1134.16,Apple Pay
3558,ORD_103558,1,410,CUST_0410,6,PROD_0006,Laptops Pro-Series 3,Consumer Electronics,20260524,2026-05-24,2026-05-24 18:00:00,1,North America,Standard,1,304.52,30.45,304.52,274.07,PayPal
3559,ORD_103559,1,410,CUST_0410,41,PROD_0041,Tech Guides Pro-Series 2,Books & Media,20250523,2025-05-23,2025-05-23 21:00:00,3,APAC,Standard,4,539.9,107.98,2159.6,2051.62,PayPal
3560,ORD_103560,1,234,CUST_0234,4,PROD_0004,Laptops Pro-Series 1,Consumer Electronics,20260719,2026-07-19,2026-07-19 20:00:00,2,EMEA,VIP,2,328.32,32.83,656.64,623.81,Credit Card
3561,ORD_103561,1,339,CUST_0339,30,PROD_0030,Women's Sneakers Pro-Series 3,Apparel & Fashion,20250217,2025-02-17,2025-02-17 20:00:00,3,APAC,Premium,5,378.05,189.03,1890.25,1701.22,Debit Card
3562,ORD_103562,1,413,CUST_0413,13,PROD_0013,Coffee Makers Pro-Series 1,Home & Kitchen,20250512,2025-05-12,2025-05-12 08:00:00,4,LATAM,Standard,1,177.25,8.86,177.25,168.39,Apple Pay
3563,ORD_103563,1,172,CUST_0172,12,PROD_0012,Smartwatches Pro-Series 3,Consumer Electronics,20250401,2025-04-01,2025-04-01 09:00:00,1,North America,Standard,3,414.15,0.0,1242.45,1242.45,PayPal
3564,ORD_103564,1,9,CUST_0009,25,PROD_0025,Men's Jackets Pro-Series 1,Apparel & Fashion,20260613,2026-06-13,2026-06-13 12:00:00,1,North America,Premium,3,381.42,0.0,1144.26,1144.26,PayPal
3565,ORD_103565,1,7,CUST_0007,27,PROD_0027,Men's Jackets Pro-Series 3,Apparel & Fashion,20250706,2025-07-06,2025-07-06 08:00:00,3,APAC,VIP,3,452.99,203.85,1358.97,1155.12,Apple Pay
3566,ORD_103566,1,355,CUST_0355,39,PROD_0039,Hardcover Novels Pro-Series 3,Books & Media,20260407,2026-04-07,2026-04-07 12:00:00,3,APAC,VIP,1,217.64,0.0,217.64,217.64,Apple Pay
3567,ORD_103567,1,258,CUST_0258,38,PROD_0038,Hardcover Novels Pro-Series 2,Books & Media,20250327,2025-03-27,2025-03-27 20:00:00,3,APAC,Standard,4,157.75,94.65,631.0,536.35,Apple Pay
3568,ORD_103568,1,49,CUST_0049,25,PROD_0025,Men's Jackets Pro-Series 1,Apparel & Fashion,20250729,2025-07-29,2025-07-29 01:00:00,3,APAC,Standard,3,381.42,171.64,1144.26,972.62,PayPal
3569,ORD_103569,1,287,CUST_0287,32,PROD_0032,Sportswear Pro-Series 2,Apparel & Fashion,20250814,2025-08-14,2025-08-14 16:00:00,4,LATAM,Standard,4,106.55,42.62,426.2,383.58,Debit Card
3570,ORD_103570,1,106,CUST_0106,25,PROD_0025,Men's Jackets Pro-Series 1,Apparel & Fashion,20250901,2025-09-01,2025-09-01 02:00:00,1,North America,Standard,4,381.42,76.28,1525.68,1449.4,PayPal
3571,ORD_103571,1,51,CUST_0051,13,PROD_0013,Coffee Makers Pro-Series 1,Home & Kitchen,20250124,2025-01-24,2025-01-24 02:00:00,4,LATAM,Standard,1,177.25,17.73,177.25,159.52,Debit Card
3572,ORD_103572,1,386,CUST_0386,29,PROD_0029,Women's Sneakers Pro-Series 2,Apparel & Fashion,20251011,2025-10-11,2025-10-11 21:00:00,1,North America,Premium,5,420.39,0.0,2101.95,2101.95,PayPal
3573,ORD_103573,1,107,CUST_0107,22,PROD_0022,Robotic Vacuums Pro-Series 1,Home & Kitchen,20260606,2026-06-06,2026-06-06 00:00:00,1,North America,Premium,3,573.0,171.9,1719.0,1547.1,PayPal
3574,ORD_103574,1,487,CUST_0487,37,PROD_0037,Hardcover Novels Pro-Series 1,Books & Media,20260728,2026-07-28,2026-07-28 05:00:00,3,APAC,Standard,3,271.24,0.0,813.72,813.72,Credit Card
3575,ORD_103575,1,415,CUST_0415,37,PROD_0037,Hardcover Novels Pro-Series 1,Books & Media,20250923,2025-09-23,2025-09-23 14:00:00,1,North America,Premium,3,271.24,40.69,813.72,773.03,Apple Pay
3576,ORD_103576,1,288,CUST_0288,16,PROD_0016,Air Fryers Pro-Series 1,Home & Kitchen,20260328,2026-03-28,2026-03-28 04:00:00,3,APAC,Standard,1,403.75,60.56,403.75,343.19,Debit Card
3577,ORD_103577,1,29,CUST_0029,37,PROD_0037,Hardcover Novels Pro-Series 1,Books & Media,20250809,2025-08-09,2025-08-09 20:00:00,3,APAC,Premium,2,271.24,27.12,542.48,515.36,Debit Card
3578,ORD_103578,1,414,CUST_0414,36,PROD_0036,Watches Pro-Series 3,Apparel & Fashion,20260521,2026-05-21,2026-05-21 00:00:00,3,APAC,Standard,5,387.69,290.77,1938.45,1647.68,Debit Card
3579,ORD_103579,1,353,CUST_0353,43,PROD_0043,Audiobooks Pro-Series 1,Books & Media,20251206,2025-12-06,2025-12-06 12:00:00,2,EMEA,Standard,5,262.83,65.71,1314.15,1248.44,Apple Pay
3580,ORD_103580,1,96,CUST_0096,11,PROD_0011,Smartwatches Pro-Series 2,Consumer Electronics,20260702,2026-07-02,2026-07-02 21:00:00,2,EMEA,Standard,5,627.26,0.0,3136.3,3136.3,Credit Card
3581,ORD_103581,1,79,CUST_0079,16,PROD_0016,Air Fryers Pro-Series 1,Home & Kitchen,20260624,2026-06-24,2026-06-24 06:00:00,3,APAC,Premium,2,403.75,0.0,807.5,807.5,Debit Card
3582,ORD_103582,1,176,CUST_0176,28,PROD_0028,Women's Sneakers Pro-Series 1,Apparel & Fashion,20260607,2026-06-07,2026-06-07 16:00:00,3,APAC,Standard,4,301.74,181.04,1206.96,1025.92,Debit Card
3583,ORD_103583,1,10,CUST_0010,40,PROD_0040,Tech Guides Pro-Series 1,Books & Media,20260523,2026-05-23,2026-05-23 16:00:00,4,LATAM,Standard,3,507.6,152.28,1522.8,1370.52,PayPal
3584,ORD_103584,1,376,CUST_0376,18,PROD_0018,Air Fryers Pro-Series 3,Home & Kitchen,20260507,2026-05-07,2026-05-07 08:00:00,3,APAC,Standard,5,497.95,373.46,2489.75,2116.29,Apple Pay
3585,ORD_103585,1,119,CUST_0119,23,PROD_0023,Robotic Vacuums Pro-Series 2,Home & Kitchen,20250531,2025-05-31,2025-05-31 02:00:00,2,EMEA,Premium,1,80.72,12.11,80.72,68.61,Apple Pay
3586,ORD_103586,1,404,CUST_0404,22,PROD_0022,Robotic Vacuums Pro-Series 1,Home & Kitchen,20251219,2025-12-19,2025-12-19 21:00:00,2,EMEA,Premium,5,573.0,429.75,2865.0,2435.25,Apple Pay
3587,ORD_103587,1,235,CUST_0235,18,PROD_0018,Air Fryers Pro-Series 3,Home & Kitchen,20260705,2026-07-05,2026-07-05 22:00:00,1,North America,Premium,1,497.95,49.8,497.95,448.15,Debit Card
3588,ORD_103588,1,228,CUST_0228,21,PROD_0021,Blenders Pro-Series 3,Home & Kitchen,20250610,2025-06-10,2025-06-10 13:00:00,1,North America,Premium,1,137.29,20.59,137.29,116.7,Debit Card
3589,ORD_103589,1,115,CUST_0115,18,PROD_0018,Air Fryers Pro-Series 3,Home & Kitchen,20250921,2025-09-21,2025-09-21 10:00:00,4,LATAM,Premium,3,497.95,149.38,1493.85,1344.47,Credit Card
3590,ORD_103590,1,224,CUST_0224,20,PROD_0020,Blenders Pro-Series 2,Home & Kitchen,20260102,2026-01-02,2026-01-02 20:00:00,1,North America,Premium,5,80.82,60.61,404.1,343.49,Debit Card
3591,ORD_103591,1,219,CUST_0219,16,PROD_0016,Air Fryers Pro-Series 1,Home & Kitchen,20260627,2026-06-27,2026-06-27 19:00:00,1,North America,Standard,1,403.75,20.19,403.75,383.56,Apple Pay
3592,ORD_103592,1,32,CUST_0032,8,PROD_0008,Audio Headphones Pro-Series 2,Consumer Electronics,20260601,2026-06-01,2026-06-01 05:00:00,4,LATAM,Standard,2,596.84,0.0,1193.68,1193.68,Credit Card
3593,ORD_103593,1,244,CUST_0244,42,PROD_0042,Tech Guides Pro-Series 3,Books & Media,20251202,2025-12-02,2025-12-02 18:00:00,2,EMEA,Premium,2,201.79,40.36,403.58,363.22,PayPal
3594,ORD_103594,1,144,CUST_0144,35,PROD_0035,Watches Pro-Series 2,Apparel & Fashion,20250510,2025-05-10,2025-05-10 16:00:00,2,EMEA,Premium,3,495.6,74.34,1486.8,1412.46,Debit Card
3595,ORD_103595,1,284,CUST_0284,4,PROD_0004,Laptops Pro-Series 1,Consumer Electronics,20260126,2026-01-26,2026-01-26 13:00:00,3,APAC,Standard,4,328.32,0.0,1313.28,1313.28,Credit Card
3596,ORD_103596,1,141,CUST_0141,1,PROD_0001,Smartphones Pro-Series 1,Consumer Electronics,20260603,2026-06-03,2026-06-03 01:00:00,2,EMEA,Standard,2,247.49,49.5,494.98,445.48,Credit Card
3597,ORD_103597,1,446,CUST_0446,15,PROD_0015,Coffee Makers Pro-Series 3,Home & Kitchen,20250315,2025-03-15,2025-03-15 10:00:00,4,LATAM,Standard,2,397.04,79.41,794.08,714.67,Debit Card
3598,ORD_103598,1,249,CUST_0249,7,PROD_0007,Audio Headphones Pro-Series 1,Consumer Electronics,20260214,2026-02-14,2026-02-14 23:00:00,3,APAC,Standard,3,136.35,40.91,409.05,368.14,Apple Pay
3599,ORD_103599,1,177,CUST_0177,16,PROD_0016,Air Fryers Pro-Series 1,Home & Kitchen,20260303,2026-03-03,2026-03-03 00:00:00,2,EMEA,Premium,4,403.75,0.0,1615.0,1615.0,Debit Card
3600,ORD_103600,1,477,CUST_0477,26,PROD_0026,Men's Jackets Pro-Series 2,Apparel & Fashion,20260512,2026-05-12,2026-05-12 08:00:00,2,EMEA,VIP,4,387.88,77.58,1551.52,1473.94,Credit Card
3601,ORD_103601,1,106,CUST_0106,26,PROD_0026,Men's Jackets Pro-Series 2,Apparel & Fashion,20251207,2025-12-07,2025-12-07 23:00:00,3,APAC,Standard,5,387.88,0.0,1939.4,1939.4,Credit Card
3602,ORD_103602,1,272,CUST_0272,23,PROD_0023,Robotic Vacuums Pro-Series 2,Home & Kitchen,20250606,2025-06-06,2025-06-06 22:00:00,4,LATAM,Standard,4,80.72,16.14,322.88,306.74,Apple Pay
3603,ORD_103603,1,44,CUST_0044,23,PROD_0023,Robotic Vacuums Pro-Series 2,Home & Kitchen,20250213,2025-02-13,2025-02-13 05:00:00,3,APAC,Premium,2,80.72,8.07,161.44,153.37,Credit Card
3604,ORD_103604,1,175,CUST_0175,21,PROD_0021,Blenders Pro-Series 3,Home & Kitchen,20260525,2026-05-25,2026-05-25 14:00:00,2,EMEA,VIP,1,137.29,6.86,137.29,130.43,Debit Card
3605,ORD_103605,1,134,CUST_0134,14,PROD_0014,Coffee Makers Pro-Series 2,Home & Kitchen,20250706,2025-07-06,2025-07-06 13:00:00,3,APAC,Premium,4,94.28,56.57,377.12,320.55,Apple Pay
3606,ORD_103606,1,203,CUST_0203,1,PROD_0001,Smartphones Pro-Series 1,Consumer Electronics,20251023,2025-10-23,2025-10-23 23:00:00,4,LATAM,Standard,5,247.49,0.0,1237.45,1237.45,Debit Card
3607,ORD_103607,1,342,CUST_0342,37,PROD_0037,Hardcover Novels Pro-Series 1,Books & Media,20251218,2025-12-18,2025-12-18 02:00:00,1,North America,VIP,5,271.24,0.0,1356.2,1356.2,Debit Card
3608,ORD_103608,1,190,CUST_0190,5,PROD_0005,Laptops Pro-Series 2,Consumer Electronics,20260510,2026-05-10,2026-05-10 11:00:00,2,EMEA,Standard,5,144.32,72.16,721.6,649.44,Apple Pay
3609,ORD_103609,1,310,CUST_0310,11,PROD_0011,Smartwatches Pro-Series 2,Consumer Electronics,20250409,2025-04-09,2025-04-09 09:00:00,3,APAC,Standard,2,627.26,0.0,1254.52,1254.52,Debit Card
3610,ORD_103610,1,278,CUST_0278,12,PROD_0012,Smartwatches Pro-Series 3,Consumer Electronics,20251010,2025-10-10,2025-10-10 19:00:00,2,EMEA,Standard,5,414.15,207.08,2070.75,1863.67,Debit Card
3611,ORD_103611,1,228,CUST_0228,28,PROD_0028,Women's Sneakers Pro-Series 1,Apparel & Fashion,20251006,2025-10-06,2025-10-06 14:00:00,3,APAC,Premium,4,301.74,120.7,1206.96,1086.26,Credit Card
3612,ORD_103612,1,186,CUST_0186,21,PROD_0021,Blenders Pro-Series 3,Home & Kitchen,20260508,2026-05-08,2026-05-08 00:00:00,3,APAC,VIP,5,137.29,68.64,686.45,617.81,PayPal
3613,ORD_103613,1,393,CUST_0393,28,PROD_0028,Women's Sneakers Pro-Series 1,Apparel & Fashion,20251110,2025-11-10,2025-11-10 07:00:00,4,LATAM,VIP,4,301.74,0.0,1206.96,1206.96,Apple Pay
3614,ORD_103614,1,90,CUST_0090,10,PROD_0010,Smartwatches Pro-Series 1,Consumer Electronics,20260225,2026-02-25,2026-02-25 18:00:00,1,North America,VIP,5,238.77,119.39,1193.85,1074.46,Credit Card
3615,ORD_103615,1,485,CUST_0485,45,PROD_0045,Audiobooks Pro-Series 3,Books & Media,20260514,2026-05-14,2026-05-14 12:00:00,2,EMEA,Standard,3,512.51,0.0,1537.53,1537.53,Apple Pay
3616,ORD_103616,1,304,CUST_0304,30,PROD_0030,Women's Sneakers Pro-Series 3,Apparel & Fashion,20250804,2025-08-04,2025-08-04 11:00:00,4,LATAM,Standard,1,378.05,0.0,378.05,378.05,Credit Card
3617,ORD_103617,1,487,CUST_0487,22,PROD_0022,Robotic Vacuums Pro-Series 1,Home & Kitchen,20250423,2025-04-23,2025-04-23 03:00:00,3,APAC,Standard,4,573.0,343.8,2292.0,1948.2,PayPal
3618,ORD_103618,1,493,CUST_0493,17,PROD_0017,Air Fryers Pro-Series 2,Home & Kitchen,20251022,2025-10-22,2025-10-22 19:00:00,2,EMEA,Premium,1,438.78,43.88,438.78,394.9,Debit Card
3619,ORD_103619,1,181,CUST_0181,24,PROD_0024,Robotic Vacuums Pro-Series 3,Home & Kitchen,20250517,2025-05-17,2025-05-17 05:00:00,4,LATAM,Premium,5,106.82,53.41,534.1,480.69,Debit Card
3620,ORD_103620,1,115,CUST_0115,22,PROD_0022,Robotic Vacuums Pro-Series 1,Home & Kitchen,20250918,2025-09-18,2025-09-18 03:00:00,3,APAC,Premium,4,573.0,229.2,2292.0,2062.8,Credit Card
3621,ORD_103621,1,169,CUST_0169,42,PROD_0042,Tech Guides Pro-Series 3,Books & Media,20260207,2026-02-07,2026-02-07 17:00:00,3,APAC,Standard,4,201.79,40.36,807.16,766.8,Apple Pay
3622,ORD_103622,1,441,CUST_0441,10,PROD_0010,Smartwatches Pro-Series 1,Consumer Electronics,20250605,2025-06-05,2025-06-05 07:00:00,3,APAC,Standard,3,238.77,71.63,716.31,644.68,Credit Card
3623,ORD_103623,1,249,CUST_0249,39,PROD_0039,Hardcover Novels Pro-Series 3,Books & Media,20260820,2026-08-20,2026-08-20 11:00:00,3,APAC,Standard,4,217.64,87.06,870.56,783.5,Credit Card
3624,ORD_103624,1,23,CUST_0023,10,PROD_0010,Smartwatches Pro-Series 1,Consumer Electronics,20260223,2026-02-23,2026-02-23 12:00:00,3,APAC,Premium,1,238.77,11.94,238.77,226.83,Debit Card
3625,ORD_103625,1,110,CUST_0110,42,PROD_0042,Tech Guides Pro-Series 3,Books & Media,20250621,2025-06-21,2025-06-21 07:00:00,3,APAC,Standard,4,201.79,0.0,807.16,807.16,Apple Pay
3626,ORD_103626,1,53,CUST_0053,17,PROD_0017,Air Fryers Pro-Series 2,Home & Kitchen,20250119,2025-01-19,2025-01-19 14:00:00,4,LATAM,Standard,5,438.78,329.08,2193.9,1864.82,Credit Card
3627,ORD_103627,1,253,CUST_0253,43,PROD_0043,Audiobooks Pro-Series 1,Books & Media,20250918,2025-09-18,2025-09-18 23:00:00,4,LATAM,Premium,2,262.83,52.57,525.66,473.09,Credit Card
3628,ORD_103628,1,366,CUST_0366,21,PROD_0021,Blenders Pro-Series 3,Home & Kitchen,20260724,2026-07-24,2026-07-24 11:00:00,3,APAC,Premium,1,137.29,6.86,137.29,130.43,Debit Card
3629,ORD_103629,1,366,CUST_0366,26,PROD_0026,Men's Jackets Pro-Series 2,Apparel & Fashion,20251018,2025-10-18,2025-10-18 11:00:00,1,North America,Premium,1,387.88,58.18,387.88,329.7,Credit Card
3630,ORD_103630,1,423,CUST_0423,25,PROD_0025,Men's Jackets Pro-Series 1,Apparel & Fashion,20250715,2025-07-15,2025-07-15 19:00:00,1,North America,Standard,1,381.42,0.0,381.42,381.42,Debit Card
3631,ORD_103631,1,348,CUST_0348,2,PROD_0002,Smartphones Pro-Series 2,Consumer Electronics,20251223,2025-12-23,2025-12-23 19:00:00,1,North America,Standard,1,484.7,72.7,484.7,412.0,Credit Card
3632,ORD_103632,1,294,CUST_0294,42,PROD_0042,Tech Guides Pro-Series 3,Books & Media,20260128,2026-01-28,2026-01-28 14:00:00,3,APAC,Standard,5,201.79,0.0,1008.95,1008.95,Debit Card
3633,ORD_103633,1,359,CUST_0359,39,PROD_0039,Hardcover Novels Pro-Series 3,Books & Media,20260711,2026-07-11,2026-07-11 13:00:00,2,EMEA,Standard,5,217.64,108.82,1088.2,979.38,Apple Pay
3634,ORD_103634,1,463,CUST_0463,10,PROD_0010,Smartwatches Pro-Series 1,Consumer Electronics,20250411,2025-04-11,2025-04-11 12:00:00,1,North America,Premium,3,238.77,35.82,716.31,680.49,Debit Card
3635,ORD_103635,1,347,CUST_0347,16,PROD_0016,Air Fryers Pro-Series 1,Home & Kitchen,20260401,2026-04-01,2026-04-01 12:00:00,3,APAC,Standard,2,403.75,121.12,807.5,686.38,Debit Card
3636,ORD_103636,1,451,CUST_0451,44,PROD_0044,Audiobooks Pro-Series 2,Books & Media,20250903,2025-09-03,2025-09-03 11:00:00,3,APAC,VIP,5,86.85,65.14,434.25,369.11,Credit Card
3637,ORD_103637,1,233,CUST_0233,9,PROD_0009,Audio Headphones Pro-Series 3,Consumer Electronics,20260516,2026-05-16,2026-05-16 01:00:00,2,EMEA,Standard,5,512.06,128.01,2560.3,2432.29,Apple Pay
3638,ORD_103638,1,119,CUST_0119,23,PROD_0023,Robotic Vacuums Pro-Series 2,Home & Kitchen,20250329,2025-03-29,2025-03-29 06:00:00,1,North America,Premium,2,80.72,0.0,161.44,161.44,Credit Card
3639,ORD_103639,1,25,CUST_0025,39,PROD_0039,Hardcover Novels Pro-Series 3,Books & Media,20251006,2025-10-06,2025-10-06 06:00:00,4,LATAM,Standard,3,217.64,32.65,652.92,620.27,Debit Card
3640,ORD_103640,1,117,CUST_0117,28,PROD_0028,Women's Sneakers Pro-Series 1,Apparel & Fashion,20251114,2025-11-14,2025-11-14 19:00:00,4,LATAM,Standard,2,301.74,60.35,603.48,543.13,Debit Card
3641,ORD_103641,1,227,CUST_0227,5,PROD_0005,Laptops Pro-Series 2,Consumer Electronics,20260805,2026-08-05,2026-08-05 13:00:00,3,APAC,Standard,5,144.32,0.0,721.6,721.6,PayPal
3642,ORD_103642,1,27,CUST_0027,30,PROD_0030,Women's Sneakers Pro-Series 3,Apparel & Fashion,20250112,2025-01-12,2025-01-12 21:00:00,2,EMEA,Standard,3,378.05,170.12,1134.15,964.03,Apple Pay
3643,ORD_103643,1,200,CUST_0200,2,PROD_0002,Smartphones Pro-Series 2,Consumer Electronics,20260729,2026-07-29,2026-07-29 04:00:00,2,EMEA,Standard,3,484.7,72.7,1454.1,1381.4,Debit Card
3644,ORD_103644,1,242,CUST_0242,38,PROD_0038,Hardcover Novels Pro-Series 2,Books & Media,20250831,2025-08-31,2025-08-31 23:00:00,3,APAC,Premium,1,157.75,7.89,157.75,149.86,Debit Card
3645,ORD_103645,1,54,CUST_0054,6,PROD_0006,Laptops Pro-Series 3,Consumer Electronics,20260316,2026-03-16,2026-03-16 18:00:00,2,EMEA,Standard,2,304.52,30.45,609.04,578.59,PayPal
3646,ORD_103646,1,321,CUST_0321,43,PROD_0043,Audiobooks Pro-Series 1,Books & Media,20250319,2025-03-19,2025-03-19 08:00:00,2,EMEA,Standard,3,262.83,39.42,788.49,749.07,Debit Card
3647,ORD_103647,1,300,CUST_0300,32,PROD_0032,Sportswear Pro-Series 2,Apparel & Fashion,20250326,2025-03-26,2025-03-26 03:00:00,2,EMEA,Standard,3,106.55,31.96,319.65,287.69,Debit Card
3648,ORD_103648,1,494,CUST_0494,17,PROD_0017,Air Fryers Pro-Series 2,Home & Kitchen,20251123,2025-11-23,2025-11-23 14:00:00,3,APAC,Standard,4,438.78,175.51,1755.12,1579.61,PayPal
3649,ORD_103649,1,352,CUST_0352,21,PROD_0021,Blenders Pro-Series 3,Home & Kitchen,20250705,2025-07-05,2025-07-05 11:00:00,3,APAC,Premium,3,137.29,0.0,411.87,411.87,Credit Card
3650,ORD_103650,1,409,CUST_0409,45,PROD_0045,Audiobooks Pro-Series 3,Books & Media,20260618,2026-06-18,2026-06-18 03:00:00,3,APAC,Standard,1,512.51,25.63,512.51,486.88,Debit Card
3651,ORD_103651,1,262,CUST_0262,2,PROD_0002,Smartphones Pro-Series 2,Consumer Electronics,20260406,2026-04-06,2026-04-06 06:00:00,3,APAC,Standard,2,484.7,0.0,969.4,969.4,PayPal
3652,ORD_103652,1,330,CUST_0330,35,PROD_0035,Watches Pro-Series 2,Apparel & Fashion,20260720,2026-07-20,2026-07-20 20:00:00,1,North America,Premium,5,495.6,123.9,2478.0,2354.1,Debit Card
3653,ORD_103653,1,155,CUST_0155,7,PROD_0007,Audio Headphones Pro-Series 1,Consumer Electronics,20260316,2026-03-16,2026-03-16 16:00:00,3,APAC,Standard,4,136.35,0.0,545.4,545.4,Apple Pay
3654,ORD_103654,1,69,CUST_0069,11,PROD_0011,Smartwatches Pro-Series 2,Consumer Electronics,20260127,2026-01-27,2026-01-27 21:00:00,1,North America,Standard,1,627.26,62.73,627.26,564.53,PayPal
3655,ORD_103655,1,166,CUST_0166,18,PROD_0018,Air Fryers Pro-Series 3,Home & Kitchen,20250723,2025-07-23,2025-07-23 07:00:00,1,North America,Standard,1,497.95,0.0,497.95,497.95,PayPal
3656,ORD_103656,1,278,CUST_0278,14,PROD_0014,Coffee Makers Pro-Series 2,Home & Kitchen,20260330,2026-03-30,2026-03-30 05:00:00,4,LATAM,Standard,1,94.28,4.71,94.28,89.57,Credit Card
3657,ORD_103657,1,450,CUST_0450,26,PROD_0026,Men's Jackets Pro-Series 2,Apparel & Fashion,20260605,2026-06-05,2026-06-05 15:00:00,3,APAC,Premium,4,387.88,232.73,1551.52,1318.79,Credit Card
3658,ORD_103658,1,216,CUST_0216,43,PROD_0043,Audiobooks Pro-Series 1,Books & Media,20260810,2026-08-10,2026-08-10 00:00:00,4,LATAM,Standard,4,262.83,0.0,1051.32,1051.32,PayPal
3659,ORD_103659,1,74,CUST_0074,39,PROD_0039,Hardcover Novels Pro-Series 3,Books & Media,20260422,2026-04-22,2026-04-22 12:00:00,3,APAC,Premium,1,217.64,32.65,217.64,184.99,Debit Card
3660,ORD_103660,1,430,CUST_0430,5,PROD_0005,Laptops Pro-Series 2,Consumer Electronics,20260510,2026-05-10,2026-05-10 22:00:00,4,LATAM,Standard,2,144.32,0.0,288.64,288.64,Debit Card
3661,ORD_103661,1,145,CUST_0145,35,PROD_0035,Watches Pro-Series 2,Apparel & Fashion,20250531,2025-05-31,2025-05-31 01:00:00,4,LATAM,Premium,5,495.6,0.0,2478.0,2478.0,Apple Pay
3662,ORD_103662,1,200,CUST_0200,37,PROD_0037,Hardcover Novels Pro-Series 1,Books & Media,20250416,2025-04-16,2025-04-16 16:00:00,2,EMEA,Standard,1,271.24,13.56,271.24,257.68,PayPal
3663,ORD_103663,1,336,CUST_0336,22,PROD_0022,Robotic Vacuums Pro-Series 1,Home & Kitchen,20260201,2026-02-01,2026-02-01 09:00:00,4,LATAM,Premium,3,573.0,257.85,1719.0,1461.15,Debit Card
3664,ORD_103664,1,302,CUST_0302,40,PROD_0040,Tech Guides Pro-Series 1,Books & Media,20251102,2025-11-02,2025-11-02 03:00:00,1,North America,Standard,4,507.6,0.0,2030.4,2030.4,Apple Pay
3665,ORD_103665,1,350,CUST_0350,2,PROD_0002,Smartphones Pro-Series 2,Consumer Electronics,20250825,2025-08-25,2025-08-25 19:00:00,4,LATAM,Standard,3,484.7,0.0,1454.1,1454.1,Debit Card
3666,ORD_103666,1,153,CUST_0153,9,PROD_0009,Audio Headphones Pro-Series 3,Consumer Electronics,20250116,2025-01-16,2025-01-16 07:00:00,3,APAC,Premium,1,512.06,76.81,512.06,435.25,Credit Card
3667,ORD_103667,1,36,CUST_0036,24,PROD_0024,Robotic Vacuums Pro-Series 3,Home & Kitchen,20250507,2025-05-07,2025-05-07 17:00:00,1,North America,Standard,2,106.82,32.05,213.64,181.59,PayPal
3668,ORD_103668,1,238,CUST_0238,1,PROD_0001,Smartphones Pro-Series 1,Consumer Electronics,20260817,2026-08-17,2026-08-17 12:00:00,4,LATAM,Standard,3,247.49,37.12,742.47,705.35,Credit Card
3669,ORD_103669,1,35,CUST_0035,39,PROD_0039,Hardcover Novels Pro-Series 3,Books & Media,20251207,2025-12-07,2025-12-07 07:00:00,2,EMEA,Standard,4,217.64,43.53,870.56,827.03,Apple Pay
3670,ORD_103670,1,408,CUST_0408,1,PROD_0001,Smartphones Pro-Series 1,Consumer Electronics,20250625,2025-06-25,2025-06-25 12:00:00,2,EMEA,Standard,2,247.49,0.0,494.98,494.98,Debit Card
3671,ORD_103671,1,476,CUST_0476,2,PROD_0002,Smartphones Pro-Series 2,Consumer Electronics,20260809,2026-08-09,2026-08-09 23:00:00,4,LATAM,Premium,3,484.7,145.41,1454.1,1308.69,Credit Card
3672,ORD_103672,1,119,CUST_0119,13,PROD_0013,Coffee Makers Pro-Series 1,Home & Kitchen,20250525,2025-05-25,2025-05-25 19:00:00,3,APAC,Premium,5,177.25,44.31,886.25,841.94,Apple Pay
3673,ORD_103673,1,430,CUST_0430,40,PROD_0040,Tech Guides Pro-Series 1,Books & Media,20250716,2025-07-16,2025-07-16 21:00:00,1,North America,Standard,1,507.6,76.14,507.6,431.46,Apple Pay
3674,ORD_103674,1,454,CUST_0454,21,PROD_0021,Blenders Pro-Series 3,Home & Kitchen,20260405,2026-04-05,2026-04-05 07:00:00,1,North America,Standard,4,137.29,54.92,549.16,494.24,Apple Pay
3675,ORD_103675,1,294,CUST_0294,14,PROD_0014,Coffee Makers Pro-Series 2,Home & Kitchen,20250917,2025-09-17,2025-09-17 12:00:00,3,APAC,Standard,1,94.28,0.0,94.28,94.28,PayPal
3676,ORD_103676,1,25,CUST_0025,6,PROD_0006,Laptops Pro-Series 3,Consumer Electronics,20250325,2025-03-25,2025-03-25 09:00:00,2,EMEA,Standard,5,304.52,76.13,1522.6,1446.47,PayPal
3677,ORD_103677,1,170,CUST_0170,24,PROD_0024,Robotic Vacuums Pro-Series 3,Home & Kitchen,20250330,2025-03-30,2025-03-30 18:00:00,4,LATAM,Premium,5,106.82,0.0,534.1,534.1,PayPal
3678,ORD_103678,1,233,CUST_0233,7,PROD_0007,Audio Headphones Pro-Series 1,Consumer Electronics,20251214,2025-12-14,2025-12-14 19:00:00,4,LATAM,Standard,4,136.35,0.0,545.4,545.4,Debit Card
3679,ORD_103679,1,17,CUST_0017,23,PROD_0023,Robotic Vacuums Pro-Series 2,Home & Kitchen,20250128,2025-01-28,2025-01-28 06:00:00,4,LATAM,Premium,5,80.72,60.54,403.6,343.06,Credit Card
3680,ORD_103680,1,38,CUST_0038,9,PROD_0009,Audio Headphones Pro-Series 3,Consumer Electronics,20260810,2026-08-10,2026-08-10 09:00:00,3,APAC,Standard,4,512.06,0.0,2048.24,2048.24,Apple Pay
3681,ORD_103681,1,130,CUST_0130,35,PROD_0035,Watches Pro-Series 2,Apparel & Fashion,20250406,2025-04-06,2025-04-06 12:00:00,2,EMEA,VIP,5,495.6,247.8,2478.0,2230.2,PayPal
3682,ORD_103682,1,198,CUST_0198,36,PROD_0036,Watches Pro-Series 3,Apparel & Fashion,20250902,2025-09-02,2025-09-02 14:00:00,3,APAC,VIP,1,387.69,58.15,387.69,329.54,Debit Card
3683,ORD_103683,1,444,CUST_0444,43,PROD_0043,Audiobooks Pro-Series 1,Books & Media,20260414,2026-04-14,2026-04-14 14:00:00,4,LATAM,Standard,1,262.83,0.0,262.83,262.83,Debit Card
3684,ORD_103684,1,159,CUST_0159,21,PROD_0021,Blenders Pro-Series 3,Home & Kitchen,20251014,2025-10-14,2025-10-14 07:00:00,4,LATAM,Standard,2,137.29,0.0,274.58,274.58,Debit Card
3685,ORD_103685,1,117,CUST_0117,15,PROD_0015,Coffee Makers Pro-Series 3,Home & Kitchen,20250831,2025-08-31,2025-08-31 01:00:00,2,EMEA,Standard,3,397.04,178.67,1191.12,1012.45,Debit Card
3686,ORD_103686,1,459,CUST_0459,17,PROD_0017,Air Fryers Pro-Series 2,Home & Kitchen,20251208,2025-12-08,2025-12-08 15:00:00,3,APAC,Premium,1,438.78,0.0,438.78,438.78,Apple Pay
3687,ORD_103687,1,460,CUST_0460,35,PROD_0035,Watches Pro-Series 2,Apparel & Fashion,20260710,2026-07-10,2026-07-10 08:00:00,1,North America,Standard,5,495.6,247.8,2478.0,2230.2,Debit Card
3688,ORD_103688,1,278,CUST_0278,6,PROD_0006,Laptops Pro-Series 3,Consumer Electronics,20250811,2025-08-11,2025-08-11 03:00:00,3,APAC,Standard,4,304.52,0.0,1218.08,1218.08,Apple Pay
3689,ORD_103689,1,248,CUST_0248,4,PROD_0004,Laptops Pro-Series 1,Consumer Electronics,20251024,2025-10-24,2025-10-24 05:00:00,4,LATAM,Standard,5,328.32,164.16,1641.6,1477.44,Apple Pay
3690,ORD_103690,1,426,CUST_0426,8,PROD_0008,Audio Headphones Pro-Series 2,Consumer Electronics,20260504,2026-05-04,2026-05-04 13:00:00,1,North America,Standard,1,596.84,0.0,596.84,596.84,Debit Card
3691,ORD_103691,1,201,CUST_0201,20,PROD_0020,Blenders Pro-Series 2,Home & Kitchen,20260813,2026-08-13,2026-08-13 15:00:00,4,LATAM,Premium,3,80.82,24.25,242.46,218.21,Apple Pay
3692,ORD_103692,1,237,CUST_0237,10,PROD_0010,Smartwatches Pro-Series 1,Consumer Electronics,20260305,2026-03-05,2026-03-05 10:00:00,4,LATAM,Standard,2,238.77,23.88,477.54,453.66,Debit Card
3693,ORD_103693,1,152,CUST_0152,33,PROD_0033,Sportswear Pro-Series 3,Apparel & Fashion,20260814,2026-08-14,2026-08-14 06:00:00,3,APAC,Premium,3,230.01,0.0,690.03,690.03,PayPal
3694,ORD_103694,1,312,CUST_0312,33,PROD_0033,Sportswear Pro-Series 3,Apparel & Fashion,20260817,2026-08-17,2026-08-17 00:00:00,3,APAC,Standard,4,230.01,92.0,920.04,828.04,Debit Card
3695,ORD_103695,1,195,CUST_0195,38,PROD_0038,Hardcover Novels Pro-Series 2,Books & Media,20250112,2025-01-12,2025-01-12 13:00:00,2,EMEA,Premium,4,157.75,0.0,631.0,631.0,PayPal
3696,ORD_103696,1,477,CUST_0477,27,PROD_0027,Men's Jackets Pro-Series 3,Apparel & Fashion,20260616,2026-06-16,2026-06-16 04:00:00,4,LATAM,VIP,1,452.99,67.95,452.99,385.04,Debit Card
3697,ORD_103697,1,306,CUST_0306,24,PROD_0024,Robotic Vacuums Pro-Series 3,Home & Kitchen,20260413,2026-04-13,2026-04-13 14:00:00,4,LATAM,Premium,1,106.82,5.34,106.82,101.48,Debit Card
3698,ORD_103698,1,115,CUST_0115,32,PROD_0032,Sportswear Pro-Series 2,Apparel & Fashion,20250528,2025-05-28,2025-05-28 12:00:00,4,LATAM,Premium,5,106.55,26.64,532.75,506.11,Debit Card
3699,ORD_103699,1,403,CUST_0403,6,PROD_0006,Laptops Pro-Series 3,Consumer Electronics,20250313,2025-03-13,2025-03-13 21:00:00,1,North America,Standard,4,304.52,60.9,1218.08,1157.18,Apple Pay
3700,ORD_103700,1,284,CUST_0284,39,PROD_0039,Hardcover Novels Pro-Series 3,Books & Media,20250507,2025-05-07,2025-05-07 04:00:00,4,LATAM,Standard,2,217.64,21.76,435.28,413.52,Credit Card
3701,ORD_103701,1,496,CUST_0496,42,PROD_0042,Tech Guides Pro-Series 3,Books & Media,20260221,2026-02-21,2026-02-21 17:00:00,2,EMEA,Standard,3,201.79,30.27,605.37,575.1,PayPal
3702,ORD_103702,1,351,CUST_0351,16,PROD_0016,Air Fryers Pro-Series 1,Home & Kitchen,20250826,2025-08-26,2025-08-26 06:00:00,1,North America,Standard,2,403.75,40.38,807.5,767.12,PayPal
3703,ORD_103703,1,195,CUST_0195,2,PROD_0002,Smartphones Pro-Series 2,Consumer Electronics,20250916,2025-09-16,2025-09-16 08:00:00,4,LATAM,Premium,1,484.7,72.7,484.7,412.0,Apple Pay
3704,ORD_103704,1,470,CUST_0470,1,PROD_0001,Smartphones Pro-Series 1,Consumer Electronics,20250821,2025-08-21,2025-08-21 21:00:00,4,LATAM,Standard,5,247.49,123.75,1237.45,1113.7,PayPal
3705,ORD_103705,1,225,CUST_0225,35,PROD_0035,Watches Pro-Series 2,Apparel & Fashion,20250715,2025-07-15,2025-07-15 10:00:00,4,LATAM,Premium,3,495.6,74.34,1486.8,1412.46,Apple Pay
3706,ORD_103706,1,259,CUST_0259,22,PROD_0022,Robotic Vacuums Pro-Series 1,Home & Kitchen,20250403,2025-04-03,2025-04-03 04:00:00,2,EMEA,Standard,4,573.0,0.0,2292.0,2292.0,Credit Card
3707,ORD_103707,1,130,CUST_0130,34,PROD_0034,Watches Pro-Series 1,Apparel & Fashion,20260127,2026-01-27,2026-01-27 08:00:00,3,APAC,VIP,3,277.89,125.05,833.67,708.62,Apple Pay
3708,ORD_103708,1,60,CUST_0060,38,PROD_0038,Hardcover Novels Pro-Series 2,Books & Media,20250909,2025-09-09,2025-09-09 03:00:00,1,North America,Standard,3,157.75,23.66,473.25,449.59,Apple Pay
3709,ORD_103709,1,464,CUST_0464,10,PROD_0010,Smartwatches Pro-Series 1,Consumer Electronics,20251225,2025-12-25,2025-12-25 09:00:00,1,North America,Standard,3,238.77,35.82,716.31,680.49,Debit Card
3710,ORD_103710,1,497,CUST_0497,9,PROD_0009,Audio Headphones Pro-Series 3,Consumer Electronics,20260225,2026-02-25,2026-02-25 09:00:00,3,APAC,Premium,3,512.06,0.0,1536.18,1536.18,Debit Card
3711,ORD_103711,1,282,CUST_0282,34,PROD_0034,Watches Pro-Series 1,Apparel & Fashion,20260725,2026-07-25,2026-07-25 13:00:00,4,LATAM,Standard,5,277.89,208.42,1389.45,1181.03,Credit Card
3712,ORD_103712,1,118,CUST_0118,38,PROD_0038,Hardcover Novels Pro-Series 2,Books & Media,20250704,2025-07-04,2025-07-04 01:00:00,2,EMEA,Standard,2,157.75,0.0,315.5,315.5,PayPal
3713,ORD_103713,1,18,CUST_0018,6,PROD_0006,Laptops Pro-Series 3,Consumer Electronics,20250318,2025-03-18,2025-03-18 15:00:00,3,APAC,Standard,5,304.52,228.39,1522.6,1294.21,Debit Card
3714,ORD_103714,1,398,CUST_0398,37,PROD_0037,Hardcover Novels Pro-Series 1,Books & Media,20250802,2025-08-02,2025-08-02 18:00:00,2,EMEA,Premium,5,271.24,203.43,1356.2,1152.77,Debit Card
3715,ORD_103715,1,255,CUST_0255,13,PROD_0013,Coffee Makers Pro-Series 1,Home & Kitchen,20250613,2025-06-13,2025-06-13 16:00:00,1,North America,Standard,3,177.25,26.59,531.75,505.16,Apple Pay
3716,ORD_103716,1,409,CUST_0409,27,PROD_0027,Men's Jackets Pro-Series 3,Apparel & Fashion,20260805,2026-08-05,2026-08-05 11:00:00,2,EMEA,Standard,5,452.99,0.0,2264.95,2264.95,Debit Card
3717,ORD_103717,1,159,CUST_0159,20,PROD_0020,Blenders Pro-Series 2,Home & Kitchen,20260815,2026-08-15,2026-08-15 12:00:00,1,North America,Standard,4,80.82,0.0,323.28,323.28,PayPal
3718,ORD_103718,1,278,CUST_0278,36,PROD_0036,Watches Pro-Series 3,Apparel & Fashion,20250719,2025-07-19,2025-07-19 05:00:00,1,North America,Standard,4,387.69,0.0,1550.76,1550.76,Credit Card
3719,ORD_103719,1,360,CUST_0360,3,PROD_0003,Smartphones Pro-Series 3,Consumer Electronics,20251128,2025-11-28,2025-11-28 02:00:00,2,EMEA,Premium,5,194.64,145.98,973.2,827.22,Apple Pay
3720,ORD_103720,1,41,CUST_0041,10,PROD_0010,Smartwatches Pro-Series 1,Consumer Electronics,20251213,2025-12-13,2025-12-13 21:00:00,1,North America,Standard,2,238.77,23.88,477.54,453.66,Credit Card
3721,ORD_103721,1,455,CUST_0455,32,PROD_0032,Sportswear Pro-Series 2,Apparel & Fashion,20250326,2025-03-26,2025-03-26 23:00:00,3,APAC,Standard,3,106.55,31.96,319.65,287.69,Apple Pay
3722,ORD_103722,1,142,CUST_0142,34,PROD_0034,Watches Pro-Series 1,Apparel & Fashion,20250310,2025-03-10,2025-03-10 12:00:00,4,LATAM,Standard,5,277.89,69.47,1389.45,1319.98,Credit Card
3723,ORD_103723,1,208,CUST_0208,27,PROD_0027,Men's Jackets Pro-Series 3,Apparel & Fashion,20250226,2025-02-26,2025-02-26 08:00:00,2,EMEA,VIP,4,452.99,181.2,1811.96,1630.76,Credit Card
3724,ORD_103724,1,88,CUST_0088,26,PROD_0026,Men's Jackets Pro-Series 2,Apparel & Fashion,20250411,2025-04-11,2025-04-11 11:00:00,4,LATAM,VIP,3,387.88,116.36,1163.64,1047.28,PayPal
3725,ORD_103725,1,445,CUST_0445,26,PROD_0026,Men's Jackets Pro-Series 2,Apparel & Fashion,20250222,2025-02-22,2025-02-22 07:00:00,1,North America,Standard,4,387.88,155.15,1551.52,1396.37,Apple Pay
3726,ORD_103726,1,104,CUST_0104,1,PROD_0001,Smartphones Pro-Series 1,Consumer Electronics,20260710,2026-07-10,2026-07-10 06:00:00,3,APAC,VIP,5,247.49,185.62,1237.45,1051.83,PayPal
3727,ORD_103727,1,285,CUST_0285,14,PROD_0014,Coffee Makers Pro-Series 2,Home & Kitchen,20250901,2025-09-01,2025-09-01 22:00:00,4,LATAM,Standard,5,94.28,0.0,471.4,471.4,Debit Card
3728,ORD_103728,1,443,CUST_0443,17,PROD_0017,Air Fryers Pro-Series 2,Home & Kitchen,20250220,2025-02-20,2025-02-20 02:00:00,3,APAC,Standard,4,438.78,87.76,1755.12,1667.36,PayPal
3729,ORD_103729,1,249,CUST_0249,5,PROD_0005,Laptops Pro-Series 2,Consumer Electronics,20250518,2025-05-18,2025-05-18 12:00:00,3,APAC,Standard,5,144.32,72.16,721.6,649.44,Credit Card
3730,ORD_103730,1,49,CUST_0049,24,PROD_0024,Robotic Vacuums Pro-Series 3,Home & Kitchen,20260417,2026-04-17,2026-04-17 00:00:00,1,North America,Standard,1,106.82,16.02,106.82,90.8,Debit Card
3731,ORD_103731,1,68,CUST_0068,2,PROD_0002,Smartphones Pro-Series 2,Consumer Electronics,20260510,2026-05-10,2026-05-10 21:00:00,2,EMEA,Standard,3,484.7,0.0,1454.1,1454.1,PayPal
3732,ORD_103732,1,435,CUST_0435,36,PROD_0036,Watches Pro-Series 3,Apparel & Fashion,20250217,2025-02-17,2025-02-17 03:00:00,2,EMEA,Standard,5,387.69,193.85,1938.45,1744.6,PayPal
3733,ORD_103733,1,361,CUST_0361,10,PROD_0010,Smartwatches Pro-Series 1,Consumer Electronics,20250901,2025-09-01,2025-09-01 07:00:00,4,LATAM,Standard,1,238.77,23.88,238.77,214.89,PayPal
3734,ORD_103734,1,175,CUST_0175,33,PROD_0033,Sportswear Pro-Series 3,Apparel & Fashion,20260504,2026-05-04,2026-05-04 18:00:00,2,EMEA,VIP,5,230.01,0.0,1150.05,1150.05,Apple Pay
3735,ORD_103735,1,466,CUST_0466,24,PROD_0024,Robotic Vacuums Pro-Series 3,Home & Kitchen,20260703,2026-07-03,2026-07-03 20:00:00,3,APAC,Premium,1,106.82,0.0,106.82,106.82,Debit Card
3736,ORD_103736,1,331,CUST_0331,29,PROD_0029,Women's Sneakers Pro-Series 2,Apparel & Fashion,20250805,2025-08-05,2025-08-05 19:00:00,1,North America,Standard,3,420.39,63.06,1261.17,1198.11,Credit Card
3737,ORD_103737,1,426,CUST_0426,30,PROD_0030,Women's Sneakers Pro-Series 3,Apparel & Fashion,20260423,2026-04-23,2026-04-23 10:00:00,3,APAC,Standard,1,378.05,37.8,378.05,340.25,PayPal
3738,ORD_103738,1,416,CUST_0416,30,PROD_0030,Women's Sneakers Pro-Series 3,Apparel & Fashion,20251103,2025-11-03,2025-11-03 17:00:00,2,EMEA,VIP,5,378.05,283.54,1890.25,1606.71,PayPal
3739,ORD_103739,1,178,CUST_0178,39,PROD_0039,Hardcover Novels Pro-Series 3,Books & Media,20260130,2026-01-30,2026-01-30 04:00:00,1,North America,Standard,5,217.64,54.41,1088.2,1033.79,Credit Card
3740,ORD_103740,1,335,CUST_0335,37,PROD_0037,Hardcover Novels Pro-Series 1,Books & Media,20250702,2025-07-02,2025-07-02 09:00:00,4,LATAM,Standard,4,271.24,54.25,1084.96,1030.71,Debit Card
3741,ORD_103741,1,88,CUST_0088,17,PROD_0017,Air Fryers Pro-Series 2,Home & Kitchen,20260418,2026-04-18,2026-04-18 15:00:00,3,APAC,VIP,2,438.78,87.76,877.56,789.8,PayPal
3742,ORD_103742,1,319,CUST_0319,30,PROD_0030,Women's Sneakers Pro-Series 3,Apparel & Fashion,20251217,2025-12-17,2025-12-17 09:00:00,4,LATAM,Standard,2,378.05,113.42,756.1,642.68,Apple Pay
3743,ORD_103743,1,173,CUST_0173,26,PROD_0026,Men's Jackets Pro-Series 2,Apparel & Fashion,20260503,2026-05-03,2026-05-03 03:00:00,3,APAC,Premium,2,387.88,0.0,775.76,775.76,PayPal
3744,ORD_103744,1,391,CUST_0391,15,PROD_0015,Coffee Makers Pro-Series 3,Home & Kitchen,20260809,2026-08-09,2026-08-09 01:00:00,3,APAC,Standard,5,397.04,0.0,1985.2,1985.2,Apple Pay
3745,ORD_103745,1,242,CUST_0242,38,PROD_0038,Hardcover Novels Pro-Series 2,Books & Media,20250509,2025-05-09,2025-05-09 09:00:00,4,LATAM,Premium,1,157.75,0.0,157.75,157.75,Credit Card
3746,ORD_103746,1,5,CUST_0005,39,PROD_0039,Hardcover Novels Pro-Series 3,Books & Media,20260805,2026-08-05,2026-08-05 09:00:00,1,North America,Standard,4,217.64,87.06,870.56,783.5,Debit Card
3747,ORD_103747,1,213,CUST_0213,9,PROD_0009,Audio Headphones Pro-Series 3,Consumer Electronics,20250822,2025-08-22,2025-08-22 15:00:00,3,APAC,VIP,2,512.06,153.62,1024.12,870.5,Debit Card
3748,ORD_103748,1,188,CUST_0188,17,PROD_0017,Air Fryers Pro-Series 2,Home & Kitchen,20250522,2025-05-22,2025-05-22 04:00:00,2,EMEA,Premium,1,438.78,21.94,438.78,416.84,Debit Card
3749,ORD_103749,1,305,CUST_0305,6,PROD_0006,Laptops Pro-Series 3,Consumer Electronics,20250825,2025-08-25,2025-08-25 01:00:00,3,APAC,Standard,1,304.52,0.0,304.52,304.52,Apple Pay
3750,ORD_103750,1,124,CUST_0124,7,PROD_0007,Audio Headphones Pro-Series 1,Consumer Electronics,20250601,2025-06-01,2025-06-01 14:00:00,1,North America,VIP,4,136.35,27.27,545.4,518.13,PayPal
3751,ORD_103751,1,467,CUST_0467,5,PROD_0005,Laptops Pro-Series 2,Consumer Electronics,20260210,2026-02-10,2026-02-10 09:00:00,3,APAC,Premium,4,144.32,57.73,577.28,519.55,Debit Card
3752,ORD_103752,1,450,CUST_0450,1,PROD_0001,Smartphones Pro-Series 1,Consumer Electronics,20260809,2026-08-09,2026-08-09 00:00:00,1,North America,Premium,5,247.49,123.75,1237.45,1113.7,PayPal
3753,ORD_103753,1,169,CUST_0169,40,PROD_0040,Tech Guides Pro-Series 1,Books & Media,20250817,2025-08-17,2025-08-17 06:00:00,3,APAC,Standard,4,507.6,203.04,2030.4,1827.36,PayPal
3754,ORD_103754,1,276,CUST_0276,41,PROD_0041,Tech Guides Pro-Series 2,Books & Media,20250611,2025-06-11,2025-06-11 18:00:00,2,EMEA,Premium,3,539.9,242.95,1619.7,1376.75,Debit Card
3755,ORD_103755,1,409,CUST_0409,6,PROD_0006,Laptops Pro-Series 3,Consumer Electronics,20260508,2026-05-08,2026-05-08 15:00:00,3,APAC,Standard,2,304.52,0.0,609.04,609.04,PayPal
3756,ORD_103756,1,394,CUST_0394,11,PROD_0011,Smartwatches Pro-Series 2,Consumer Electronics,20250620,2025-06-20,2025-06-20 13:00:00,3,APAC,Premium,4,627.26,125.45,2509.04,2383.59,Debit Card
3757,ORD_103757,1,22,CUST_0022,13,PROD_0013,Coffee Makers Pro-Series 1,Home & Kitchen,20251129,2025-11-29,2025-11-29 00:00:00,2,EMEA,Standard,5,177.25,0.0,886.25,886.25,Credit Card
3758,ORD_103758,1,154,CUST_0154,30,PROD_0030,Women's Sneakers Pro-Series 3,Apparel & Fashion,20250226,2025-02-26,2025-02-26 13:00:00,4,LATAM,Standard,1,378.05,37.8,378.05,340.25,Apple Pay
3759,ORD_103759,1,258,CUST_0258,32,PROD_0032,Sportswear Pro-Series 2,Apparel & Fashion,20250530,2025-05-30,2025-05-30 14:00:00,2,EMEA,Standard,3,106.55,31.96,319.65,287.69,Apple Pay
3760,ORD_103760,1,472,CUST_0472,19,PROD_0019,Blenders Pro-Series 1,Home & Kitchen,20250223,2025-02-23,2025-02-23 22:00:00,2,EMEA,Premium,2,523.93,0.0,1047.86,1047.86,Debit Card
3761,ORD_103761,1,74,CUST_0074,4,PROD_0004,Laptops Pro-Series 1,Consumer Electronics,20260520,2026-05-20,2026-05-20 19:00:00,4,LATAM,Premium,4,328.32,131.33,1313.28,1181.95,Apple Pay
3762,ORD_103762,1,319,CUST_0319,13,PROD_0013,Coffee Makers Pro-Series 1,Home & Kitchen,20260808,2026-08-08,2026-08-08 07:00:00,3,APAC,Standard,2,177.25,53.17,354.5,301.33,Credit Card
3763,ORD_103763,1,438,CUST_0438,14,PROD_0014,Coffee Makers Pro-Series 2,Home & Kitchen,20251011,2025-10-11,2025-10-11 10:00:00,2,EMEA,Standard,3,94.28,14.14,282.84,268.7,Debit Card
3764,ORD_103764,1,114,CUST_0114,22,PROD_0022,Robotic Vacuums Pro-Series 1,Home & Kitchen,20260726,2026-07-26,2026-07-26 22:00:00,4,LATAM,Premium,2,573.0,57.3,1146.0,1088.7,Credit Card
3765,ORD_103765,1,11,CUST_0011,31,PROD_0031,Sportswear Pro-Series 1,Apparel & Fashion,20250815,2025-08-15,2025-08-15 07:00:00,2,EMEA,Standard,3,610.97,183.29,1832.91,1649.62,PayPal
3766,ORD_103766,1,93,CUST_0093,15,PROD_0015,Coffee Makers Pro-Series 3,Home & Kitchen,20250802,2025-08-02,2025-08-02 01:00:00,4,LATAM,Standard,3,397.04,0.0,1191.12,1191.12,PayPal
3767,ORD_103767,1,389,CUST_0389,31,PROD_0031,Sportswear Pro-Series 1,Apparel & Fashion,20250606,2025-06-06,2025-06-06 09:00:00,3,APAC,Premium,1,610.97,61.1,610.97,549.87,PayPal
3768,ORD_103768,1,29,CUST_0029,16,PROD_0016,Air Fryers Pro-Series 1,Home & Kitchen,20260415,2026-04-15,2026-04-15 05:00:00,2,EMEA,Premium,3,403.75,0.0,1211.25,1211.25,Apple Pay
3769,ORD_103769,1,25,CUST_0025,9,PROD_0009,Audio Headphones Pro-Series 3,Consumer Electronics,20250316,2025-03-16,2025-03-16 12:00:00,2,EMEA,Standard,2,512.06,102.41,1024.12,921.71,Credit Card
3770,ORD_103770,1,363,CUST_0363,6,PROD_0006,Laptops Pro-Series 3,Consumer Electronics,20250130,2025-01-30,2025-01-30 15:00:00,3,APAC,Standard,3,304.52,91.36,913.56,822.2,Debit Card
3771,ORD_103771,1,490,CUST_0490,18,PROD_0018,Air Fryers Pro-Series 3,Home & Kitchen,20250225,2025-02-25,2025-02-25 18:00:00,1,North America,VIP,3,497.95,74.69,1493.85,1419.16,PayPal
3772,ORD_103772,1,202,CUST_0202,20,PROD_0020,Blenders Pro-Series 2,Home & Kitchen,20251103,2025-11-03,2025-11-03 10:00:00,1,North America,Standard,1,80.82,4.04,80.82,76.78,Apple Pay
3773,ORD_103773,1,68,CUST_0068,21,PROD_0021,Blenders Pro-Series 3,Home & Kitchen,20260117,2026-01-17,2026-01-17 02:00:00,2,EMEA,Standard,5,137.29,0.0,686.45,686.45,Debit Card
3774,ORD_103774,1,301,CUST_0301,6,PROD_0006,Laptops Pro-Series 3,Consumer Electronics,20260614,2026-06-14,2026-06-14 02:00:00,2,EMEA,Premium,3,304.52,0.0,913.56,913.56,Apple Pay
3775,ORD_103775,1,353,CUST_0353,20,PROD_0020,Blenders Pro-Series 2,Home & Kitchen,20250817,2025-08-17,2025-08-17 23:00:00,3,APAC,Standard,1,80.82,12.12,80.82,68.7,Credit Card
3776,ORD_103776,1,255,CUST_0255,21,PROD_0021,Blenders Pro-Series 3,Home & Kitchen,20251208,2025-12-08,2025-12-08 22:00:00,3,APAC,Standard,4,137.29,0.0,549.16,549.16,Debit Card
3777,ORD_103777,1,89,CUST_0089,33,PROD_0033,Sportswear Pro-Series 3,Apparel & Fashion,20260319,2026-03-19,2026-03-19 07:00:00,2,EMEA,Standard,3,230.01,103.5,690.03,586.53,PayPal
3778,ORD_103778,1,62,CUST_0062,27,PROD_0027,Men's Jackets Pro-Series 3,Apparel & Fashion,20250118,2025-01-18,2025-01-18 13:00:00,2,EMEA,Standard,1,452.99,45.3,452.99,407.69,Debit Card
3779,ORD_103779,1,68,CUST_0068,1,PROD_0001,Smartphones Pro-Series 1,Consumer Electronics,20250901,2025-09-01,2025-09-01 10:00:00,1,North America,Standard,4,247.49,148.49,989.96,841.47,Credit Card
3780,ORD_103780,1,149,CUST_0149,10,PROD_0010,Smartwatches Pro-Series 1,Consumer Electronics,20251117,2025-11-17,2025-11-17 01:00:00,1,North America,Premium,3,238.77,107.45,716.31,608.86,Apple Pay
3781,ORD_103781,1,229,CUST_0229,30,PROD_0030,Women's Sneakers Pro-Series 3,Apparel & Fashion,20260307,2026-03-07,2026-03-07 19:00:00,1,North America,Standard,3,378.05,56.71,1134.15,1077.44,PayPal
3782,ORD_103782,1,468,CUST_0468,33,PROD_0033,Sportswear Pro-Series 3,Apparel & Fashion,20260309,2026-03-09,2026-03-09 00:00:00,1,North America,Standard,5,230.01,0.0,1150.05,1150.05,Credit Card
3783,ORD_103783,1,470,CUST_0470,19,PROD_0019,Blenders Pro-Series 1,Home & Kitchen,20250215,2025-02-15,2025-02-15 02:00:00,4,LATAM,Standard,1,523.93,0.0,523.93,523.93,PayPal
3784,ORD_103784,1,426,CUST_0426,33,PROD_0033,Sportswear Pro-Series 3,Apparel & Fashion,20250602,2025-06-02,2025-06-02 15:00:00,1,North America,Standard,5,230.01,57.5,1150.05,1092.55,Credit Card
3785,ORD_103785,1,337,CUST_0337,8,PROD_0008,Audio Headphones Pro-Series 2,Consumer Electronics,20251015,2025-10-15,2025-10-15 12:00:00,4,LATAM,Premium,2,596.84,0.0,1193.68,1193.68,Debit Card
3786,ORD_103786,1,363,CUST_0363,35,PROD_0035,Watches Pro-Series 2,Apparel & Fashion,20260605,2026-06-05,2026-06-05 15:00:00,3,APAC,Standard,1,495.6,49.56,495.6,446.04,Debit Card
3787,ORD_103787,1,322,CUST_0322,3,PROD_0003,Smartphones Pro-Series 3,Consumer Electronics,20250216,2025-02-16,2025-02-16 11:00:00,4,LATAM,Premium,3,194.64,87.59,583.92,496.33,PayPal
3788,ORD_103788,1,91,CUST_0091,34,PROD_0034,Watches Pro-Series 1,Apparel & Fashion,20260125,2026-01-25,2026-01-25 15:00:00,1,North America,Standard,1,277.89,41.68,277.89,236.21,PayPal
3789,ORD_103789,1,422,CUST_0422,1,PROD_0001,Smartphones Pro-Series 1,Consumer Electronics,20260515,2026-05-15,2026-05-15 05:00:00,1,North America,Premium,3,247.49,111.37,742.47,631.1,PayPal
3790,ORD_103790,1,108,CUST_0108,23,PROD_0023,Robotic Vacuums Pro-Series 2,Home & Kitchen,20250717,2025-07-17,2025-07-17 14:00:00,4,LATAM,Standard,3,80.72,0.0,242.16,242.16,Debit Card
3791,ORD_103791,1,373,CUST_0373,2,PROD_0002,Smartphones Pro-Series 2,Consumer Electronics,20260613,2026-06-13,2026-06-13 07:00:00,2,EMEA,Standard,1,484.7,72.7,484.7,412.0,Debit Card
3792,ORD_103792,1,300,CUST_0300,41,PROD_0041,Tech Guides Pro-Series 2,Books & Media,20260617,2026-06-17,2026-06-17 19:00:00,3,APAC,Standard,1,539.9,53.99,539.9,485.91,Apple Pay
3793,ORD_103793,1,281,CUST_0281,14,PROD_0014,Coffee Makers Pro-Series 2,Home & Kitchen,20251018,2025-10-18,2025-10-18 19:00:00,4,LATAM,Standard,4,94.28,0.0,377.12,377.12,Apple Pay
3794,ORD_103794,1,135,CUST_0135,37,PROD_0037,Hardcover Novels Pro-Series 1,Books & Media,20260201,2026-02-01,2026-02-01 15:00:00,1,North America,Standard,4,271.24,162.74,1084.96,922.22,Debit Card
3795,ORD_103795,1,36,CUST_0036,36,PROD_0036,Watches Pro-Series 3,Apparel & Fashion,20260406,2026-04-06,2026-04-06 11:00:00,3,APAC,Standard,4,387.69,0.0,1550.76,1550.76,Credit Card
3796,ORD_103796,1,182,CUST_0182,28,PROD_0028,Women's Sneakers Pro-Series 1,Apparel & Fashion,20260312,2026-03-12,2026-03-12 09:00:00,1,North America,Standard,3,301.74,90.52,905.22,814.7,Debit Card
3797,ORD_103797,1,128,CUST_0128,6,PROD_0006,Laptops Pro-Series 3,Consumer Electronics,20250801,2025-08-01,2025-08-01 09:00:00,1,North America,Premium,4,304.52,60.9,1218.08,1157.18,PayPal
3798,ORD_103798,1,17,CUST_0017,9,PROD_0009,Audio Headphones Pro-Series 3,Consumer Electronics,20250117,2025-01-17,2025-01-17 23:00:00,3,APAC,Premium,5,512.06,256.03,2560.3,2304.27,Debit Card
3799,ORD_103799,1,123,CUST_0123,31,PROD_0031,Sportswear Pro-Series 1,Apparel & Fashion,20251206,2025-12-06,2025-12-06 06:00:00,4,LATAM,Standard,4,610.97,122.19,2443.88,2321.69,Credit Card
3800,ORD_103800,1,194,CUST_0194,32,PROD_0032,Sportswear Pro-Series 2,Apparel & Fashion,20250724,2025-07-24,2025-07-24 03:00:00,4,LATAM,Premium,1,106.55,5.33,106.55,101.22,Debit Card
3801,ORD_103801,1,145,CUST_0145,36,PROD_0036,Watches Pro-Series 3,Apparel & Fashion,20250421,2025-04-21,2025-04-21 11:00:00,4,LATAM,Premium,2,387.69,0.0,775.38,775.38,Credit Card
3802,ORD_103802,1,341,CUST_0341,4,PROD_0004,Laptops Pro-Series 1,Consumer Electronics,20250528,2025-05-28,2025-05-28 08:00:00,2,EMEA,Standard,3,328.32,98.5,984.96,886.46,Apple Pay
3803,ORD_103803,1,337,CUST_0337,4,PROD_0004,Laptops Pro-Series 1,Consumer Electronics,20251125,2025-11-25,2025-11-25 00:00:00,3,APAC,Premium,3,328.32,0.0,984.96,984.96,Credit Card
3804,ORD_103804,1,471,CUST_0471,36,PROD_0036,Watches Pro-Series 3,Apparel & Fashion,20260801,2026-08-01,2026-08-01 18:00:00,2,EMEA,Standard,5,387.69,290.77,1938.45,1647.68,Debit Card
3805,ORD_103805,1,267,CUST_0267,33,PROD_0033,Sportswear Pro-Series 3,Apparel & Fashion,20260415,2026-04-15,2026-04-15 07:00:00,4,LATAM,Standard,2,230.01,46.0,460.02,414.02,Debit Card
3806,ORD_103806,1,110,CUST_0110,1,PROD_0001,Smartphones Pro-Series 1,Consumer Electronics,20250410,2025-04-10,2025-04-10 12:00:00,2,EMEA,Standard,3,247.49,37.12,742.47,705.35,PayPal
3807,ORD_103807,1,16,CUST_0016,38,PROD_0038,Hardcover Novels Pro-Series 2,Books & Media,20250302,2025-03-02,2025-03-02 00:00:00,1,North America,Standard,3,157.75,23.66,473.25,449.59,Apple Pay
3808,ORD_103808,1,158,CUST_0158,40,PROD_0040,Tech Guides Pro-Series 1,Books & Media,20250611,2025-06-11,2025-06-11 19:00:00,2,EMEA,Premium,1,507.6,76.14,507.6,431.46,Apple Pay
3809,ORD_103809,1,291,CUST_0291,37,PROD_0037,Hardcover Novels Pro-Series 1,Books & Media,20250419,2025-04-19,2025-04-19 14:00:00,4,LATAM,Premium,3,271.24,81.37,813.72,732.35,Debit Card
3810,ORD_103810,1,263,CUST_0263,40,PROD_0040,Tech Guides Pro-Series 1,Books & Media,20260201,2026-02-01,2026-02-01 04:00:00,4,LATAM,Standard,2,507.6,101.52,1015.2,913.68,Credit Card
3811,ORD_103811,1,409,CUST_0409,25,PROD_0025,Men's Jackets Pro-Series 1,Apparel & Fashion,20260619,2026-06-19,2026-06-19 19:00:00,2,EMEA,Standard,2,381.42,76.28,762.84,686.56,PayPal
3812,ORD_103812,1,324,CUST_0324,26,PROD_0026,Men's Jackets Pro-Series 2,Apparel & Fashion,20260409,2026-04-09,2026-04-09 10:00:00,1,North America,VIP,1,387.88,19.39,387.88,368.49,PayPal
3813,ORD_103813,1,67,CUST_0067,15,PROD_0015,Coffee Makers Pro-Series 3,Home & Kitchen,20250913,2025-09-13,2025-09-13 01:00:00,3,APAC,Premium,1,397.04,39.7,397.04,357.34,Debit Card
3814,ORD_103814,1,437,CUST_0437,7,PROD_0007,Audio Headphones Pro-Series 1,Consumer Electronics,20260425,2026-04-25,2026-04-25 14:00:00,2,EMEA,Premium,3,136.35,0.0,409.05,409.05,Apple Pay
3815,ORD_103815,1,378,CUST_0378,3,PROD_0003,Smartphones Pro-Series 3,Consumer Electronics,20260616,2026-06-16,2026-06-16 18:00:00,3,APAC,Standard,1,194.64,9.73,194.64,184.91,Credit Card
3816,ORD_103816,1,212,CUST_0212,26,PROD_0026,Men's Jackets Pro-Series 2,Apparel & Fashion,20251211,2025-12-11,2025-12-11 02:00:00,4,LATAM,Premium,1,387.88,0.0,387.88,387.88,PayPal
3817,ORD_103817,1,66,CUST_0066,32,PROD_0032,Sportswear Pro-Series 2,Apparel & Fashion,20250811,2025-08-11,2025-08-11 18:00:00,3,APAC,Standard,3,106.55,47.95,319.65,271.7,Credit Card
3818,ORD_103818,1,196,CUST_0196,13,PROD_0013,Coffee Makers Pro-Series 1,Home & Kitchen,20260821,2026-08-21,2026-08-21 17:00:00,4,LATAM,Standard,1,177.25,17.73,177.25,159.52,PayPal
3819,ORD_103819,1,314,CUST_0314,21,PROD_0021,Blenders Pro-Series 3,Home & Kitchen,20260501,2026-05-01,2026-05-01 12:00:00,3,APAC,VIP,3,137.29,41.19,411.87,370.68,PayPal
3820,ORD_103820,1,82,CUST_0082,17,PROD_0017,Air Fryers Pro-Series 2,Home & Kitchen,20250116,2025-01-16,2025-01-16 04:00:00,2,EMEA,Standard,3,438.78,197.45,1316.34,1118.89,PayPal
3821,ORD_103821,1,445,CUST_0445,30,PROD_0030,Women's Sneakers Pro-Series 3,Apparel & Fashion,20250314,2025-03-14,2025-03-14 07:00:00,2,EMEA,Standard,4,378.05,0.0,1512.2,1512.2,Apple Pay
3822,ORD_103822,1,116,CUST_0116,5,PROD_0005,Laptops Pro-Series 2,Consumer Electronics,20260111,2026-01-11,2026-01-11 01:00:00,1,North America,Standard,5,144.32,0.0,721.6,721.6,PayPal
3823,ORD_103823,1,195,CUST_0195,41,PROD_0041,Tech Guides Pro-Series 2,Books & Media,20260125,2026-01-25,2026-01-25 21:00:00,1,North America,Premium,3,539.9,0.0,1619.7,1619.7,PayPal
3824,ORD_103824,1,4,CUST_0004,25,PROD_0025,Men's Jackets Pro-Series 1,Apparel & Fashion,20260811,2026-08-11,2026-08-11 13:00:00,1,North America,Premium,1,381.42,38.14,381.42,343.28,Debit Card
3825,ORD_103825,1,291,CUST_0291,8,PROD_0008,Audio Headphones Pro-Series 2,Consumer Electronics,20250405,2025-04-05,2025-04-05 16:00:00,1,North America,Premium,5,596.84,149.21,2984.2,2834.99,Apple Pay
3826,ORD_103826,1,347,CUST_0347,39,PROD_0039,Hardcover Novels Pro-Series 3,Books & Media,20260123,2026-01-23,2026-01-23 21:00:00,2,EMEA,Standard,3,217.64,97.94,652.92,554.98,Debit Card
3827,ORD_103827,1,343,CUST_0343,14,PROD_0014,Coffee Makers Pro-Series 2,Home & Kitchen,20260728,2026-07-28,2026-07-28 17:00:00,3,APAC,Standard,1,94.28,0.0,94.28,94.28,PayPal
3828,ORD_103828,1,144,CUST_0144,6,PROD_0006,Laptops Pro-Series 3,Consumer Electronics,20250926,2025-09-26,2025-09-26 02:00:00,2,EMEA,Premium,1,304.52,0.0,304.52,304.52,Credit Card
3829,ORD_103829,1,54,CUST_0054,20,PROD_0020,Blenders Pro-Series 2,Home & Kitchen,20260730,2026-07-30,2026-07-30 20:00:00,1,North America,Standard,3,80.82,0.0,242.46,242.46,PayPal
3830,ORD_103830,1,326,CUST_0326,8,PROD_0008,Audio Headphones Pro-Series 2,Consumer Electronics,20250610,2025-06-10,2025-06-10 10:00:00,4,LATAM,Premium,5,596.84,0.0,2984.2,2984.2,Apple Pay
3831,ORD_103831,1,20,CUST_0020,33,PROD_0033,Sportswear Pro-Series 3,Apparel & Fashion,20251116,2025-11-16,2025-11-16 14:00:00,3,APAC,Standard,4,230.01,0.0,920.04,920.04,Apple Pay
3832,ORD_103832,1,233,CUST_0233,7,PROD_0007,Audio Headphones Pro-Series 1,Consumer Electronics,20250218,2025-02-18,2025-02-18 12:00:00,3,APAC,Standard,5,136.35,102.26,681.75,579.49,PayPal
3833,ORD_103833,1,102,CUST_0102,7,PROD_0007,Audio Headphones Pro-Series 1,Consumer Electronics,20250312,2025-03-12,2025-03-12 00:00:00,3,APAC,Premium,3,136.35,61.36,409.05,347.69,Apple Pay
3834,ORD_103834,1,65,CUST_0065,10,PROD_0010,Smartwatches Pro-Series 1,Consumer Electronics,20251119,2025-11-19,2025-11-19 15:00:00,4,LATAM,Standard,3,238.77,107.45,716.31,608.86,Apple Pay
3835,ORD_103835,1,372,CUST_0372,18,PROD_0018,Air Fryers Pro-Series 3,Home & Kitchen,20250225,2025-02-25,2025-02-25 14:00:00,1,North America,Premium,2,497.95,49.8,995.9,946.1,Debit Card
3836,ORD_103836,1,317,CUST_0317,41,PROD_0041,Tech Guides Pro-Series 2,Books & Media,20250929,2025-09-29,2025-09-29 08:00:00,4,LATAM,Standard,1,539.9,27.0,539.9,512.9,PayPal
3837,ORD_103837,1,118,CUST_0118,26,PROD_0026,Men's Jackets Pro-Series 2,Apparel & Fashion,20250420,2025-04-20,2025-04-20 22:00:00,3,APAC,Standard,1,387.88,19.39,387.88,368.49,Debit Card
3838,ORD_103838,1,3,CUST_0003,25,PROD_0025,Men's Jackets Pro-Series 1,Apparel & Fashion,20251104,2025-11-04,2025-11-04 02:00:00,1,North America,Standard,2,381.42,38.14,762.84,724.7,Debit Card
3839,ORD_103839,1,120,CUST_0120,5,PROD_0005,Laptops Pro-Series 2,Consumer Electronics,20260407,2026-04-07,2026-04-07 11:00:00,1,North America,VIP,3,144.32,64.94,432.96,368.02,Debit Card
3840,ORD_103840,1,351,CUST_0351,3,PROD_0003,Smartphones Pro-Series 3,Consumer Electronics,20250905,2025-09-05,2025-09-05 02:00:00,1,North America,Standard,1,194.64,29.2,194.64,165.44,Apple Pay
3841,ORD_103841,1,403,CUST_0403,7,PROD_0007,Audio Headphones Pro-Series 1,Consumer Electronics,20251030,2025-10-30,2025-10-30 13:00:00,2,EMEA,Standard,3,136.35,20.45,409.05,388.6,Debit Card
3842,ORD_103842,1,477,CUST_0477,19,PROD_0019,Blenders Pro-Series 1,Home & Kitchen,20250208,2025-02-08,2025-02-08 12:00:00,1,North America,VIP,1,523.93,52.39,523.93,471.54,Debit Card
3843,ORD_103843,1,205,CUST_0205,30,PROD_0030,Women's Sneakers Pro-Series 3,Apparel & Fashion,20251025,2025-10-25,2025-10-25 16:00:00,3,APAC,Standard,5,378.05,283.54,1890.25,1606.71,Apple Pay
3844,ORD_103844,1,265,CUST_0265,5,PROD_0005,Laptops Pro-Series 2,Consumer Electronics,20260605,2026-06-05,2026-06-05 08:00:00,4,LATAM,Standard,1,144.32,7.22,144.32,137.1,Debit Card
3845,ORD_103845,1,28,CUST_0028,30,PROD_0030,Women's Sneakers Pro-Series 3,Apparel & Fashion,20250420,2025-04-20,2025-04-20 00:00:00,4,LATAM,Premium,1,378.05,0.0,378.05,378.05,Debit Card
3846,ORD_103846,1,335,CUST_0335,31,PROD_0031,Sportswear Pro-Series 1,Apparel & Fashion,20260513,2026-05-13,2026-05-13 07:00:00,3,APAC,Standard,5,610.97,305.49,3054.85,2749.36,PayPal
3847,ORD_103847,1,228,CUST_0228,34,PROD_0034,Watches Pro-Series 1,Apparel & Fashion,20250726,2025-07-26,2025-07-26 01:00:00,1,North America,Premium,1,277.89,0.0,277.89,277.89,Debit Card
3848,ORD_103848,1,361,CUST_0361,28,PROD_0028,Women's Sneakers Pro-Series 1,Apparel & Fashion,20250420,2025-04-20,2025-04-20 18:00:00,1,North America,Standard,1,301.74,30.17,301.74,271.57,Credit Card
3849,ORD_103849,1,138,CUST_0138,19,PROD_0019,Blenders Pro-Series 1,Home & Kitchen,20250624,2025-06-24,2025-06-24 02:00:00,3,APAC,Premium,1,523.93,52.39,523.93,471.54,Apple Pay
3850,ORD_103850,1,144,CUST_0144,15,PROD_0015,Coffee Makers Pro-Series 3,Home & Kitchen,20260310,2026-03-10,2026-03-10 14:00:00,2,EMEA,Premium,2,397.04,79.41,794.08,714.67,Debit Card
3851,ORD_103851,1,482,CUST_0482,11,PROD_0011,Smartwatches Pro-Series 2,Consumer Electronics,20251217,2025-12-17,2025-12-17 11:00:00,2,EMEA,Standard,5,627.26,0.0,3136.3,3136.3,Debit Card
3852,ORD_103852,1,373,CUST_0373,15,PROD_0015,Coffee Makers Pro-Series 3,Home & Kitchen,20250128,2025-01-28,2025-01-28 06:00:00,3,APAC,Standard,2,397.04,0.0,794.08,794.08,Credit Card
3853,ORD_103853,1,356,CUST_0356,38,PROD_0038,Hardcover Novels Pro-Series 2,Books & Media,20251115,2025-11-15,2025-11-15 19:00:00,2,EMEA,Premium,4,157.75,94.65,631.0,536.35,Apple Pay
3854,ORD_103854,1,198,CUST_0198,8,PROD_0008,Audio Headphones Pro-Series 2,Consumer Electronics,20250808,2025-08-08,2025-08-08 23:00:00,4,LATAM,VIP,4,596.84,119.37,2387.36,2267.99,Credit Card
3855,ORD_103855,1,493,CUST_0493,37,PROD_0037,Hardcover Novels Pro-Series 1,Books & Media,20260411,2026-04-11,2026-04-11 06:00:00,3,APAC,Premium,4,271.24,54.25,1084.96,1030.71,Apple Pay
3856,ORD_103856,1,368,CUST_0368,10,PROD_0010,Smartwatches Pro-Series 1,Consumer Electronics,20260603,2026-06-03,2026-06-03 15:00:00,2,EMEA,Premium,5,238.77,119.39,1193.85,1074.46,Debit Card
3857,ORD_103857,1,125,CUST_0125,40,PROD_0040,Tech Guides Pro-Series 1,Books & Media,20251204,2025-12-04,2025-12-04 21:00:00,2,EMEA,Standard,4,507.6,304.56,2030.4,1725.84,Debit Card
3858,ORD_103858,1,360,CUST_0360,6,PROD_0006,Laptops Pro-Series 3,Consumer Electronics,20250405,2025-04-05,2025-04-05 08:00:00,2,EMEA,Premium,3,304.52,45.68,913.56,867.88,Credit Card
3859,ORD_103859,1,200,CUST_0200,29,PROD_0029,Women's Sneakers Pro-Series 2,Apparel & Fashion,20260509,2026-05-09,2026-05-09 19:00:00,1,North America,Standard,4,420.39,0.0,1681.56,1681.56,Apple Pay
3860,ORD_103860,1,329,CUST_0329,7,PROD_0007,Audio Headphones Pro-Series 1,Consumer Electronics,20260108,2026-01-08,2026-01-08 17:00:00,4,LATAM,Standard,2,136.35,27.27,272.7,245.43,Debit Card
3861,ORD_103861,1,451,CUST_0451,8,PROD_0008,Audio Headphones Pro-Series 2,Consumer Electronics,20250509,2025-05-09,2025-05-09 03:00:00,4,LATAM,VIP,2,596.84,119.37,1193.68,1074.31,Credit Card
3862,ORD_103862,1,416,CUST_0416,38,PROD_0038,Hardcover Novels Pro-Series 2,Books & Media,20260207,2026-02-07,2026-02-07 22:00:00,2,EMEA,VIP,3,157.75,47.33,473.25,425.92,Debit Card
3863,ORD_103863,1,107,CUST_0107,38,PROD_0038,Hardcover Novels Pro-Series 2,Books & Media,20251106,2025-11-06,2025-11-06 12:00:00,4,LATAM,Premium,1,157.75,0.0,157.75,157.75,Apple Pay
3864,ORD_103864,1,249,CUST_0249,1,PROD_0001,Smartphones Pro-Series 1,Consumer Electronics,20251202,2025-12-02,2025-12-02 11:00:00,2,EMEA,Standard,5,247.49,61.87,1237.45,1175.58,Apple Pay
3865,ORD_103865,1,357,CUST_0357,7,PROD_0007,Audio Headphones Pro-Series 1,Consumer Electronics,20250516,2025-05-16,2025-05-16 15:00:00,4,LATAM,Premium,4,136.35,27.27,545.4,518.13,Apple Pay
3866,ORD_103866,1,310,CUST_0310,42,PROD_0042,Tech Guides Pro-Series 3,Books & Media,20251126,2025-11-26,2025-11-26 04:00:00,1,North America,Standard,3,201.79,0.0,605.37,605.37,PayPal
3867,ORD_103867,1,4,CUST_0004,4,PROD_0004,Laptops Pro-Series 1,Consumer Electronics,20260203,2026-02-03,2026-02-03 01:00:00,1,North America,Premium,1,328.32,0.0,328.32,328.32,Credit Card
3868,ORD_103868,1,38,CUST_0038,27,PROD_0027,Men's Jackets Pro-Series 3,Apparel & Fashion,20251201,2025-12-01,2025-12-01 13:00:00,1,North America,Standard,5,452.99,339.74,2264.95,1925.21,PayPal
3869,ORD_103869,1,404,CUST_0404,17,PROD_0017,Air Fryers Pro-Series 2,Home & Kitchen,20260730,2026-07-30,2026-07-30 08:00:00,1,North America,Premium,2,438.78,0.0,877.56,877.56,PayPal
3870,ORD_103870,1,345,CUST_0345,36,PROD_0036,Watches Pro-Series 3,Apparel & Fashion,20250102,2025-01-02,2025-01-02 01:00:00,2,EMEA,Standard,2,387.69,77.54,775.38,697.84,Debit Card
3871,ORD_103871,1,27,CUST_0027,44,PROD_0044,Audiobooks Pro-Series 2,Books & Media,20260810,2026-08-10,2026-08-10 19:00:00,4,LATAM,Standard,4,86.85,17.37,347.4,330.03,PayPal
3872,ORD_103872,1,32,CUST_0032,17,PROD_0017,Air Fryers Pro-Series 2,Home & Kitchen,20250812,2025-08-12,2025-08-12 02:00:00,3,APAC,Standard,5,438.78,0.0,2193.9,2193.9,Debit Card
3873,ORD_103873,1,126,CUST_0126,41,PROD_0041,Tech Guides Pro-Series 2,Books & Media,20260423,2026-04-23,2026-04-23 20:00:00,4,LATAM,Standard,3,539.9,161.97,1619.7,1457.73,Debit Card
3874,ORD_103874,1,71,CUST_0071,9,PROD_0009,Audio Headphones Pro-Series 3,Consumer Electronics,20250313,2025-03-13,2025-03-13 19:00:00,1,North America,Standard,5,512.06,128.01,2560.3,2432.29,PayPal
3875,ORD_103875,1,110,CUST_0110,6,PROD_0006,Laptops Pro-Series 3,Consumer Electronics,20250122,2025-01-22,2025-01-22 13:00:00,4,LATAM,Standard,3,304.52,0.0,913.56,913.56,Debit Card
3876,ORD_103876,1,327,CUST_0327,41,PROD_0041,Tech Guides Pro-Series 2,Books & Media,20260129,2026-01-29,2026-01-29 02:00:00,2,EMEA,Premium,1,539.9,27.0,539.9,512.9,PayPal
3877,ORD_103877,1,392,CUST_0392,8,PROD_0008,Audio Headphones Pro-Series 2,Consumer Electronics,20260228,2026-02-28,2026-02-28 08:00:00,4,LATAM,Premium,5,596.84,149.21,2984.2,2834.99,Debit Card
3878,ORD_103878,1,163,CUST_0163,41,PROD_0041,Tech Guides Pro-Series 2,Books & Media,20260603,2026-06-03,2026-06-03 06:00:00,1,North America,Standard,4,539.9,323.94,2159.6,1835.66,Debit Card
3879,ORD_103879,1,429,CUST_0429,16,PROD_0016,Air Fryers Pro-Series 1,Home & Kitchen,20251008,2025-10-08,2025-10-08 00:00:00,2,EMEA,Standard,2,403.75,0.0,807.5,807.5,PayPal
3880,ORD_103880,1,72,CUST_0072,35,PROD_0035,Watches Pro-Series 2,Apparel & Fashion,20250703,2025-07-03,2025-07-03 10:00:00,2,EMEA,Premium,4,495.6,297.36,1982.4,1685.04,Credit Card
3881,ORD_103881,1,455,CUST_0455,39,PROD_0039,Hardcover Novels Pro-Series 3,Books & Media,20250629,2025-06-29,2025-06-29 12:00:00,2,EMEA,Standard,4,217.64,87.06,870.56,783.5,Apple Pay
3882,ORD_103882,1,161,CUST_0161,12,PROD_0012,Smartwatches Pro-Series 3,Consumer Electronics,20250619,2025-06-19,2025-06-19 05:00:00,4,LATAM,Standard,3,414.15,124.24,1242.45,1118.21,Apple Pay
3883,ORD_103883,1,390,CUST_0390,16,PROD_0016,Air Fryers Pro-Series 1,Home & Kitchen,20260617,2026-06-17,2026-06-17 08:00:00,4,LATAM,Premium,5,403.75,302.81,2018.75,1715.94,Credit Card
3884,ORD_103884,1,159,CUST_0159,15,PROD_0015,Coffee Makers Pro-Series 3,Home & Kitchen,20250429,2025-04-29,2025-04-29 02:00:00,2,EMEA,Standard,1,397.04,59.56,397.04,337.48,Apple Pay
3885,ORD_103885,1,363,CUST_0363,34,PROD_0034,Watches Pro-Series 1,Apparel & Fashion,20250125,2025-01-25,2025-01-25 19:00:00,1,North America,Standard,3,277.89,125.05,833.67,708.62,Debit Card
3886,ORD_103886,1,163,CUST_0163,45,PROD_0045,Audiobooks Pro-Series 3,Books & Media,20250329,2025-03-29,2025-03-29 10:00:00,3,APAC,Standard,5,512.51,0.0,2562.55,2562.55,Debit Card
3887,ORD_103887,1,272,CUST_0272,31,PROD_0031,Sportswear Pro-Series 1,Apparel & Fashion,20250620,2025-06-20,2025-06-20 15:00:00,1,North America,Standard,2,610.97,122.19,1221.94,1099.75,Credit Card
3888,ORD_103888,1,366,CUST_0366,18,PROD_0018,Air Fryers Pro-Series 3,Home & Kitchen,20250605,2025-06-05,2025-06-05 00:00:00,4,LATAM,Premium,2,497.95,149.38,995.9,846.52,PayPal
3889,ORD_103889,1,92,CUST_0092,26,PROD_0026,Men's Jackets Pro-Series 2,Apparel & Fashion,20250430,2025-04-30,2025-04-30 13:00:00,4,LATAM,VIP,1,387.88,19.39,387.88,368.49,PayPal
3890,ORD_103890,1,261,CUST_0261,20,PROD_0020,Blenders Pro-Series 2,Home & Kitchen,20250714,2025-07-14,2025-07-14 10:00:00,1,North America,VIP,5,80.82,0.0,404.1,404.1,PayPal
3891,ORD_103891,1,337,CUST_0337,40,PROD_0040,Tech Guides Pro-Series 1,Books & Media,20251124,2025-11-24,2025-11-24 11:00:00,4,LATAM,Premium,4,507.6,101.52,2030.4,1928.88,Debit Card
3892,ORD_103892,1,309,CUST_0309,23,PROD_0023,Robotic Vacuums Pro-Series 2,Home & Kitchen,20260808,2026-08-08,2026-08-08 06:00:00,4,LATAM,Standard,5,80.72,40.36,403.6,363.24,Apple Pay
3893,ORD_103893,1,493,CUST_0493,42,PROD_0042,Tech Guides Pro-Series 3,Books & Media,20250311,2025-03-11,2025-03-11 18:00:00,2,EMEA,Premium,3,201.79,90.81,605.37,514.56,Apple Pay
3894,ORD_103894,1,33,CUST_0033,31,PROD_0031,Sportswear Pro-Series 1,Apparel & Fashion,20250329,2025-03-29,2025-03-29 02:00:00,2,EMEA,Premium,4,610.97,366.58,2443.88,2077.3,Credit Card
3895,ORD_103895,1,271,CUST_0271,28,PROD_0028,Women's Sneakers Pro-Series 1,Apparel & Fashion,20250812,2025-08-12,2025-08-12 22:00:00,2,EMEA,Standard,3,301.74,135.78,905.22,769.44,Debit Card
3896,ORD_103896,1,53,CUST_0053,11,PROD_0011,Smartwatches Pro-Series 2,Consumer Electronics,20260318,2026-03-18,2026-03-18 03:00:00,3,APAC,Standard,5,627.26,313.63,3136.3,2822.67,PayPal
3897,ORD_103897,1,16,CUST_0016,1,PROD_0001,Smartphones Pro-Series 1,Consumer Electronics,20250730,2025-07-30,2025-07-30 06:00:00,1,North America,Standard,3,247.49,111.37,742.47,631.1,PayPal
3898,ORD_103898,1,486,CUST_0486,33,PROD_0033,Sportswear Pro-Series 3,Apparel & Fashion,20250202,2025-02-02,2025-02-02 23:00:00,2,EMEA,Premium,5,230.01,57.5,1150.05,1092.55,Apple Pay
3899,ORD_103899,1,262,CUST_0262,30,PROD_0030,Women's Sneakers Pro-Series 3,Apparel & Fashion,20260727,2026-07-27,2026-07-27 04:00:00,2,EMEA,Standard,2,378.05,0.0,756.1,756.1,Credit Card
3900,ORD_103900,1,367,CUST_0367,34,PROD_0034,Watches Pro-Series 1,Apparel & Fashion,20260429,2026-04-29,2026-04-29 21:00:00,2,EMEA,Standard,1,277.89,13.89,277.89,264.0,Debit Card
3901,ORD_103901,1,219,CUST_0219,23,PROD_0023,Robotic Vacuums Pro-Series 2,Home & Kitchen,20250824,2025-08-24,2025-08-24 22:00:00,3,APAC,Standard,5,80.72,40.36,403.6,363.24,PayPal
3902,ORD_103902,1,242,CUST_0242,9,PROD_0009,Audio Headphones Pro-Series 3,Consumer Electronics,20250708,2025-07-08,2025-07-08 00:00:00,1,North America,Premium,1,512.06,76.81,512.06,435.25,Credit Card
3903,ORD_103903,1,71,CUST_0071,35,PROD_0035,Watches Pro-Series 2,Apparel & Fashion,20260718,2026-07-18,2026-07-18 09:00:00,4,LATAM,Standard,3,495.6,0.0,1486.8,1486.8,Debit Card
3904,ORD_103904,1,314,CUST_0314,45,PROD_0045,Audiobooks Pro-Series 3,Books & Media,20250614,2025-06-14,2025-06-14 15:00:00,4,LATAM,VIP,2,512.51,153.75,1025.02,871.27,Apple Pay
3905,ORD_103905,1,320,CUST_0320,21,PROD_0021,Blenders Pro-Series 3,Home & Kitchen,20250309,2025-03-09,2025-03-09 05:00:00,3,APAC,Premium,3,137.29,0.0,411.87,411.87,Credit Card
3906,ORD_103906,1,454,CUST_0454,6,PROD_0006,Laptops Pro-Series 3,Consumer Electronics,20250119,2025-01-19,2025-01-19 11:00:00,1,North America,Standard,5,304.52,0.0,1522.6,1522.6,Apple Pay
3907,ORD_103907,1,364,CUST_0364,9,PROD_0009,Audio Headphones Pro-Series 3,Consumer Electronics,20260705,2026-07-05,2026-07-05 08:00:00,2,EMEA,VIP,4,512.06,102.41,2048.24,1945.83,PayPal
3908,ORD_103908,1,108,CUST_0108,27,PROD_0027,Men's Jackets Pro-Series 3,Apparel & Fashion,20250218,2025-02-18,2025-02-18 00:00:00,1,North America,Standard,4,452.99,90.6,1811.96,1721.36,PayPal
3909,ORD_103909,1,20,CUST_0020,10,PROD_0010,Smartwatches Pro-Series 1,Consumer Electronics,20250904,2025-09-04,2025-09-04 10:00:00,2,EMEA,Standard,1,238.77,11.94,238.77,226.83,Apple Pay
3910,ORD_103910,1,141,CUST_0141,13,PROD_0013,Coffee Makers Pro-Series 1,Home & Kitchen,20250526,2025-05-26,2025-05-26 20:00:00,4,LATAM,Standard,3,177.25,26.59,531.75,505.16,Credit Card
3911,ORD_103911,1,73,CUST_0073,36,PROD_0036,Watches Pro-Series 3,Apparel & Fashion,20260322,2026-03-22,2026-03-22 18:00:00,1,North America,Premium,5,387.69,0.0,1938.45,1938.45,Debit Card
3912,ORD_103912,1,64,CUST_0064,28,PROD_0028,Women's Sneakers Pro-Series 1,Apparel & Fashion,20260210,2026-02-10,2026-02-10 07:00:00,4,LATAM,VIP,5,301.74,226.31,1508.7,1282.39,Debit Card
3913,ORD_103913,1,128,CUST_0128,14,PROD_0014,Coffee Makers Pro-Series 2,Home & Kitchen,20251109,2025-11-09,2025-11-09 00:00:00,1,North America,Premium,3,94.28,28.28,282.84,254.56,Apple Pay
3914,ORD_103914,1,483,CUST_0483,2,PROD_0002,Smartphones Pro-Series 2,Consumer Electronics,20250916,2025-09-16,2025-09-16 02:00:00,4,LATAM,Premium,1,484.7,72.7,484.7,412.0,Debit Card
3915,ORD_103915,1,238,CUST_0238,1,PROD_0001,Smartphones Pro-Series 1,Consumer Electronics,20250928,2025-09-28,2025-09-28 18:00:00,1,North America,Standard,5,247.49,123.75,1237.45,1113.7,Apple Pay
3916,ORD_103916,1,15,CUST_0015,7,PROD_0007,Audio Headphones Pro-Series 1,Consumer Electronics,20251206,2025-12-06,2025-12-06 17:00:00,3,APAC,Premium,1,136.35,20.45,136.35,115.9,Debit Card
3917,ORD_103917,1,298,CUST_0298,27,PROD_0027,Men's Jackets Pro-Series 3,Apparel & Fashion,20251103,2025-11-03,2025-11-03 04:00:00,2,EMEA,Standard,5,452.99,0.0,2264.95,2264.95,PayPal
3918,ORD_103918,1,61,CUST_0061,23,PROD_0023,Robotic Vacuums Pro-Series 2,Home & Kitchen,20251030,2025-10-30,2025-10-30 03:00:00,1,North America,VIP,3,80.72,0.0,242.16,242.16,Debit Card
3919,ORD_103919,1,213,CUST_0213,7,PROD_0007,Audio Headphones Pro-Series 1,Consumer Electronics,20260810,2026-08-10,2026-08-10 22:00:00,2,EMEA,VIP,1,136.35,13.63,136.35,122.72,PayPal
3920,ORD_103920,1,82,CUST_0082,45,PROD_0045,Audiobooks Pro-Series 3,Books & Media,20251206,2025-12-06,2025-12-06 11:00:00,2,EMEA,Standard,2,512.51,51.25,1025.02,973.77,Credit Card
3921,ORD_103921,1,429,CUST_0429,36,PROD_0036,Watches Pro-Series 3,Apparel & Fashion,20251129,2025-11-29,2025-11-29 16:00:00,2,EMEA,Standard,4,387.69,232.61,1550.76,1318.15,Apple Pay
3922,ORD_103922,1,472,CUST_0472,18,PROD_0018,Air Fryers Pro-Series 3,Home & Kitchen,20250829,2025-08-29,2025-08-29 11:00:00,1,North America,Premium,3,497.95,224.08,1493.85,1269.77,Debit Card
3923,ORD_103923,1,383,CUST_0383,44,PROD_0044,Audiobooks Pro-Series 2,Books & Media,20250628,2025-06-28,2025-06-28 10:00:00,2,EMEA,Standard,5,86.85,43.43,434.25,390.82,Credit Card
3924,ORD_103924,1,60,CUST_0060,22,PROD_0022,Robotic Vacuums Pro-Series 1,Home & Kitchen,20250420,2025-04-20,2025-04-20 02:00:00,2,EMEA,Standard,3,573.0,171.9,1719.0,1547.1,Debit Card
3925,ORD_103925,1,229,CUST_0229,35,PROD_0035,Watches Pro-Series 2,Apparel & Fashion,20250705,2025-07-05,2025-07-05 14:00:00,2,EMEA,Standard,4,495.6,0.0,1982.4,1982.4,PayPal
3926,ORD_103926,1,142,CUST_0142,35,PROD_0035,Watches Pro-Series 2,Apparel & Fashion,20250326,2025-03-26,2025-03-26 14:00:00,1,North America,Standard,2,495.6,0.0,991.2,991.2,Apple Pay
3927,ORD_103927,1,457,CUST_0457,33,PROD_0033,Sportswear Pro-Series 3,Apparel & Fashion,20260103,2026-01-03,2026-01-03 17:00:00,1,North America,Premium,5,230.01,172.51,1150.05,977.54,Credit Card
3928,ORD_103928,1,35,CUST_0035,20,PROD_0020,Blenders Pro-Series 2,Home & Kitchen,20260711,2026-07-11,2026-07-11 13:00:00,2,EMEA,Standard,2,80.82,8.08,161.64,153.56,Apple Pay
3929,ORD_103929,1,394,CUST_0394,19,PROD_0019,Blenders Pro-Series 1,Home & Kitchen,20251203,2025-12-03,2025-12-03 22:00:00,3,APAC,Premium,5,523.93,130.98,2619.65,2488.67,Credit Card
3930,ORD_103930,1,407,CUST_0407,23,PROD_0023,Robotic Vacuums Pro-Series 2,Home & Kitchen,20251130,2025-11-30,2025-11-30 23:00:00,4,LATAM,Premium,4,80.72,32.29,322.88,290.59,Debit Card
3931,ORD_103931,1,311,CUST_0311,6,PROD_0006,Laptops Pro-Series 3,Consumer Electronics,20260523,2026-05-23,2026-05-23 19:00:00,1,North America,Standard,2,304.52,91.36,609.04,517.68,PayPal
3932,ORD_103932,1,157,CUST_0157,22,PROD_0022,Robotic Vacuums Pro-Series 1,Home & Kitchen,20250119,2025-01-19,2025-01-19 22:00:00,4,LATAM,Premium,4,573.0,114.6,2292.0,2177.4,Debit Card
3933,ORD_103933,1,393,CUST_0393,44,PROD_0044,Audiobooks Pro-Series 2,Books & Media,20250914,2025-09-14,2025-09-14 10:00:00,1,North America,VIP,1,86.85,13.03,86.85,73.82,Credit Card
3934,ORD_103934,1,457,CUST_0457,23,PROD_0023,Robotic Vacuums Pro-Series 2,Home & Kitchen,20260717,2026-07-17,2026-07-17 18:00:00,4,LATAM,Premium,1,80.72,0.0,80.72,80.72,Apple Pay
3935,ORD_103935,1,60,CUST_0060,14,PROD_0014,Coffee Makers Pro-Series 2,Home & Kitchen,20250621,2025-06-21,2025-06-21 05:00:00,2,EMEA,Standard,4,94.28,56.57,377.12,320.55,Credit Card
3936,ORD_103936,1,101,CUST_0101,18,PROD_0018,Air Fryers Pro-Series 3,Home & Kitchen,20250108,2025-01-08,2025-01-08 16:00:00,4,LATAM,Standard,4,497.95,0.0,1991.8,1991.8,PayPal
3937,ORD_103937,1,296,CUST_0296,34,PROD_0034,Watches Pro-Series 1,Apparel & Fashion,20260604,2026-06-04,2026-06-04 20:00:00,2,EMEA,Standard,1,277.89,41.68,277.89,236.21,Apple Pay
3938,ORD_103938,1,380,CUST_0380,8,PROD_0008,Audio Headphones Pro-Series 2,Consumer Electronics,20260204,2026-02-04,2026-02-04 03:00:00,2,EMEA,Premium,5,596.84,447.63,2984.2,2536.57,PayPal
3939,ORD_103939,1,325,CUST_0325,22,PROD_0022,Robotic Vacuums Pro-Series 1,Home & Kitchen,20260423,2026-04-23,2026-04-23 03:00:00,4,LATAM,Standard,1,573.0,28.65,573.0,544.35,PayPal
3940,ORD_103940,1,249,CUST_0249,35,PROD_0035,Watches Pro-Series 2,Apparel & Fashion,20260618,2026-06-18,2026-06-18 21:00:00,3,APAC,Standard,2,495.6,99.12,991.2,892.08,Debit Card
3941,ORD_103941,1,54,CUST_0054,35,PROD_0035,Watches Pro-Series 2,Apparel & Fashion,20260609,2026-06-09,2026-06-09 20:00:00,3,APAC,Standard,2,495.6,148.68,991.2,842.52,Debit Card
3942,ORD_103942,1,365,CUST_0365,37,PROD_0037,Hardcover Novels Pro-Series 1,Books & Media,20250906,2025-09-06,2025-09-06 01:00:00,1,North America,Standard,1,271.24,40.69,271.24,230.55,PayPal
3943,ORD_103943,1,146,CUST_0146,40,PROD_0040,Tech Guides Pro-Series 1,Books & Media,20260524,2026-05-24,2026-05-24 18:00:00,3,APAC,Premium,3,507.6,152.28,1522.8,1370.52,Debit Card
3944,ORD_103944,1,142,CUST_0142,8,PROD_0008,Audio Headphones Pro-Series 2,Consumer Electronics,20250916,2025-09-16,2025-09-16 09:00:00,1,North America,Standard,4,596.84,358.1,2387.36,2029.26,PayPal
3945,ORD_103945,1,198,CUST_0198,41,PROD_0041,Tech Guides Pro-Series 2,Books & Media,20260313,2026-03-13,2026-03-13 04:00:00,3,APAC,VIP,3,539.9,80.98,1619.7,1538.72,Apple Pay
3946,ORD_103946,1,291,CUST_0291,7,PROD_0007,Audio Headphones Pro-Series 1,Consumer Electronics,20260408,2026-04-08,2026-04-08 11:00:00,4,LATAM,Premium,1,136.35,13.63,136.35,122.72,PayPal
3947,ORD_103947,1,334,CUST_0334,33,PROD_0033,Sportswear Pro-Series 3,Apparel & Fashion,20251216,2025-12-16,2025-12-16 18:00:00,2,EMEA,VIP,5,230.01,115.0,1150.05,1035.05,Credit Card
3948,ORD_103948,1,361,CUST_0361,37,PROD_0037,Hardcover Novels Pro-Series 1,Books & Media,20260419,2026-04-19,2026-04-19 19:00:00,4,LATAM,Standard,3,271.24,81.37,813.72,732.35,Debit Card
3949,ORD_103949,1,473,CUST_0473,44,PROD_0044,Audiobooks Pro-Series 2,Books & Media,20260604,2026-06-04,2026-06-04 07:00:00,4,LATAM,Standard,3,86.85,39.08,260.55,221.47,Credit Card
3950,ORD_103950,1,270,CUST_0270,20,PROD_0020,Blenders Pro-Series 2,Home & Kitchen,20260123,2026-01-23,2026-01-23 15:00:00,2,EMEA,Standard,3,80.82,0.0,242.46,242.46,Debit Card
3951,ORD_103951,1,227,CUST_0227,42,PROD_0042,Tech Guides Pro-Series 3,Books & Media,20250804,2025-08-04,2025-08-04 01:00:00,1,North America,Standard,4,201.79,121.07,807.16,686.09,Debit Card
3952,ORD_103952,1,327,CUST_0327,13,PROD_0013,Coffee Makers Pro-Series 1,Home & Kitchen,20250407,2025-04-07,2025-04-07 21:00:00,3,APAC,Premium,1,177.25,0.0,177.25,177.25,Debit Card
3953,ORD_103953,1,112,CUST_0112,25,PROD_0025,Men's Jackets Pro-Series 1,Apparel & Fashion,20260605,2026-06-05,2026-06-05 17:00:00,2,EMEA,Standard,2,381.42,38.14,762.84,724.7,PayPal
3954,ORD_103954,1,145,CUST_0145,1,PROD_0001,Smartphones Pro-Series 1,Consumer Electronics,20260529,2026-05-29,2026-05-29 10:00:00,2,EMEA,Premium,2,247.49,74.25,494.98,420.73,Apple Pay
3955,ORD_103955,1,171,CUST_0171,44,PROD_0044,Audiobooks Pro-Series 2,Books & Media,20250514,2025-05-14,2025-05-14 17:00:00,1,North America,Standard,2,86.85,8.69,173.7,165.01,Credit Card
3956,ORD_103956,1,411,CUST_0411,26,PROD_0026,Men's Jackets Pro-Series 2,Apparel & Fashion,20250522,2025-05-22,2025-05-22 21:00:00,3,APAC,Standard,2,387.88,38.79,775.76,736.97,Debit Card
3957,ORD_103957,1,356,CUST_0356,43,PROD_0043,Audiobooks Pro-Series 1,Books & Media,20250901,2025-09-01,2025-09-01 10:00:00,3,APAC,Premium,1,262.83,26.28,262.83,236.55,Debit Card
3958,ORD_103958,1,305,CUST_0305,45,PROD_0045,Audiobooks Pro-Series 3,Books & Media,20250609,2025-06-09,2025-06-09 08:00:00,1,North America,Standard,2,512.51,51.25,1025.02,973.77,PayPal
3959,ORD_103959,1,247,CUST_0247,32,PROD_0032,Sportswear Pro-Series 2,Apparel & Fashion,20250909,2025-09-09,2025-09-09 08:00:00,1,North America,Premium,3,106.55,47.95,319.65,271.7,Apple Pay
3960,ORD_103960,1,125,CUST_0125,23,PROD_0023,Robotic Vacuums Pro-Series 2,Home & Kitchen,20250204,2025-02-04,2025-02-04 18:00:00,3,APAC,Standard,3,80.72,24.22,242.16,217.94,Debit Card
3961,ORD_103961,1,19,CUST_0019,3,PROD_0003,Smartphones Pro-Series 3,Consumer Electronics,20250212,2025-02-12,2025-02-12 04:00:00,4,LATAM,Standard,1,194.64,29.2,194.64,165.44,Apple Pay
3962,ORD_103962,1,215,CUST_0215,20,PROD_0020,Blenders Pro-Series 2,Home & Kitchen,20250317,2025-03-17,2025-03-17 06:00:00,3,APAC,Premium,3,80.82,24.25,242.46,218.21,Debit Card
3963,ORD_103963,1,393,CUST_0393,11,PROD_0011,Smartwatches Pro-Series 2,Consumer Electronics,20260206,2026-02-06,2026-02-06 03:00:00,1,North America,VIP,5,627.26,156.82,3136.3,2979.48,Credit Card
3964,ORD_103964,1,347,CUST_0347,1,PROD_0001,Smartphones Pro-Series 1,Consumer Electronics,20250601,2025-06-01,2025-06-01 15:00:00,4,LATAM,Standard,3,247.49,0.0,742.47,742.47,Debit Card
3965,ORD_103965,1,464,CUST_0464,10,PROD_0010,Smartwatches Pro-Series 1,Consumer Electronics,20260219,2026-02-19,2026-02-19 03:00:00,2,EMEA,Standard,2,238.77,23.88,477.54,453.66,Credit Card
3966,ORD_103966,1,152,CUST_0152,19,PROD_0019,Blenders Pro-Series 1,Home & Kitchen,20260109,2026-01-09,2026-01-09 12:00:00,4,LATAM,Premium,5,523.93,261.96,2619.65,2357.69,PayPal
3967,ORD_103967,1,190,CUST_0190,24,PROD_0024,Robotic Vacuums Pro-Series 3,Home & Kitchen,20250105,2025-01-05,2025-01-05 08:00:00,3,APAC,Standard,3,106.82,32.05,320.46,288.41,Credit Card
3968,ORD_103968,1,109,CUST_0109,22,PROD_0022,Robotic Vacuums Pro-Series 1,Home & Kitchen,20250510,2025-05-10,2025-05-10 13:00:00,4,LATAM,Premium,1,573.0,85.95,573.0,487.05,Debit Card
3969,ORD_103969,1,311,CUST_0311,44,PROD_0044,Audiobooks Pro-Series 2,Books & Media,20260514,2026-05-14,2026-05-14 17:00:00,3,APAC,Standard,2,86.85,8.69,173.7,165.01,PayPal
3970,ORD_103970,1,440,CUST_0440,13,PROD_0013,Coffee Makers Pro-Series 1,Home & Kitchen,20260515,2026-05-15,2026-05-15 13:00:00,1,North America,Standard,3,177.25,79.76,531.75,451.99,Credit Card
3971,ORD_103971,1,92,CUST_0092,45,PROD_0045,Audiobooks Pro-Series 3,Books & Media,20250130,2025-01-30,2025-01-30 16:00:00,2,EMEA,VIP,4,512.51,307.51,2050.04,1742.53,PayPal
3972,ORD_103972,1,9,CUST_0009,12,PROD_0012,Smartwatches Pro-Series 3,Consumer Electronics,20260311,2026-03-11,2026-03-11 18:00:00,2,EMEA,Premium,2,414.15,0.0,828.3,828.3,Debit Card
3973,ORD_103973,1,347,CUST_0347,2,PROD_0002,Smartphones Pro-Series 2,Consumer Electronics,20260119,2026-01-19,2026-01-19 10:00:00,4,LATAM,Standard,1,484.7,72.7,484.7,412.0,Credit Card
3974,ORD_103974,1,481,CUST_0481,30,PROD_0030,Women's Sneakers Pro-Series 3,Apparel & Fashion,20260319,2026-03-19,2026-03-19 20:00:00,1,North America,Standard,1,378.05,37.8,378.05,340.25,Credit Card
3975,ORD_103975,1,29,CUST_0029,14,PROD_0014,Coffee Makers Pro-Series 2,Home & Kitchen,20250626,2025-06-26,2025-06-26 01:00:00,2,EMEA,Premium,3,94.28,28.28,282.84,254.56,Credit Card
3976,ORD_103976,1,307,CUST_0307,31,PROD_0031,Sportswear Pro-Series 1,Apparel & Fashion,20260414,2026-04-14,2026-04-14 13:00:00,2,EMEA,Standard,1,610.97,91.65,610.97,519.32,PayPal
3977,ORD_103977,1,333,CUST_0333,13,PROD_0013,Coffee Makers Pro-Series 1,Home & Kitchen,20250317,2025-03-17,2025-03-17 17:00:00,2,EMEA,Premium,2,177.25,0.0,354.5,354.5,PayPal
3978,ORD_103978,1,401,CUST_0401,42,PROD_0042,Tech Guides Pro-Series 3,Books & Media,20260815,2026-08-15,2026-08-15 12:00:00,2,EMEA,Standard,1,201.79,0.0,201.79,201.79,Apple Pay
3979,ORD_103979,1,246,CUST_0246,6,PROD_0006,Laptops Pro-Series 3,Consumer Electronics,20250818,2025-08-18,2025-08-18 00:00:00,2,EMEA,Premium,2,304.52,91.36,609.04,517.68,Credit Card
3980,ORD_103980,1,65,CUST_0065,10,PROD_0010,Smartwatches Pro-Series 1,Consumer Electronics,20250226,2025-02-26,2025-02-26 17:00:00,2,EMEA,Standard,4,238.77,143.26,955.08,811.82,Apple Pay
3981,ORD_103981,1,400,CUST_0400,4,PROD_0004,Laptops Pro-Series 1,Consumer Electronics,20250706,2025-07-06,2025-07-06 14:00:00,3,APAC,Premium,3,328.32,98.5,984.96,886.46,Debit Card
3982,ORD_103982,1,456,CUST_0456,29,PROD_0029,Women's Sneakers Pro-Series 2,Apparel & Fashion,20260709,2026-07-09,2026-07-09 17:00:00,2,EMEA,Standard,5,420.39,105.1,2101.95,1996.85,Credit Card
3983,ORD_103983,1,78,CUST_0078,11,PROD_0011,Smartwatches Pro-Series 2,Consumer Electronics,20260214,2026-02-14,2026-02-14 06:00:00,1,North America,Standard,1,627.26,31.36,627.26,595.9,Debit Card
3984,ORD_103984,1,28,CUST_0028,19,PROD_0019,Blenders Pro-Series 1,Home & Kitchen,20260814,2026-08-14,2026-08-14 17:00:00,3,APAC,Premium,4,523.93,314.36,2095.72,1781.36,Apple Pay
3985,ORD_103985,1,166,CUST_0166,9,PROD_0009,Audio Headphones Pro-Series 3,Consumer Electronics,20260531,2026-05-31,2026-05-31 18:00:00,3,APAC,Standard,4,512.06,307.24,2048.24,1741.0,Credit Card
3986,ORD_103986,1,420,CUST_0420,45,PROD_0045,Audiobooks Pro-Series 3,Books & Media,20260805,2026-08-05,2026-08-05 13:00:00,1,North America,Standard,4,512.51,205.0,2050.04,1845.04,Debit Card
3987,ORD_103987,1,322,CUST_0322,17,PROD_0017,Air Fryers Pro-Series 2,Home & Kitchen,20250609,2025-06-09,2025-06-09 22:00:00,3,APAC,Premium,2,438.78,87.76,877.56,789.8,Debit Card
3988,ORD_103988,1,282,CUST_0282,30,PROD_0030,Women's Sneakers Pro-Series 3,Apparel & Fashion,20250811,2025-08-11,2025-08-11 14:00:00,3,APAC,Standard,4,378.05,226.83,1512.2,1285.37,Apple Pay
3989,ORD_103989,1,2,CUST_0002,45,PROD_0045,Audiobooks Pro-Series 3,Books & Media,20250115,2025-01-15,2025-01-15 14:00:00,3,APAC,Premium,4,512.51,205.0,2050.04,1845.04,Debit Card
3990,ORD_103990,1,398,CUST_0398,4,PROD_0004,Laptops Pro-Series 1,Consumer Electronics,20260425,2026-04-25,2026-04-25 14:00:00,4,LATAM,Premium,1,328.32,16.42,328.32,311.9,Debit Card
3991,ORD_103991,1,157,CUST_0157,10,PROD_0010,Smartwatches Pro-Series 1,Consumer Electronics,20250606,2025-06-06,2025-06-06 17:00:00,4,LATAM,Premium,5,238.77,0.0,1193.85,1193.85,PayPal
3992,ORD_103992,1,458,CUST_0458,26,PROD_0026,Men's Jackets Pro-Series 2,Apparel & Fashion,20260609,2026-06-09,2026-06-09 04:00:00,1,North America,Standard,4,387.88,155.15,1551.52,1396.37,Credit Card
3993,ORD_103993,1,1,CUST_0001,22,PROD_0022,Robotic Vacuums Pro-Series 1,Home & Kitchen,20260325,2026-03-25,2026-03-25 00:00:00,2,EMEA,Premium,4,573.0,0.0,2292.0,2292.0,Debit Card
3994,ORD_103994,1,199,CUST_0199,26,PROD_0026,Men's Jackets Pro-Series 2,Apparel & Fashion,20250204,2025-02-04,2025-02-04 10:00:00,1,North America,Premium,2,387.88,0.0,775.76,775.76,Debit Card
3995,ORD_103995,1,242,CUST_0242,37,PROD_0037,Hardcover Novels Pro-Series 1,Books & Media,20260123,2026-01-23,2026-01-23 09:00:00,3,APAC,Premium,1,271.24,13.56,271.24,257.68,Debit Card
3996,ORD_103996,1,98,CUST_0098,8,PROD_0008,Audio Headphones Pro-Series 2,Consumer Electronics,20260820,2026-08-20,2026-08-20 16:00:00,2,EMEA,Standard,3,596.84,89.53,1790.52,1700.99,Apple Pay
3997,ORD_103997,1,345,CUST_0345,44,PROD_0044,Audiobooks Pro-Series 2,Books & Media,20250901,2025-09-01,2025-09-01 11:00:00,3,APAC,Standard,1,86.85,13.03,86.85,73.82,Credit Card
3998,ORD_103998,1,310,CUST_0310,6,PROD_0006,Laptops Pro-Series 3,Consumer Electronics,20250328,2025-03-28,2025-03-28 18:00:00,3,APAC,Standard,5,304.52,0.0,1522.6,1522.6,Debit Card
3999,ORD_103999,1,61,CUST_0061,31,PROD_0031,Sportswear Pro-Series 1,Apparel & Fashion,20250103,2025-01-03,2025-01-03 22:00:00,1,North America,VIP,5,610.97,458.23,3054.85,2596.62,Debit Card
4000,ORD_104000,1,88,CUST_0088,3,PROD_0003,Smartphones Pro-Series 3,Consumer Electronics,20250416,2025-04-16,2025-04-16 11:00:00,4,LATAM,VIP,4,194.64,0.0,778.56,778.56,Credit Card
4001,ORD_104001,1,30,CUST_0030,19,PROD_0019,Blenders Pro-Series 1,Home & Kitchen,20260428,2026-04-28,2026-04-28 09:00:00,2,EMEA,VIP,2,523.93,157.18,1047.86,890.68,Apple Pay
4002,ORD_104002,1,195,CUST_0195,29,PROD_0029,Women's Sneakers Pro-Series 2,Apparel & Fashion,20260330,2026-03-30,2026-03-30 19:00:00,2,EMEA,Premium,3,420.39,189.18,1261.17,1071.99,Credit Card
4003,ORD_104003,1,499,CUST_0499,5,PROD_0005,Laptops Pro-Series 2,Consumer Electronics,20250224,2025-02-24,2025-02-24 10:00:00,1,North America,Standard,1,144.32,0.0,144.32,144.32,Credit Card
4004,ORD_104004,1,418,CUST_0418,7,PROD_0007,Audio Headphones Pro-Series 1,Consumer Electronics,20260426,2026-04-26,2026-04-26 01:00:00,4,LATAM,Standard,5,136.35,68.17,681.75,613.58,Credit Card
4005,ORD_104005,1,191,CUST_0191,4,PROD_0004,Laptops Pro-Series 1,Consumer Electronics,20250630,2025-06-30,2025-06-30 00:00:00,2,EMEA,Standard,3,328.32,98.5,984.96,886.46,Debit Card
4006,ORD_104006,1,391,CUST_0391,41,PROD_0041,Tech Guides Pro-Series 2,Books & Media,20250617,2025-06-17,2025-06-17 21:00:00,2,EMEA,Standard,5,539.9,134.97,2699.5,2564.53,Credit Card
4007,ORD_104007,1,346,CUST_0346,12,PROD_0012,Smartwatches Pro-Series 3,Consumer Electronics,20250325,2025-03-25,2025-03-25 00:00:00,4,LATAM,Standard,3,414.15,186.37,1242.45,1056.08,Apple Pay
4008,ORD_104008,1,355,CUST_0355,42,PROD_0042,Tech Guides Pro-Series 3,Books & Media,20260417,2026-04-17,2026-04-17 21:00:00,3,APAC,VIP,2,201.79,60.54,403.58,343.04,Apple Pay
4009,ORD_104009,1,159,CUST_0159,17,PROD_0017,Air Fryers Pro-Series 2,Home & Kitchen,20260408,2026-04-08,2026-04-08 23:00:00,2,EMEA,Standard,3,438.78,65.82,1316.34,1250.52,Debit Card
4010,ORD_104010,1,333,CUST_0333,11,PROD_0011,Smartwatches Pro-Series 2,Consumer Electronics,20250922,2025-09-22,2025-09-22 21:00:00,1,North America,Premium,3,627.26,0.0,1881.78,1881.78,Debit Card
4011,ORD_104011,1,179,CUST_0179,14,PROD_0014,Coffee Makers Pro-Series 2,Home & Kitchen,20251019,2025-10-19,2025-10-19 03:00:00,4,LATAM,Standard,3,94.28,0.0,282.84,282.84,Apple Pay
4012,ORD_104012,1,123,CUST_0123,30,PROD_0030,Women's Sneakers Pro-Series 3,Apparel & Fashion,20250406,2025-04-06,2025-04-06 06:00:00,2,EMEA,Standard,4,378.05,226.83,1512.2,1285.37,Debit Card
4013,ORD_104013,1,312,CUST_0312,29,PROD_0029,Women's Sneakers Pro-Series 2,Apparel & Fashion,20260811,2026-08-11,2026-08-11 21:00:00,4,LATAM,Standard,5,420.39,0.0,2101.95,2101.95,Debit Card
4014,ORD_104014,1,164,CUST_0164,22,PROD_0022,Robotic Vacuums Pro-Series 1,Home & Kitchen,20250105,2025-01-05,2025-01-05 16:00:00,4,LATAM,VIP,1,573.0,85.95,573.0,487.05,Apple Pay
4015,ORD_104015,1,267,CUST_0267,20,PROD_0020,Blenders Pro-Series 2,Home & Kitchen,20250217,2025-02-17,2025-02-17 11:00:00,4,LATAM,Standard,5,80.82,0.0,404.1,404.1,Apple Pay
4016,ORD_104016,1,314,CUST_0314,3,PROD_0003,Smartphones Pro-Series 3,Consumer Electronics,20251007,2025-10-07,2025-10-07 18:00:00,1,North America,VIP,2,194.64,38.93,389.28,350.35,Debit Card
4017,ORD_104017,1,377,CUST_0377,3,PROD_0003,Smartphones Pro-Series 3,Consumer Electronics,20250625,2025-06-25,2025-06-25 09:00:00,3,APAC,Standard,4,194.64,77.86,778.56,700.7,Apple Pay
4018,ORD_104018,1,290,CUST_0290,40,PROD_0040,Tech Guides Pro-Series 1,Books & Media,20251205,2025-12-05,2025-12-05 00:00:00,4,LATAM,Standard,2,507.6,50.76,1015.2,964.44,Apple Pay
4019,ORD_104019,1,163,CUST_0163,10,PROD_0010,Smartwatches Pro-Series 1,Consumer Electronics,20260118,2026-01-18,2026-01-18 07:00:00,4,LATAM,Standard,5,238.77,0.0,1193.85,1193.85,Credit Card
4020,ORD_104020,1,355,CUST_0355,4,PROD_0004,Laptops Pro-Series 1,Consumer Electronics,20250430,2025-04-30,2025-04-30 02:00:00,3,APAC,VIP,1,328.32,32.83,328.32,295.49,Debit Card
4021,ORD_104021,1,313,CUST_0313,36,PROD_0036,Watches Pro-Series 3,Apparel & Fashion,20260311,2026-03-11,2026-03-11 16:00:00,3,APAC,Standard,5,387.69,96.92,1938.45,1841.53,PayPal
4022,ORD_104022,1,183,CUST_0183,37,PROD_0037,Hardcover Novels Pro-Series 1,Books & Media,20250320,2025-03-20,2025-03-20 07:00:00,4,LATAM,VIP,1,271.24,13.56,271.24,257.68,Credit Card
4023,ORD_104023,1,356,CUST_0356,13,PROD_0013,Coffee Makers Pro-Series 1,Home & Kitchen,20260410,2026-04-10,2026-04-10 23:00:00,3,APAC,Premium,5,177.25,0.0,886.25,886.25,Credit Card
4024,ORD_104024,1,337,CUST_0337,27,PROD_0027,Men's Jackets Pro-Series 3,Apparel & Fashion,20250609,2025-06-09,2025-06-09 04:00:00,3,APAC,Premium,2,452.99,90.6,905.98,815.38,Debit Card
4025,ORD_104025,1,172,CUST_0172,22,PROD_0022,Robotic Vacuums Pro-Series 1,Home & Kitchen,20250518,2025-05-18,2025-05-18 00:00:00,3,APAC,Standard,5,573.0,143.25,2865.0,2721.75,Debit Card
4026,ORD_104026,1,368,CUST_0368,40,PROD_0040,Tech Guides Pro-Series 1,Books & Media,20260716,2026-07-16,2026-07-16 03:00:00,2,EMEA,Premium,1,507.6,50.76,507.6,456.84,Debit Card
4027,ORD_104027,1,374,CUST_0374,35,PROD_0035,Watches Pro-Series 2,Apparel & Fashion,20250919,2025-09-19,2025-09-19 19:00:00,3,APAC,Premium,4,495.6,198.24,1982.4,1784.16,Debit Card
4028,ORD_104028,1,90,CUST_0090,38,PROD_0038,Hardcover Novels Pro-Series 2,Books & Media,20250106,2025-01-06,2025-01-06 09:00:00,2,EMEA,VIP,4,157.75,0.0,631.0,631.0,Debit Card
4029,ORD_104029,1,350,CUST_0350,31,PROD_0031,Sportswear Pro-Series 1,Apparel & Fashion,20260715,2026-07-15,2026-07-15 08:00:00,2,EMEA,Standard,1,610.97,61.1,610.97,549.87,Debit Card
4030,ORD_104030,1,94,CUST_0094,32,PROD_0032,Sportswear Pro-Series 2,Apparel & Fashion,20250322,2025-03-22,2025-03-22 14:00:00,3,APAC,Premium,5,106.55,0.0,532.75,532.75,Apple Pay
4031,ORD_104031,1,319,CUST_0319,12,PROD_0012,Smartwatches Pro-Series 3,Consumer Electronics,20251219,2025-12-19,2025-12-19 04:00:00,4,LATAM,Standard,4,414.15,248.49,1656.6,1408.11,Debit Card
4032,ORD_104032,1,237,CUST_0237,31,PROD_0031,Sportswear Pro-Series 1,Apparel & Fashion,20260709,2026-07-09,2026-07-09 16:00:00,3,APAC,Standard,3,610.97,183.29,1832.91,1649.62,Apple Pay
4033,ORD_104033,1,453,CUST_0453,29,PROD_0029,Women's Sneakers Pro-Series 2,Apparel & Fashion,20260610,2026-06-10,2026-06-10 08:00:00,3,APAC,Premium,1,420.39,21.02,420.39,399.37,Apple Pay
4034,ORD_104034,1,471,CUST_0471,40,PROD_0040,Tech Guides Pro-Series 1,Books & Media,20250105,2025-01-05,2025-01-05 03:00:00,2,EMEA,Standard,5,507.6,126.9,2538.0,2411.1,Debit Card
4035,ORD_104035,1,169,CUST_0169,39,PROD_0039,Hardcover Novels Pro-Series 3,Books & Media,20250104,2025-01-04,2025-01-04 22:00:00,4,LATAM,Standard,2,217.64,65.29,435.28,369.99,Apple Pay
4036,ORD_104036,1,298,CUST_0298,14,PROD_0014,Coffee Makers Pro-Series 2,Home & Kitchen,20250307,2025-03-07,2025-03-07 22:00:00,3,APAC,Standard,4,94.28,18.86,377.12,358.26,Credit Card
4037,ORD_104037,1,431,CUST_0431,18,PROD_0018,Air Fryers Pro-Series 3,Home & Kitchen,20250424,2025-04-24,2025-04-24 04:00:00,3,APAC,Standard,3,497.95,224.08,1493.85,1269.77,PayPal
4038,ORD_104038,1,404,CUST_0404,43,PROD_0043,Audiobooks Pro-Series 1,Books & Media,20260309,2026-03-09,2026-03-09 23:00:00,3,APAC,Premium,4,262.83,0.0,1051.32,1051.32,Credit Card
4039,ORD_104039,1,284,CUST_0284,26,PROD_0026,Men's Jackets Pro-Series 2,Apparel & Fashion,20260104,2026-01-04,2026-01-04 13:00:00,2,EMEA,Standard,2,387.88,38.79,775.76,736.97,Credit Card
4040,ORD_104040,1,337,CUST_0337,27,PROD_0027,Men's Jackets Pro-Series 3,Apparel & Fashion,20260422,2026-04-22,2026-04-22 00:00:00,3,APAC,Premium,5,452.99,226.5,2264.95,2038.45,Credit Card
4041,ORD_104041,1,53,CUST_0053,25,PROD_0025,Men's Jackets Pro-Series 1,Apparel & Fashion,20251120,2025-11-20,2025-11-20 07:00:00,1,North America,Standard,2,381.42,38.14,762.84,724.7,Debit Card
4042,ORD_104042,1,128,CUST_0128,4,PROD_0004,Laptops Pro-Series 1,Consumer Electronics,20251103,2025-11-03,2025-11-03 07:00:00,2,EMEA,Premium,4,328.32,65.66,1313.28,1247.62,Debit Card
4043,ORD_104043,1,212,CUST_0212,41,PROD_0041,Tech Guides Pro-Series 2,Books & Media,20250311,2025-03-11,2025-03-11 17:00:00,2,EMEA,Premium,3,539.9,161.97,1619.7,1457.73,Debit Card
4044,ORD_104044,1,97,CUST_0097,5,PROD_0005,Laptops Pro-Series 2,Consumer Electronics,20251227,2025-12-27,2025-12-27 13:00:00,1,North America,Premium,2,144.32,0.0,288.64,288.64,PayPal
4045,ORD_104045,1,8,CUST_0008,32,PROD_0032,Sportswear Pro-Series 2,Apparel & Fashion,20260711,2026-07-11,2026-07-11 22:00:00,2,EMEA,Standard,5,106.55,79.91,532.75,452.84,Credit Card
4046,ORD_104046,1,40,CUST_0040,21,PROD_0021,Blenders Pro-Series 3,Home & Kitchen,20260209,2026-02-09,2026-02-09 13:00:00,3,APAC,Standard,3,137.29,41.19,411.87,370.68,Debit Card
4047,ORD_104047,1,182,CUST_0182,28,PROD_0028,Women's Sneakers Pro-Series 1,Apparel & Fashion,20260121,2026-01-21,2026-01-21 07:00:00,3,APAC,Standard,3,301.74,0.0,905.22,905.22,Credit Card
4048,ORD_104048,1,438,CUST_0438,36,PROD_0036,Watches Pro-Series 3,Apparel & Fashion,20250619,2025-06-19,2025-06-19 20:00:00,2,EMEA,Standard,3,387.69,58.15,1163.07,1104.92,Credit Card
4049,ORD_104049,1,268,CUST_0268,35,PROD_0035,Watches Pro-Series 2,Apparel & Fashion,20250625,2025-06-25,2025-06-25 21:00:00,4,LATAM,Premium,4,495.6,0.0,1982.4,1982.4,Apple Pay
4050,ORD_104050,1,302,CUST_0302,39,PROD_0039,Hardcover Novels Pro-Series 3,Books & Media,20251007,2025-10-07,2025-10-07 12:00:00,3,APAC,Standard,2,217.64,21.76,435.28,413.52,Apple Pay
4051,ORD_104051,1,169,CUST_0169,10,PROD_0010,Smartwatches Pro-Series 1,Consumer Electronics,20260405,2026-04-05,2026-04-05 01:00:00,1,North America,Standard,2,238.77,0.0,477.54,477.54,PayPal
4052,ORD_104052,1,277,CUST_0277,36,PROD_0036,Watches Pro-Series 3,Apparel & Fashion,20250621,2025-06-21,2025-06-21 19:00:00,4,LATAM,Standard,1,387.69,19.38,387.69,368.31,PayPal
4053,ORD_104053,1,107,CUST_0107,28,PROD_0028,Women's Sneakers Pro-Series 1,Apparel & Fashion,20250613,2025-06-13,2025-06-13 00:00:00,4,LATAM,Premium,5,301.74,226.31,1508.7,1282.39,Apple Pay
4054,ORD_104054,1,476,CUST_0476,31,PROD_0031,Sportswear Pro-Series 1,Apparel & Fashion,20250510,2025-05-10,2025-05-10 14:00:00,4,LATAM,Premium,2,610.97,183.29,1221.94,1038.65,Apple Pay
4055,ORD_104055,1,74,CUST_0074,34,PROD_0034,Watches Pro-Series 1,Apparel & Fashion,20250710,2025-07-10,2025-07-10 15:00:00,4,LATAM,Premium,4,277.89,0.0,1111.56,1111.56,PayPal
4056,ORD_104056,1,259,CUST_0259,31,PROD_0031,Sportswear Pro-Series 1,Apparel & Fashion,20250603,2025-06-03,2025-06-03 00:00:00,4,LATAM,Standard,5,610.97,152.74,3054.85,2902.11,Apple Pay
4057,ORD_104057,1,490,CUST_0490,1,PROD_0001,Smartphones Pro-Series 1,Consumer Electronics,20260325,2026-03-25,2026-03-25 02:00:00,4,LATAM,VIP,2,247.49,24.75,494.98,470.23,PayPal
4058,ORD_104058,1,325,CUST_0325,23,PROD_0023,Robotic Vacuums Pro-Series 2,Home & Kitchen,20250930,2025-09-30,2025-09-30 20:00:00,3,APAC,Standard,4,80.72,16.14,322.88,306.74,Apple Pay
4059,ORD_104059,1,99,CUST_0099,42,PROD_0042,Tech Guides Pro-Series 3,Books & Media,20260312,2026-03-12,2026-03-12 05:00:00,2,EMEA,Premium,4,201.79,121.07,807.16,686.09,Credit Card
4060,ORD_104060,1,170,CUST_0170,14,PROD_0014,Coffee Makers Pro-Series 2,Home & Kitchen,20250227,2025-02-27,2025-02-27 08:00:00,3,APAC,Premium,5,94.28,47.14,471.4,424.26,Debit Card
4061,ORD_104061,1,483,CUST_0483,9,PROD_0009,Audio Headphones Pro-Series 3,Consumer Electronics,20250812,2025-08-12,2025-08-12 01:00:00,4,LATAM,Premium,2,512.06,51.21,1024.12,972.91,PayPal
4062,ORD_104062,1,418,CUST_0418,29,PROD_0029,Women's Sneakers Pro-Series 2,Apparel & Fashion,20260718,2026-07-18,2026-07-18 11:00:00,1,North America,Standard,3,420.39,63.06,1261.17,1198.11,Apple Pay
4063,ORD_104063,1,498,CUST_0498,10,PROD_0010,Smartwatches Pro-Series 1,Consumer Electronics,20250212,2025-02-12,2025-02-12 23:00:00,3,APAC,Standard,3,238.77,71.63,716.31,644.68,Apple Pay
4064,ORD_104064,1,310,CUST_0310,45,PROD_0045,Audiobooks Pro-Series 3,Books & Media,20260225,2026-02-25,2026-02-25 16:00:00,2,EMEA,Standard,5,512.51,384.38,2562.55,2178.17,Debit Card
4065,ORD_104065,1,54,CUST_0054,7,PROD_0007,Audio Headphones Pro-Series 1,Consumer Electronics,20250209,2025-02-09,2025-02-09 09:00:00,4,LATAM,Standard,4,136.35,0.0,545.4,545.4,Apple Pay
4066,ORD_104066,1,327,CUST_0327,19,PROD_0019,Blenders Pro-Series 1,Home & Kitchen,20260821,2026-08-21,2026-08-21 13:00:00,4,LATAM,Premium,4,523.93,104.79,2095.72,1990.93,Debit Card
4067,ORD_104067,1,312,CUST_0312,1,PROD_0001,Smartphones Pro-Series 1,Consumer Electronics,20251218,2025-12-18,2025-12-18 12:00:00,3,APAC,Standard,3,247.49,74.25,742.47,668.22,Debit Card
4068,ORD_104068,1,117,CUST_0117,14,PROD_0014,Coffee Makers Pro-Series 2,Home & Kitchen,20260527,2026-05-27,2026-05-27 23:00:00,2,EMEA,Standard,2,94.28,0.0,188.56,188.56,PayPal
4069,ORD_104069,1,309,CUST_0309,22,PROD_0022,Robotic Vacuums Pro-Series 1,Home & Kitchen,20251018,2025-10-18,2025-10-18 17:00:00,3,APAC,Standard,5,573.0,429.75,2865.0,2435.25,Debit Card
4070,ORD_104070,1,338,CUST_0338,28,PROD_0028,Women's Sneakers Pro-Series 1,Apparel & Fashion,20250130,2025-01-30,2025-01-30 00:00:00,2,EMEA,Premium,2,301.74,60.35,603.48,543.13,Apple Pay
4071,ORD_104071,1,347,CUST_0347,18,PROD_0018,Air Fryers Pro-Series 3,Home & Kitchen,20260820,2026-08-20,2026-08-20 18:00:00,2,EMEA,Standard,4,497.95,199.18,1991.8,1792.62,Credit Card
4072,ORD_104072,1,13,CUST_0013,41,PROD_0041,Tech Guides Pro-Series 2,Books & Media,20260515,2026-05-15,2026-05-15 13:00:00,3,APAC,Standard,2,539.9,0.0,1079.8,1079.8,Credit Card
4073,ORD_104073,1,25,CUST_0025,15,PROD_0015,Coffee Makers Pro-Series 3,Home & Kitchen,20250512,2025-05-12,2025-05-12 22:00:00,2,EMEA,Standard,5,397.04,0.0,1985.2,1985.2,Credit Card
4074,ORD_104074,1,485,CUST_0485,33,PROD_0033,Sportswear Pro-Series 3,Apparel & Fashion,20250905,2025-09-05,2025-09-05 23:00:00,4,LATAM,Standard,1,230.01,34.5,230.01,195.51,PayPal
4075,ORD_104075,1,127,CUST_0127,23,PROD_0023,Robotic Vacuums Pro-Series 2,Home & Kitchen,20260712,2026-07-12,2026-07-12 07:00:00,4,LATAM,Standard,5,80.72,0.0,403.6,403.6,Apple Pay
4076,ORD_104076,1,20,CUST_0020,35,PROD_0035,Watches Pro-Series 2,Apparel & Fashion,20260716,2026-07-16,2026-07-16 02:00:00,1,North America,Standard,1,495.6,49.56,495.6,446.04,PayPal
4077,ORD_104077,1,144,CUST_0144,13,PROD_0013,Coffee Makers Pro-Series 1,Home & Kitchen,20250731,2025-07-31,2025-07-31 14:00:00,3,APAC,Premium,4,177.25,106.35,709.0,602.65,Credit Card
4078,ORD_104078,1,336,CUST_0336,29,PROD_0029,Women's Sneakers Pro-Series 2,Apparel & Fashion,20250513,2025-05-13,2025-05-13 20:00:00,4,LATAM,Premium,2,420.39,126.12,840.78,714.66,Credit Card
4079,ORD_104079,1,188,CUST_0188,39,PROD_0039,Hardcover Novels Pro-Series 3,Books & Media,20251123,2025-11-23,2025-11-23 12:00:00,4,LATAM,Premium,5,217.64,108.82,1088.2,979.38,Debit Card
4080,ORD_104080,1,460,CUST_0460,19,PROD_0019,Blenders Pro-Series 1,Home & Kitchen,20260819,2026-08-19,2026-08-19 21:00:00,3,APAC,Standard,4,523.93,209.57,2095.72,1886.15,Apple Pay
4081,ORD_104081,1,500,CUST_0500,24,PROD_0024,Robotic Vacuums Pro-Series 3,Home & Kitchen,20260807,2026-08-07,2026-08-07 11:00:00,1,North America,Standard,3,106.82,32.05,320.46,288.41,PayPal
4082,ORD_104082,1,289,CUST_0289,41,PROD_0041,Tech Guides Pro-Series 2,Books & Media,20260201,2026-02-01,2026-02-01 04:00:00,1,North America,Premium,4,539.9,0.0,2159.6,2159.6,Apple Pay
4083,ORD_104083,1,449,CUST_0449,19,PROD_0019,Blenders Pro-Series 1,Home & Kitchen,20260611,2026-06-11,2026-06-11 11:00:00,1,North America,VIP,5,523.93,130.98,2619.65,2488.67,Apple Pay
4084,ORD_104084,1,161,CUST_0161,9,PROD_0009,Audio Headphones Pro-Series 3,Consumer Electronics,20250614,2025-06-14,2025-06-14 22:00:00,3,APAC,Standard,2,512.06,0.0,1024.12,1024.12,Debit Card
4085,ORD_104085,1,500,CUST_0500,33,PROD_0033,Sportswear Pro-Series 3,Apparel & Fashion,20260627,2026-06-27,2026-06-27 20:00:00,2,EMEA,Standard,1,230.01,34.5,230.01,195.51,Apple Pay
4086,ORD_104086,1,313,CUST_0313,41,PROD_0041,Tech Guides Pro-Series 2,Books & Media,20250409,2025-04-09,2025-04-09 02:00:00,2,EMEA,Standard,1,539.9,53.99,539.9,485.91,Apple Pay
4087,ORD_104087,1,364,CUST_0364,19,PROD_0019,Blenders Pro-Series 1,Home & Kitchen,20260519,2026-05-19,2026-05-19 09:00:00,3,APAC,VIP,2,523.93,0.0,1047.86,1047.86,PayPal
4088,ORD_104088,1,70,CUST_0070,31,PROD_0031,Sportswear Pro-Series 1,Apparel & Fashion,20250211,2025-02-11,2025-02-11 21:00:00,4,LATAM,Standard,5,610.97,305.49,3054.85,2749.36,Debit Card
4089,ORD_104089,1,263,CUST_0263,36,PROD_0036,Watches Pro-Series 3,Apparel & Fashion,20250727,2025-07-27,2025-07-27 00:00:00,2,EMEA,Standard,3,387.69,0.0,1163.07,1163.07,PayPal
4090,ORD_104090,1,440,CUST_0440,16,PROD_0016,Air Fryers Pro-Series 1,Home & Kitchen,20260107,2026-01-07,2026-01-07 21:00:00,2,EMEA,Standard,1,403.75,20.19,403.75,383.56,Apple Pay
4091,ORD_104091,1,378,CUST_0378,45,PROD_0045,Audiobooks Pro-Series 3,Books & Media,20251020,2025-10-20,2025-10-20 00:00:00,2,EMEA,Standard,5,512.51,128.13,2562.55,2434.42,Debit Card
4092,ORD_104092,1,330,CUST_0330,2,PROD_0002,Smartphones Pro-Series 2,Consumer Electronics,20250828,2025-08-28,2025-08-28 09:00:00,3,APAC,Premium,1,484.7,24.23,484.7,460.47,Credit Card
4093,ORD_104093,1,186,CUST_0186,43,PROD_0043,Audiobooks Pro-Series 1,Books & Media,20260719,2026-07-19,2026-07-19 01:00:00,2,EMEA,VIP,3,262.83,118.27,788.49,670.22,Apple Pay
4094,ORD_104094,1,32,CUST_0032,2,PROD_0002,Smartphones Pro-Series 2,Consumer Electronics,20260820,2026-08-20,2026-08-20 18:00:00,3,APAC,Standard,4,484.7,193.88,1938.8,1744.92,Credit Card
4095,ORD_104095,1,122,CUST_0122,10,PROD_0010,Smartwatches Pro-Series 1,Consumer Electronics,20250520,2025-05-20,2025-05-20 20:00:00,3,APAC,Standard,3,238.77,107.45,716.31,608.86,Credit Card
4096,ORD_104096,1,461,CUST_0461,39,PROD_0039,Hardcover Novels Pro-Series 3,Books & Media,20250330,2025-03-30,2025-03-30 17:00:00,1,North America,Standard,1,217.64,10.88,217.64,206.76,Apple Pay
4097,ORD_104097,1,411,CUST_0411,33,PROD_0033,Sportswear Pro-Series 3,Apparel & Fashion,20250827,2025-08-27,2025-08-27 08:00:00,3,APAC,Standard,4,230.01,0.0,920.04,920.04,PayPal
4098,ORD_104098,1,393,CUST_0393,44,PROD_0044,Audiobooks Pro-Series 2,Books & Media,20250808,2025-08-08,2025-08-08 19:00:00,4,LATAM,VIP,2,86.85,26.05,173.7,147.65,Debit Card
4099,ORD_104099,1,45,CUST_0045,12,PROD_0012,Smartwatches Pro-Series 3,Consumer Electronics,20260714,2026-07-14,2026-07-14 13:00:00,4,LATAM,Premium,2,414.15,82.83,828.3,745.47,PayPal
4100,ORD_104100,1,78,CUST_0078,2,PROD_0002,Smartphones Pro-Series 2,Consumer Electronics,20250429,2025-04-29,2025-04-29 03:00:00,2,EMEA,Standard,5,484.7,0.0,2423.5,2423.5,PayPal
4101,ORD_104101,1,115,CUST_0115,3,PROD_0003,Smartphones Pro-Series 3,Consumer Electronics,20260530,2026-05-30,2026-05-30 02:00:00,1,North America,Premium,3,194.64,58.39,583.92,525.53,Credit Card
4102,ORD_104102,1,270,CUST_0270,39,PROD_0039,Hardcover Novels Pro-Series 3,Books & Media,20250616,2025-06-16,2025-06-16 19:00:00,1,North America,Standard,5,217.64,0.0,1088.2,1088.2,Debit Card
4103,ORD_104103,1,415,CUST_0415,24,PROD_0024,Robotic Vacuums Pro-Series 3,Home & Kitchen,20260227,2026-02-27,2026-02-27 09:00:00,2,EMEA,Premium,2,106.82,0.0,213.64,213.64,Credit Card
4104,ORD_104104,1,19,CUST_0019,33,PROD_0033,Sportswear Pro-Series 3,Apparel & Fashion,20260813,2026-08-13,2026-08-13 18:00:00,2,EMEA,Standard,1,230.01,11.5,230.01,218.51,PayPal
4105,ORD_104105,1,494,CUST_0494,36,PROD_0036,Watches Pro-Series 3,Apparel & Fashion,20251125,2025-11-25,2025-11-25 12:00:00,2,EMEA,Standard,1,387.69,58.15,387.69,329.54,PayPal
4106,ORD_104106,1,452,CUST_0452,41,PROD_0041,Tech Guides Pro-Series 2,Books & Media,20250828,2025-08-28,2025-08-28 13:00:00,4,LATAM,Premium,4,539.9,0.0,2159.6,2159.6,Apple Pay
4107,ORD_104107,1,44,CUST_0044,1,PROD_0001,Smartphones Pro-Series 1,Consumer Electronics,20250312,2025-03-12,2025-03-12 15:00:00,2,EMEA,Premium,5,247.49,0.0,1237.45,1237.45,Credit Card
4108,ORD_104108,1,149,CUST_0149,3,PROD_0003,Smartphones Pro-Series 3,Consumer Electronics,20260603,2026-06-03,2026-06-03 15:00:00,3,APAC,Premium,1,194.64,0.0,194.64,194.64,PayPal
4109,ORD_104109,1,12,CUST_0012,16,PROD_0016,Air Fryers Pro-Series 1,Home & Kitchen,20250730,2025-07-30,2025-07-30 05:00:00,3,APAC,VIP,3,403.75,121.12,1211.25,1090.13,Debit Card
4110,ORD_104110,1,40,CUST_0040,17,PROD_0017,Air Fryers Pro-Series 2,Home & Kitchen,20250129,2025-01-29,2025-01-29 15:00:00,4,LATAM,Standard,4,438.78,175.51,1755.12,1579.61,Credit Card
4111,ORD_104111,1,178,CUST_0178,10,PROD_0010,Smartwatches Pro-Series 1,Consumer Electronics,20260523,2026-05-23,2026-05-23 14:00:00,3,APAC,Standard,4,238.77,47.75,955.08,907.33,PayPal
4112,ORD_104112,1,388,CUST_0388,14,PROD_0014,Coffee Makers Pro-Series 2,Home & Kitchen,20250319,2025-03-19,2025-03-19 12:00:00,1,North America,Standard,4,94.28,0.0,377.12,377.12,PayPal
4113,ORD_104113,1,258,CUST_0258,5,PROD_0005,Laptops Pro-Series 2,Consumer Electronics,20260525,2026-05-25,2026-05-25 20:00:00,1,North America,Standard,1,144.32,14.43,144.32,129.89,Debit Card
4114,ORD_104114,1,389,CUST_0389,37,PROD_0037,Hardcover Novels Pro-Series 1,Books & Media,20250201,2025-02-01,2025-02-01 06:00:00,4,LATAM,Premium,2,271.24,0.0,542.48,542.48,Debit Card
4115,ORD_104115,1,12,CUST_0012,1,PROD_0001,Smartphones Pro-Series 1,Consumer Electronics,20260213,2026-02-13,2026-02-13 14:00:00,3,APAC,VIP,5,247.49,123.75,1237.45,1113.7,Debit Card
4116,ORD_104116,1,352,CUST_0352,39,PROD_0039,Hardcover Novels Pro-Series 3,Books & Media,20260211,2026-02-11,2026-02-11 12:00:00,2,EMEA,Premium,2,217.64,21.76,435.28,413.52,PayPal
4117,ORD_104117,1,15,CUST_0015,32,PROD_0032,Sportswear Pro-Series 2,Apparel & Fashion,20260418,2026-04-18,2026-04-18 01:00:00,1,North America,Premium,3,106.55,0.0,319.65,319.65,Credit Card
4118,ORD_104118,1,444,CUST_0444,5,PROD_0005,Laptops Pro-Series 2,Consumer Electronics,20260817,2026-08-17,2026-08-17 15:00:00,3,APAC,Standard,1,144.32,21.65,144.32,122.67,PayPal
4119,ORD_104119,1,111,CUST_0111,20,PROD_0020,Blenders Pro-Series 2,Home & Kitchen,20250913,2025-09-13,2025-09-13 05:00:00,2,EMEA,Premium,1,80.82,12.12,80.82,68.7,Apple Pay
4120,ORD_104120,1,151,CUST_0151,19,PROD_0019,Blenders Pro-Series 1,Home & Kitchen,20260702,2026-07-02,2026-07-02 15:00:00,2,EMEA,Standard,5,523.93,130.98,2619.65,2488.67,PayPal
4121,ORD_104121,1,308,CUST_0308,1,PROD_0001,Smartphones Pro-Series 1,Consumer Electronics,20260425,2026-04-25,2026-04-25 10:00:00,4,LATAM,Premium,2,247.49,24.75,494.98,470.23,Apple Pay
4122,ORD_104122,1,73,CUST_0073,44,PROD_0044,Audiobooks Pro-Series 2,Books & Media,20260709,2026-07-09,2026-07-09 22:00:00,3,APAC,Premium,5,86.85,43.43,434.25,390.82,Apple Pay
4123,ORD_104123,1,446,CUST_0446,8,PROD_0008,Audio Headphones Pro-Series 2,Consumer Electronics,20251231,2025-12-31,2025-12-31 10:00:00,2,EMEA,Standard,5,596.84,0.0,2984.2,2984.2,Debit Card
4124,ORD_104124,1,471,CUST_0471,20,PROD_0020,Blenders Pro-Series 2,Home & Kitchen,20250125,2025-01-25,2025-01-25 06:00:00,2,EMEA,Standard,2,80.82,24.25,161.64,137.39,Debit Card
4125,ORD_104125,1,466,CUST_0466,14,PROD_0014,Coffee Makers Pro-Series 2,Home & Kitchen,20260710,2026-07-10,2026-07-10 17:00:00,4,LATAM,Premium,2,94.28,28.28,188.56,160.28,PayPal
4126,ORD_104126,1,273,CUST_0273,2,PROD_0002,Smartphones Pro-Series 2,Consumer Electronics,20250529,2025-05-29,2025-05-29 07:00:00,1,North America,Premium,3,484.7,72.7,1454.1,1381.4,Debit Card
4127,ORD_104127,1,187,CUST_0187,34,PROD_0034,Watches Pro-Series 1,Apparel & Fashion,20250919,2025-09-19,2025-09-19 14:00:00,3,APAC,Standard,4,277.89,166.73,1111.56,944.83,Apple Pay
4128,ORD_104128,1,378,CUST_0378,31,PROD_0031,Sportswear Pro-Series 1,Apparel & Fashion,20260614,2026-06-14,2026-06-14 13:00:00,3,APAC,Standard,1,610.97,91.65,610.97,519.32,PayPal
4129,ORD_104129,1,67,CUST_0067,3,PROD_0003,Smartphones Pro-Series 3,Consumer Electronics,20260518,2026-05-18,2026-05-18 02:00:00,4,LATAM,Premium,2,194.64,0.0,389.28,389.28,Debit Card
4130,ORD_104130,1,456,CUST_0456,11,PROD_0011,Smartwatches Pro-Series 2,Consumer Electronics,20251207,2025-12-07,2025-12-07 11:00:00,4,LATAM,Standard,4,627.26,376.36,2509.04,2132.68,Credit Card
4131,ORD_104131,1,184,CUST_0184,33,PROD_0033,Sportswear Pro-Series 3,Apparel & Fashion,20250505,2025-05-05,2025-05-05 08:00:00,3,APAC,Premium,1,230.01,0.0,230.01,230.01,Credit Card
4132,ORD_104132,1,410,CUST_0410,6,PROD_0006,Laptops Pro-Series 3,Consumer Electronics,20251003,2025-10-03,2025-10-03 08:00:00,3,APAC,Standard,4,304.52,60.9,1218.08,1157.18,Credit Card
4133,ORD_104133,1,110,CUST_0110,45,PROD_0045,Audiobooks Pro-Series 3,Books & Media,20251116,2025-11-16,2025-11-16 22:00:00,4,LATAM,Standard,1,512.51,0.0,512.51,512.51,Debit Card
4134,ORD_104134,1,61,CUST_0061,7,PROD_0007,Audio Headphones Pro-Series 1,Consumer Electronics,20260706,2026-07-06,2026-07-06 12:00:00,3,APAC,VIP,4,136.35,0.0,545.4,545.4,PayPal
4135,ORD_104135,1,46,CUST_0046,34,PROD_0034,Watches Pro-Series 1,Apparel & Fashion,20260120,2026-01-20,2026-01-20 02:00:00,2,EMEA,Standard,4,277.89,0.0,1111.56,1111.56,Apple Pay
4136,ORD_104136,1,364,CUST_0364,41,PROD_0041,Tech Guides Pro-Series 2,Books & Media,20251216,2025-12-16,2025-12-16 10:00:00,3,APAC,VIP,4,539.9,215.96,2159.6,1943.64,Apple Pay
4137,ORD_104137,1,204,CUST_0204,33,PROD_0033,Sportswear Pro-Series 3,Apparel & Fashion,20250629,2025-06-29,2025-06-29 23:00:00,2,EMEA,Standard,4,230.01,92.0,920.04,828.04,PayPal
4138,ORD_104138,1,46,CUST_0046,18,PROD_0018,Air Fryers Pro-Series 3,Home & Kitchen,20260527,2026-05-27,2026-05-27 14:00:00,1,North America,Standard,2,497.95,99.59,995.9,896.31,Apple Pay
4139,ORD_104139,1,174,CUST_0174,37,PROD_0037,Hardcover Novels Pro-Series 1,Books & Media,20251119,2025-11-19,2025-11-19 08:00:00,3,APAC,Standard,4,271.24,162.74,1084.96,922.22,Credit Card
4140,ORD_104140,1,4,CUST_0004,6,PROD_0006,Laptops Pro-Series 3,Consumer Electronics,20250110,2025-01-10,2025-01-10 07:00:00,1,North America,Premium,5,304.52,228.39,1522.6,1294.21,PayPal
4141,ORD_104141,1,398,CUST_0398,10,PROD_0010,Smartwatches Pro-Series 1,Consumer Electronics,20250605,2025-06-05,2025-06-05 15:00:00,2,EMEA,Premium,5,238.77,179.08,1193.85,1014.77,Debit Card
4142,ORD_104142,1,65,CUST_0065,45,PROD_0045,Audiobooks Pro-Series 3,Books & Media,20251001,2025-10-01,2025-10-01 21:00:00,1,North America,Standard,4,512.51,102.5,2050.04,1947.54,Debit Card
4143,ORD_104143,1,274,CUST_0274,24,PROD_0024,Robotic Vacuums Pro-Series 3,Home & Kitchen,20260628,2026-06-28,2026-06-28 07:00:00,1,North America,Standard,5,106.82,53.41,534.1,480.69,Debit Card
4144,ORD_104144,1,100,CUST_0100,17,PROD_0017,Air Fryers Pro-Series 2,Home & Kitchen,20250122,2025-01-22,2025-01-22 18:00:00,1,North America,Standard,5,438.78,0.0,2193.9,2193.9,Debit Card
4145,ORD_104145,1,279,CUST_0279,8,PROD_0008,Audio Headphones Pro-Series 2,Consumer Electronics,20260105,2026-01-05,2026-01-05 01:00:00,1,North America,Standard,2,596.84,179.05,1193.68,1014.63,Apple Pay
4146,ORD_104146,1,141,CUST_0141,34,PROD_0034,Watches Pro-Series 1,Apparel & Fashion,20250120,2025-01-20,2025-01-20 07:00:00,3,APAC,Standard,5,277.89,138.94,1389.45,1250.51,PayPal
4147,ORD_104147,1,18,CUST_0018,1,PROD_0001,Smartphones Pro-Series 1,Consumer Electronics,20260501,2026-05-01,2026-05-01 14:00:00,4,LATAM,Standard,2,247.49,74.25,494.98,420.73,Apple Pay
4148,ORD_104148,1,449,CUST_0449,8,PROD_0008,Audio Headphones Pro-Series 2,Consumer Electronics,20260814,2026-08-14,2026-08-14 10:00:00,3,APAC,VIP,2,596.84,119.37,1193.68,1074.31,Apple Pay
4149,ORD_104149,1,384,CUST_0384,25,PROD_0025,Men's Jackets Pro-Series 1,Apparel & Fashion,20251019,2025-10-19,2025-10-19 19:00:00,4,LATAM,Premium,5,381.42,190.71,1907.1,1716.39,Apple Pay
4150,ORD_104150,1,380,CUST_0380,45,PROD_0045,Audiobooks Pro-Series 3,Books & Media,20250522,2025-05-22,2025-05-22 02:00:00,4,LATAM,Premium,3,512.51,230.63,1537.53,1306.9,PayPal
4151,ORD_104151,1,87,CUST_0087,33,PROD_0033,Sportswear Pro-Series 3,Apparel & Fashion,20260502,2026-05-02,2026-05-02 10:00:00,1,North America,VIP,1,230.01,0.0,230.01,230.01,Debit Card
4152,ORD_104152,1,229,CUST_0229,14,PROD_0014,Coffee Makers Pro-Series 2,Home & Kitchen,20250310,2025-03-10,2025-03-10 20:00:00,3,APAC,Standard,3,94.28,42.43,282.84,240.41,Apple Pay
4153,ORD_104153,1,95,CUST_0095,15,PROD_0015,Coffee Makers Pro-Series 3,Home & Kitchen,20251123,2025-11-23,2025-11-23 18:00:00,3,APAC,Premium,1,397.04,59.56,397.04,337.48,PayPal
4154,ORD_104154,1,422,CUST_0422,11,PROD_0011,Smartwatches Pro-Series 2,Consumer Electronics,20260719,2026-07-19,2026-07-19 07:00:00,4,LATAM,Premium,3,627.26,282.27,1881.78,1599.51,Credit Card
4155,ORD_104155,1,47,CUST_0047,29,PROD_0029,Women's Sneakers Pro-Series 2,Apparel & Fashion,20250217,2025-02-17,2025-02-17 01:00:00,1,North America,Standard,4,420.39,0.0,1681.56,1681.56,PayPal
4156,ORD_104156,1,336,CUST_0336,22,PROD_0022,Robotic Vacuums Pro-Series 1,Home & Kitchen,20251018,2025-10-18,2025-10-18 20:00:00,4,LATAM,Premium,4,573.0,0.0,2292.0,2292.0,PayPal
4157,ORD_104157,1,448,CUST_0448,37,PROD_0037,Hardcover Novels Pro-Series 1,Books & Media,20250211,2025-02-11,2025-02-11 08:00:00,3,APAC,Premium,5,271.24,135.62,1356.2,1220.58,Credit Card
4158,ORD_104158,1,321,CUST_0321,41,PROD_0041,Tech Guides Pro-Series 2,Books & Media,20251023,2025-10-23,2025-10-23 05:00:00,2,EMEA,Standard,3,539.9,161.97,1619.7,1457.73,PayPal
4159,ORD_104159,1,328,CUST_0328,14,PROD_0014,Coffee Makers Pro-Series 2,Home & Kitchen,20260709,2026-07-09,2026-07-09 06:00:00,4,LATAM,Standard,2,94.28,28.28,188.56,160.28,Apple Pay
4160,ORD_104160,1,252,CUST_0252,37,PROD_0037,Hardcover Novels Pro-Series 1,Books & Media,20260220,2026-02-20,2026-02-20 21:00:00,1,North America,Standard,2,271.24,0.0,542.48,542.48,PayPal
4161,ORD_104161,1,194,CUST_0194,18,PROD_0018,Air Fryers Pro-Series 3,Home & Kitchen,20260301,2026-03-01,2026-03-01 10:00:00,4,LATAM,Premium,4,497.95,0.0,1991.8,1991.8,Credit Card
4162,ORD_104162,1,287,CUST_0287,9,PROD_0009,Audio Headphones Pro-Series 3,Consumer Electronics,20251216,2025-12-16,2025-12-16 16:00:00,1,North America,Standard,5,512.06,384.04,2560.3,2176.26,Credit Card
4163,ORD_104163,1,143,CUST_0143,5,PROD_0005,Laptops Pro-Series 2,Consumer Electronics,20260619,2026-06-19,2026-06-19 19:00:00,1,North America,Premium,4,144.32,0.0,577.28,577.28,Credit Card
4164,ORD_104164,1,39,CUST_0039,20,PROD_0020,Blenders Pro-Series 2,Home & Kitchen,20260303,2026-03-03,2026-03-03 03:00:00,4,LATAM,Standard,3,80.82,24.25,242.46,218.21,Debit Card
4165,ORD_104165,1,299,CUST_0299,33,PROD_0033,Sportswear Pro-Series 3,Apparel & Fashion,20250325,2025-03-25,2025-03-25 03:00:00,2,EMEA,Standard,1,230.01,34.5,230.01,195.51,Apple Pay
4166,ORD_104166,1,375,CUST_0375,20,PROD_0020,Blenders Pro-Series 2,Home & Kitchen,20251107,2025-11-07,2025-11-07 05:00:00,4,LATAM,Premium,2,80.82,16.16,161.64,145.48,PayPal
4167,ORD_104167,1,370,CUST_0370,43,PROD_0043,Audiobooks Pro-Series 1,Books & Media,20250904,2025-09-04,2025-09-04 15:00:00,4,LATAM,Premium,3,262.83,118.27,788.49,670.22,Debit Card
4168,ORD_104168,1,241,CUST_0241,36,PROD_0036,Watches Pro-Series 3,Apparel & Fashion,20250105,2025-01-05,2025-01-05 01:00:00,1,North America,Standard,2,387.69,77.54,775.38,697.84,PayPal
4169,ORD_104169,1,477,CUST_0477,7,PROD_0007,Audio Headphones Pro-Series 1,Consumer Electronics,20250626,2025-06-26,2025-06-26 10:00:00,2,EMEA,VIP,1,136.35,0.0,136.35,136.35,PayPal
4170,ORD_104170,1,248,CUST_0248,37,PROD_0037,Hardcover Novels Pro-Series 1,Books & Media,20250619,2025-06-19,2025-06-19 12:00:00,1,North America,Standard,5,271.24,203.43,1356.2,1152.77,Debit Card
4171,ORD_104171,1,10,CUST_0010,10,PROD_0010,Smartwatches Pro-Series 1,Consumer Electronics,20260226,2026-02-26,2026-02-26 23:00:00,4,LATAM,Standard,3,238.77,35.82,716.31,680.49,PayPal
4172,ORD_104172,1,185,CUST_0185,30,PROD_0030,Women's Sneakers Pro-Series 3,Apparel & Fashion,20260808,2026-08-08,2026-08-08 20:00:00,1,North America,VIP,4,378.05,151.22,1512.2,1360.98,Debit Card
4173,ORD_104173,1,500,CUST_0500,7,PROD_0007,Audio Headphones Pro-Series 1,Consumer Electronics,20260627,2026-06-27,2026-06-27 04:00:00,1,North America,Standard,1,136.35,6.82,136.35,129.53,Debit Card
4174,ORD_104174,1,304,CUST_0304,2,PROD_0002,Smartphones Pro-Series 2,Consumer Electronics,20250110,2025-01-10,2025-01-10 23:00:00,4,LATAM,Standard,1,484.7,24.23,484.7,460.47,Debit Card
4175,ORD_104175,1,271,CUST_0271,41,PROD_0041,Tech Guides Pro-Series 2,Books & Media,20260617,2026-06-17,2026-06-17 01:00:00,4,LATAM,Standard,4,539.9,107.98,2159.6,2051.62,PayPal
4176,ORD_104176,1,410,CUST_0410,3,PROD_0003,Smartphones Pro-Series 3,Consumer Electronics,20250207,2025-02-07,2025-02-07 15:00:00,2,EMEA,Standard,3,194.64,58.39,583.92,525.53,PayPal
4177,ORD_104177,1,370,CUST_0370,20,PROD_0020,Blenders Pro-Series 2,Home & Kitchen,20260322,2026-03-22,2026-03-22 15:00:00,4,LATAM,Premium,4,80.82,16.16,323.28,307.12,Debit Card
4178,ORD_104178,1,437,CUST_0437,31,PROD_0031,Sportswear Pro-Series 1,Apparel & Fashion,20251222,2025-12-22,2025-12-22 01:00:00,3,APAC,Premium,3,610.97,183.29,1832.91,1649.62,Debit Card
4179,ORD_104179,1,69,CUST_0069,28,PROD_0028,Women's Sneakers Pro-Series 1,Apparel & Fashion,20251121,2025-11-21,2025-11-21 14:00:00,4,LATAM,Standard,4,301.74,120.7,1206.96,1086.26,Apple Pay
4180,ORD_104180,1,262,CUST_0262,11,PROD_0011,Smartwatches Pro-Series 2,Consumer Electronics,20250402,2025-04-02,2025-04-02 19:00:00,1,North America,Standard,4,627.26,250.9,2509.04,2258.14,Debit Card
4181,ORD_104181,1,180,CUST_0180,1,PROD_0001,Smartphones Pro-Series 1,Consumer Electronics,20260504,2026-05-04,2026-05-04 18:00:00,1,North America,Standard,2,247.49,49.5,494.98,445.48,Apple Pay
4182,ORD_104182,1,32,CUST_0032,12,PROD_0012,Smartwatches Pro-Series 3,Consumer Electronics,20250516,2025-05-16,2025-05-16 04:00:00,4,LATAM,Standard,2,414.15,124.24,828.3,704.06,PayPal
4183,ORD_104183,1,65,CUST_0065,25,PROD_0025,Men's Jackets Pro-Series 1,Apparel & Fashion,20250301,2025-03-01,2025-03-01 06:00:00,3,APAC,Standard,3,381.42,57.21,1144.26,1087.05,Apple Pay
4184,ORD_104184,1,124,CUST_0124,1,PROD_0001,Smartphones Pro-Series 1,Consumer Electronics,20260330,2026-03-30,2026-03-30 07:00:00,1,North America,VIP,4,247.49,99.0,989.96,890.96,Credit Card
4185,ORD_104185,1,172,CUST_0172,6,PROD_0006,Laptops Pro-Series 3,Consumer Electronics,20260126,2026-01-26,2026-01-26 07:00:00,4,LATAM,Standard,5,304.52,152.26,1522.6,1370.34,PayPal
4186,ORD_104186,1,239,CUST_0239,26,PROD_0026,Men's Jackets Pro-Series 2,Apparel & Fashion,20250602,2025-06-02,2025-06-02 08:00:00,4,LATAM,Standard,3,387.88,0.0,1163.64,1163.64,PayPal
4187,ORD_104187,1,286,CUST_0286,13,PROD_0013,Coffee Makers Pro-Series 1,Home & Kitchen,20251217,2025-12-17,2025-12-17 22:00:00,4,LATAM,Standard,5,177.25,0.0,886.25,886.25,Credit Card
4188,ORD_104188,1,205,CUST_0205,27,PROD_0027,Men's Jackets Pro-Series 3,Apparel & Fashion,20260102,2026-01-02,2026-01-02 06:00:00,2,EMEA,Standard,2,452.99,45.3,905.98,860.68,Debit Card
4189,ORD_104189,1,112,CUST_0112,17,PROD_0017,Air Fryers Pro-Series 2,Home & Kitchen,20260321,2026-03-21,2026-03-21 07:00:00,2,EMEA,Standard,2,438.78,87.76,877.56,789.8,Debit Card
4190,ORD_104190,1,119,CUST_0119,30,PROD_0030,Women's Sneakers Pro-Series 3,Apparel & Fashion,20250613,2025-06-13,2025-06-13 16:00:00,2,EMEA,Premium,2,378.05,113.42,756.1,642.68,PayPal
4191,ORD_104191,1,385,CUST_0385,38,PROD_0038,Hardcover Novels Pro-Series 2,Books & Media,20250710,2025-07-10,2025-07-10 10:00:00,2,EMEA,Standard,1,157.75,0.0,157.75,157.75,PayPal
4192,ORD_104192,1,242,CUST_0242,45,PROD_0045,Audiobooks Pro-Series 3,Books & Media,20250823,2025-08-23,2025-08-23 22:00:00,1,North America,Premium,1,512.51,51.25,512.51,461.26,PayPal
4193,ORD_104193,1,480,CUST_0480,3,PROD_0003,Smartphones Pro-Series 3,Consumer Electronics,20250801,2025-08-01,2025-08-01 08:00:00,2,EMEA,Standard,4,194.64,0.0,778.56,778.56,Apple Pay
4194,ORD_104194,1,120,CUST_0120,13,PROD_0013,Coffee Makers Pro-Series 1,Home & Kitchen,20250722,2025-07-22,2025-07-22 06:00:00,1,North America,VIP,5,177.25,44.31,886.25,841.94,Apple Pay
4195,ORD_104195,1,325,CUST_0325,6,PROD_0006,Laptops Pro-Series 3,Consumer Electronics,20260111,2026-01-11,2026-01-11 12:00:00,2,EMEA,Standard,3,304.52,137.03,913.56,776.53,Credit Card
4196,ORD_104196,1,113,CUST_0113,29,PROD_0029,Women's Sneakers Pro-Series 2,Apparel & Fashion,20251003,2025-10-03,2025-10-03 14:00:00,1,North America,Standard,5,420.39,210.19,2101.95,1891.76,Credit Card
4197,ORD_104197,1,293,CUST_0293,43,PROD_0043,Audiobooks Pro-Series 1,Books & Media,20260504,2026-05-04,2026-05-04 13:00:00,4,LATAM,Premium,5,262.83,0.0,1314.15,1314.15,Debit Card
4198,ORD_104198,1,433,CUST_0433,23,PROD_0023,Robotic Vacuums Pro-Series 2,Home & Kitchen,20251030,2025-10-30,2025-10-30 11:00:00,3,APAC,Standard,3,80.72,12.11,242.16,230.05,Credit Card
4199,ORD_104199,1,341,CUST_0341,45,PROD_0045,Audiobooks Pro-Series 3,Books & Media,20260112,2026-01-12,2026-01-12 15:00:00,2,EMEA,Standard,4,512.51,102.5,2050.04,1947.54,Debit Card
4200,ORD_104200,1,166,CUST_0166,14,PROD_0014,Coffee Makers Pro-Series 2,Home & Kitchen,20251024,2025-10-24,2025-10-24 00:00:00,2,EMEA,Standard,4,94.28,18.86,377.12,358.26,Debit Card
4201,ORD_104201,1,186,CUST_0186,40,PROD_0040,Tech Guides Pro-Series 1,Books & Media,20260619,2026-06-19,2026-06-19 16:00:00,2,EMEA,VIP,3,507.6,76.14,1522.8,1446.66,PayPal
4202,ORD_104202,1,114,CUST_0114,39,PROD_0039,Hardcover Novels Pro-Series 3,Books & Media,20260809,2026-08-09,2026-08-09 01:00:00,4,LATAM,Premium,5,217.64,163.23,1088.2,924.97,PayPal
4203,ORD_104203,1,356,CUST_0356,24,PROD_0024,Robotic Vacuums Pro-Series 3,Home & Kitchen,20250805,2025-08-05,2025-08-05 02:00:00,1,North America,Premium,2,106.82,10.68,213.64,202.96,Credit Card
4204,ORD_104204,1,388,CUST_0388,38,PROD_0038,Hardcover Novels Pro-Series 2,Books & Media,20260607,2026-06-07,2026-06-07 11:00:00,4,LATAM,Standard,3,157.75,47.33,473.25,425.92,Credit Card
4205,ORD_104205,1,170,CUST_0170,1,PROD_0001,Smartphones Pro-Series 1,Consumer Electronics,20250131,2025-01-31,2025-01-31 04:00:00,4,LATAM,Premium,4,247.49,148.49,989.96,841.47,Debit Card
4206,ORD_104206,1,331,CUST_0331,30,PROD_0030,Women's Sneakers Pro-Series 3,Apparel & Fashion,20250207,2025-02-07,2025-02-07 12:00:00,2,EMEA,Standard,3,378.05,170.12,1134.15,964.03,Debit Card
4207,ORD_104207,1,446,CUST_0446,20,PROD_0020,Blenders Pro-Series 2,Home & Kitchen,20260428,2026-04-28,2026-04-28 02:00:00,4,LATAM,Standard,2,80.82,8.08,161.64,153.56,Apple Pay
4208,ORD_104208,1,1,CUST_0001,15,PROD_0015,Coffee Makers Pro-Series 3,Home & Kitchen,20250402,2025-04-02,2025-04-02 23:00:00,3,APAC,Premium,2,397.04,79.41,794.08,714.67,PayPal
4209,ORD_104209,1,87,CUST_0087,10,PROD_0010,Smartwatches Pro-Series 1,Consumer Electronics,20260426,2026-04-26,2026-04-26 12:00:00,1,North America,VIP,3,238.77,71.63,716.31,644.68,Debit Card
4210,ORD_104210,1,227,CUST_0227,19,PROD_0019,Blenders Pro-Series 1,Home & Kitchen,20250905,2025-09-05,2025-09-05 21:00:00,2,EMEA,Standard,5,523.93,392.95,2619.65,2226.7,PayPal
4211,ORD_104211,1,173,CUST_0173,39,PROD_0039,Hardcover Novels Pro-Series 3,Books & Media,20250921,2025-09-21,2025-09-21 19:00:00,3,APAC,Premium,1,217.64,10.88,217.64,206.76,Apple Pay
4212,ORD_104212,1,147,CUST_0147,27,PROD_0027,Men's Jackets Pro-Series 3,Apparel & Fashion,20251125,2025-11-25,2025-11-25 23:00:00,3,APAC,Standard,4,452.99,181.2,1811.96,1630.76,PayPal
4213,ORD_104213,1,30,CUST_0030,33,PROD_0033,Sportswear Pro-Series 3,Apparel & Fashion,20250318,2025-03-18,2025-03-18 15:00:00,4,LATAM,VIP,2,230.01,0.0,460.02,460.02,Credit Card
4214,ORD_104214,1,437,CUST_0437,6,PROD_0006,Laptops Pro-Series 3,Consumer Electronics,20250603,2025-06-03,2025-06-03 23:00:00,1,North America,Premium,2,304.52,91.36,609.04,517.68,PayPal
4215,ORD_104215,1,193,CUST_0193,15,PROD_0015,Coffee Makers Pro-Series 3,Home & Kitchen,20260125,2026-01-25,2026-01-25 21:00:00,2,EMEA,Standard,3,397.04,178.67,1191.12,1012.45,Debit Card
4216,ORD_104216,1,361,CUST_0361,12,PROD_0012,Smartwatches Pro-Series 3,Consumer Electronics,20250729,2025-07-29,2025-07-29 23:00:00,2,EMEA,Standard,2,414.15,82.83,828.3,745.47,Debit Card
4217,ORD_104217,1,110,CUST_0110,39,PROD_0039,Hardcover Novels Pro-Series 3,Books & Media,20251002,2025-10-02,2025-10-02 18:00:00,1,North America,Standard,4,217.64,130.58,870.56,739.98,Credit Card
4218,ORD_104218,1,64,CUST_0064,3,PROD_0003,Smartphones Pro-Series 3,Consumer Electronics,20250409,2025-04-09,2025-04-09 18:00:00,1,North America,VIP,3,194.64,87.59,583.92,496.33,Debit Card
4219,ORD_104219,1,227,CUST_0227,14,PROD_0014,Coffee Makers Pro-Series 2,Home & Kitchen,20250124,2025-01-24,2025-01-24 23:00:00,2,EMEA,Standard,4,94.28,37.71,377.12,339.41,Apple Pay
4220,ORD_104220,1,454,CUST_0454,37,PROD_0037,Hardcover Novels Pro-Series 1,Books & Media,20260404,2026-04-04,2026-04-04 17:00:00,2,EMEA,Standard,4,271.24,108.5,1084.96,976.46,Apple Pay
4221,ORD_104221,1,248,CUST_0248,28,PROD_0028,Women's Sneakers Pro-Series 1,Apparel & Fashion,20251014,2025-10-14,2025-10-14 02:00:00,1,North America,Standard,5,301.74,0.0,1508.7,1508.7,PayPal
4222,ORD_104222,1,471,CUST_0471,27,PROD_0027,Men's Jackets Pro-Series 3,Apparel & Fashion,20260523,2026-05-23,2026-05-23 03:00:00,3,APAC,Standard,3,452.99,0.0,1358.97,1358.97,Credit Card
4223,ORD_104223,1,385,CUST_0385,32,PROD_0032,Sportswear Pro-Series 2,Apparel & Fashion,20251020,2025-10-20,2025-10-20 11:00:00,2,EMEA,Standard,3,106.55,47.95,319.65,271.7,Debit Card
4224,ORD_104224,1,131,CUST_0131,32,PROD_0032,Sportswear Pro-Series 2,Apparel & Fashion,20260812,2026-08-12,2026-08-12 09:00:00,2,EMEA,Premium,2,106.55,31.96,213.1,181.14,Credit Card
4225,ORD_104225,1,257,CUST_0257,37,PROD_0037,Hardcover Novels Pro-Series 1,Books & Media,20251130,2025-11-30,2025-11-30 04:00:00,1,North America,Standard,3,271.24,122.06,813.72,691.66,Debit Card
4226,ORD_104226,1,284,CUST_0284,13,PROD_0013,Coffee Makers Pro-Series 1,Home & Kitchen,20251220,2025-12-20,2025-12-20 02:00:00,4,LATAM,Standard,5,177.25,88.62,886.25,797.63,Debit Card
4227,ORD_104227,1,304,CUST_0304,34,PROD_0034,Watches Pro-Series 1,Apparel & Fashion,20260330,2026-03-30,2026-03-30 02:00:00,2,EMEA,Standard,4,277.89,111.16,1111.56,1000.4,PayPal
4228,ORD_104228,1,23,CUST_0023,39,PROD_0039,Hardcover Novels Pro-Series 3,Books & Media,20250928,2025-09-28,2025-09-28 11:00:00,4,LATAM,Premium,5,217.64,108.82,1088.2,979.38,PayPal
4229,ORD_104229,1,203,CUST_0203,11,PROD_0011,Smartwatches Pro-Series 2,Consumer Electronics,20260531,2026-05-31,2026-05-31 01:00:00,3,APAC,Standard,1,627.26,31.36,627.26,595.9,PayPal
4230,ORD_104230,1,441,CUST_0441,37,PROD_0037,Hardcover Novels Pro-Series 1,Books & Media,20250216,2025-02-16,2025-02-16 16:00:00,4,LATAM,Standard,3,271.24,122.06,813.72,691.66,PayPal
4231,ORD_104231,1,153,CUST_0153,15,PROD_0015,Coffee Makers Pro-Series 3,Home & Kitchen,20250929,2025-09-29,2025-09-29 07:00:00,3,APAC,Premium,3,397.04,178.67,1191.12,1012.45,Apple Pay
4232,ORD_104232,1,96,CUST_0096,7,PROD_0007,Audio Headphones Pro-Series 1,Consumer Electronics,20250701,2025-07-01,2025-07-01 03:00:00,3,APAC,Standard,4,136.35,0.0,545.4,545.4,PayPal
4233,ORD_104233,1,33,CUST_0033,1,PROD_0001,Smartphones Pro-Series 1,Consumer Electronics,20260601,2026-06-01,2026-06-01 14:00:00,1,North America,Premium,2,247.49,49.5,494.98,445.48,Apple Pay
4234,ORD_104234,1,149,CUST_0149,25,PROD_0025,Men's Jackets Pro-Series 1,Apparel & Fashion,20260306,2026-03-06,2026-03-06 19:00:00,4,LATAM,Premium,1,381.42,38.14,381.42,343.28,Credit Card
4235,ORD_104235,1,207,CUST_0207,17,PROD_0017,Air Fryers Pro-Series 2,Home & Kitchen,20250806,2025-08-06,2025-08-06 15:00:00,4,LATAM,Premium,3,438.78,197.45,1316.34,1118.89,Debit Card
4236,ORD_104236,1,337,CUST_0337,6,PROD_0006,Laptops Pro-Series 3,Consumer Electronics,20260820,2026-08-20,2026-08-20 03:00:00,4,LATAM,Premium,1,304.52,15.23,304.52,289.29,PayPal
4237,ORD_104237,1,23,CUST_0023,16,PROD_0016,Air Fryers Pro-Series 1,Home & Kitchen,20250429,2025-04-29,2025-04-29 10:00:00,4,LATAM,Premium,3,403.75,121.12,1211.25,1090.13,Debit Card
4238,ORD_104238,1,475,CUST_0475,45,PROD_0045,Audiobooks Pro-Series 3,Books & Media,20260530,2026-05-30,2026-05-30 22:00:00,1,North America,Standard,5,512.51,0.0,2562.55,2562.55,Credit Card
4239,ORD_104239,1,161,CUST_0161,34,PROD_0034,Watches Pro-Series 1,Apparel & Fashion,20251106,2025-11-06,2025-11-06 03:00:00,2,EMEA,Standard,2,277.89,27.79,555.78,527.99,Apple Pay
4240,ORD_104240,1,213,CUST_0213,43,PROD_0043,Audiobooks Pro-Series 1,Books & Media,20250515,2025-05-15,2025-05-15 17:00:00,4,LATAM,VIP,1,262.83,0.0,262.83,262.83,PayPal
4241,ORD_104241,1,162,CUST_0162,1,PROD_0001,Smartphones Pro-Series 1,Consumer Electronics,20260612,2026-06-12,2026-06-12 10:00:00,1,North America,Premium,2,247.49,49.5,494.98,445.48,Debit Card
4242,ORD_104242,1,6,CUST_0006,7,PROD_0007,Audio Headphones Pro-Series 1,Consumer Electronics,20250717,2025-07-17,2025-07-17 16:00:00,1,North America,Premium,1,136.35,6.82,136.35,129.53,Apple Pay
4243,ORD_104243,1,49,CUST_0049,35,PROD_0035,Watches Pro-Series 2,Apparel & Fashion,20251229,2025-12-29,2025-12-29 14:00:00,1,North America,Standard,3,495.6,0.0,1486.8,1486.8,Debit Card
4244,ORD_104244,1,152,CUST_0152,39,PROD_0039,Hardcover Novels Pro-Series 3,Books & Media,20250403,2025-04-03,2025-04-03 19:00:00,1,North America,Premium,2,217.64,65.29,435.28,369.99,Apple Pay
4245,ORD_104245,1,173,CUST_0173,8,PROD_0008,Audio Headphones Pro-Series 2,Consumer Electronics,20250207,2025-02-07,2025-02-07 11:00:00,1,North America,Premium,5,596.84,149.21,2984.2,2834.99,Debit Card
4246,ORD_104246,1,42,CUST_0042,33,PROD_0033,Sportswear Pro-Series 3,Apparel & Fashion,20260630,2026-06-30,2026-06-30 14:00:00,4,LATAM,Standard,4,230.01,0.0,920.04,920.04,Debit Card
4247,ORD_104247,1,6,CUST_0006,42,PROD_0042,Tech Guides Pro-Series 3,Books & Media,20250108,2025-01-08,2025-01-08 17:00:00,3,APAC,Premium,5,201.79,50.45,1008.95,958.5,PayPal
4248,ORD_104248,1,465,CUST_0465,24,PROD_0024,Robotic Vacuums Pro-Series 3,Home & Kitchen,20250616,2025-06-16,2025-06-16 17:00:00,1,North America,Premium,4,106.82,0.0,427.28,427.28,Debit Card
4249,ORD_104249,1,493,CUST_0493,38,PROD_0038,Hardcover Novels Pro-Series 2,Books & Media,20250327,2025-03-27,2025-03-27 04:00:00,2,EMEA,Premium,2,157.75,15.78,315.5,299.72,Credit Card
4250,ORD_104250,1,296,CUST_0296,23,PROD_0023,Robotic Vacuums Pro-Series 2,Home & Kitchen,20250719,2025-07-19,2025-07-19 08:00:00,2,EMEA,Standard,2,80.72,0.0,161.44,161.44,Apple Pay
4251,ORD_104251,1,27,CUST_0027,14,PROD_0014,Coffee Makers Pro-Series 2,Home & Kitchen,20250212,2025-02-12,2025-02-12 21:00:00,4,LATAM,Standard,1,94.28,14.14,94.28,80.14,Debit Card
4252,ORD_104252,1,285,CUST_0285,23,PROD_0023,Robotic Vacuums Pro-Series 2,Home & Kitchen,20260107,2026-01-07,2026-01-07 16:00:00,4,LATAM,Standard,2,80.72,24.22,161.44,137.22,Apple Pay
4253,ORD_104253,1,199,CUST_0199,26,PROD_0026,Men's Jackets Pro-Series 2,Apparel & Fashion,20260708,2026-07-08,2026-07-08 00:00:00,1,North America,Premium,1,387.88,19.39,387.88,368.49,Debit Card
4254,ORD_104254,1,17,CUST_0017,42,PROD_0042,Tech Guides Pro-Series 3,Books & Media,20250515,2025-05-15,2025-05-15 23:00:00,2,EMEA,Premium,1,201.79,30.27,201.79,171.52,Apple Pay
4255,ORD_104255,1,163,CUST_0163,32,PROD_0032,Sportswear Pro-Series 2,Apparel & Fashion,20250317,2025-03-17,2025-03-17 13:00:00,1,North America,Standard,2,106.55,0.0,213.1,213.1,Credit Card
4256,ORD_104256,1,25,CUST_0025,42,PROD_0042,Tech Guides Pro-Series 3,Books & Media,20260722,2026-07-22,2026-07-22 13:00:00,1,North America,Standard,5,201.79,0.0,1008.95,1008.95,Credit Card
4257,ORD_104257,1,364,CUST_0364,42,PROD_0042,Tech Guides Pro-Series 3,Books & Media,20250515,2025-05-15,2025-05-15 21:00:00,2,EMEA,VIP,5,201.79,50.45,1008.95,958.5,PayPal
4258,ORD_104258,1,167,CUST_0167,23,PROD_0023,Robotic Vacuums Pro-Series 2,Home & Kitchen,20250302,2025-03-02,2025-03-02 05:00:00,4,LATAM,Standard,5,80.72,20.18,403.6,383.42,Credit Card
4259,ORD_104259,1,114,CUST_0114,8,PROD_0008,Audio Headphones Pro-Series 2,Consumer Electronics,20260316,2026-03-16,2026-03-16 04:00:00,3,APAC,Premium,3,596.84,268.58,1790.52,1521.94,Credit Card
4260,ORD_104260,1,361,CUST_0361,25,PROD_0025,Men's Jackets Pro-Series 1,Apparel & Fashion,20250121,2025-01-21,2025-01-21 18:00:00,1,North America,Standard,5,381.42,286.06,1907.1,1621.04,Credit Card
4261,ORD_104261,1,16,CUST_0016,23,PROD_0023,Robotic Vacuums Pro-Series 2,Home & Kitchen,20251023,2025-10-23,2025-10-23 11:00:00,2,EMEA,Standard,1,80.72,0.0,80.72,80.72,PayPal
4262,ORD_104262,1,406,CUST_0406,28,PROD_0028,Women's Sneakers Pro-Series 1,Apparel & Fashion,20250220,2025-02-20,2025-02-20 06:00:00,1,North America,Premium,5,301.74,0.0,1508.7,1508.7,Debit Card
4263,ORD_104263,1,483,CUST_0483,45,PROD_0045,Audiobooks Pro-Series 3,Books & Media,20251008,2025-10-08,2025-10-08 03:00:00,1,North America,Premium,3,512.51,153.75,1537.53,1383.78,Debit Card
4264,ORD_104264,1,360,CUST_0360,5,PROD_0005,Laptops Pro-Series 2,Consumer Electronics,20250213,2025-02-13,2025-02-13 17:00:00,4,LATAM,Premium,1,144.32,14.43,144.32,129.89,Credit Card
4265,ORD_104265,1,140,CUST_0140,28,PROD_0028,Women's Sneakers Pro-Series 1,Apparel & Fashion,20260720,2026-07-20,2026-07-20 07:00:00,3,APAC,Standard,3,301.74,90.52,905.22,814.7,Apple Pay
4266,ORD_104266,1,6,CUST_0006,38,PROD_0038,Hardcover Novels Pro-Series 2,Books & Media,20250131,2025-01-31,2025-01-31 12:00:00,3,APAC,Premium,5,157.75,0.0,788.75,788.75,Debit Card
4267,ORD_104267,1,484,CUST_0484,30,PROD_0030,Women's Sneakers Pro-Series 3,Apparel & Fashion,20250515,2025-05-15,2025-05-15 22:00:00,3,APAC,Standard,3,378.05,170.12,1134.15,964.03,Debit Card
4268,ORD_104268,1,351,CUST_0351,40,PROD_0040,Tech Guides Pro-Series 1,Books & Media,20260725,2026-07-25,2026-07-25 07:00:00,3,APAC,Standard,5,507.6,0.0,2538.0,2538.0,Debit Card
4269,ORD_104269,1,312,CUST_0312,18,PROD_0018,Air Fryers Pro-Series 3,Home & Kitchen,20250922,2025-09-22,2025-09-22 04:00:00,1,North America,Standard,3,497.95,74.69,1493.85,1419.16,Credit Card
4270,ORD_104270,1,184,CUST_0184,30,PROD_0030,Women's Sneakers Pro-Series 3,Apparel & Fashion,20251025,2025-10-25,2025-10-25 19:00:00,4,LATAM,Premium,4,378.05,75.61,1512.2,1436.59,Apple Pay
4271,ORD_104271,1,390,CUST_0390,41,PROD_0041,Tech Guides Pro-Series 2,Books & Media,20250715,2025-07-15,2025-07-15 21:00:00,3,APAC,Premium,4,539.9,323.94,2159.6,1835.66,Debit Card
4272,ORD_104272,1,413,CUST_0413,23,PROD_0023,Robotic Vacuums Pro-Series 2,Home & Kitchen,20250329,2025-03-29,2025-03-29 19:00:00,2,EMEA,Standard,1,80.72,0.0,80.72,80.72,Debit Card
4273,ORD_104273,1,72,CUST_0072,34,PROD_0034,Watches Pro-Series 1,Apparel & Fashion,20251020,2025-10-20,2025-10-20 15:00:00,4,LATAM,Premium,1,277.89,41.68,277.89,236.21,Apple Pay
4274,ORD_104274,1,164,CUST_0164,38,PROD_0038,Hardcover Novels Pro-Series 2,Books & Media,20260120,2026-01-20,2026-01-20 16:00:00,1,North America,VIP,2,157.75,47.32,315.5,268.18,PayPal
4275,ORD_104275,1,44,CUST_0044,8,PROD_0008,Audio Headphones Pro-Series 2,Consumer Electronics,20260402,2026-04-02,2026-04-02 12:00:00,4,LATAM,Premium,4,596.84,119.37,2387.36,2267.99,Debit Card
4276,ORD_104276,1,394,CUST_0394,13,PROD_0013,Coffee Makers Pro-Series 1,Home & Kitchen,20260322,2026-03-22,2026-03-22 00:00:00,3,APAC,Premium,5,177.25,44.31,886.25,841.94,Apple Pay
4277,ORD_104277,1,305,CUST_0305,41,PROD_0041,Tech Guides Pro-Series 2,Books & Media,20260214,2026-02-14,2026-02-14 17:00:00,4,LATAM,Standard,4,539.9,0.0,2159.6,2159.6,Credit Card
4278,ORD_104278,1,194,CUST_0194,11,PROD_0011,Smartwatches Pro-Series 2,Consumer Electronics,20260210,2026-02-10,2026-02-10 11:00:00,4,LATAM,Premium,4,627.26,250.9,2509.04,2258.14,Credit Card
4279,ORD_104279,1,460,CUST_0460,24,PROD_0024,Robotic Vacuums Pro-Series 3,Home & Kitchen,20250611,2025-06-11,2025-06-11 02:00:00,4,LATAM,Standard,2,106.82,10.68,213.64,202.96,Credit Card
4280,ORD_104280,1,76,CUST_0076,18,PROD_0018,Air Fryers Pro-Series 3,Home & Kitchen,20250601,2025-06-01,2025-06-01 10:00:00,2,EMEA,Premium,2,497.95,99.59,995.9,896.31,PayPal
4281,ORD_104281,1,200,CUST_0200,3,PROD_0003,Smartphones Pro-Series 3,Consumer Electronics,20251216,2025-12-16,2025-12-16 23:00:00,1,North America,Standard,5,194.64,97.32,973.2,875.88,Apple Pay
4282,ORD_104282,1,232,CUST_0232,12,PROD_0012,Smartwatches Pro-Series 3,Consumer Electronics,20260204,2026-02-04,2026-02-04 02:00:00,1,North America,Standard,3,414.15,0.0,1242.45,1242.45,Apple Pay
4283,ORD_104283,1,321,CUST_0321,24,PROD_0024,Robotic Vacuums Pro-Series 3,Home & Kitchen,20250603,2025-06-03,2025-06-03 00:00:00,2,EMEA,Standard,3,106.82,16.02,320.46,304.44,Credit Card
4284,ORD_104284,1,61,CUST_0061,33,PROD_0033,Sportswear Pro-Series 3,Apparel & Fashion,20250712,2025-07-12,2025-07-12 23:00:00,3,APAC,VIP,3,230.01,103.5,690.03,586.53,Credit Card
4285,ORD_104285,1,492,CUST_0492,40,PROD_0040,Tech Guides Pro-Series 1,Books & Media,20251204,2025-12-04,2025-12-04 19:00:00,2,EMEA,Standard,3,507.6,76.14,1522.8,1446.66,PayPal
4286,ORD_104286,1,372,CUST_0372,8,PROD_0008,Audio Headphones Pro-Series 2,Consumer Electronics,20250603,2025-06-03,2025-06-03 04:00:00,1,North America,Premium,5,596.84,0.0,2984.2,2984.2,PayPal
4287,ORD_104287,1,470,CUST_0470,17,PROD_0017,Air Fryers Pro-Series 2,Home & Kitchen,20260816,2026-08-16,2026-08-16 08:00:00,2,EMEA,Standard,1,438.78,43.88,438.78,394.9,Credit Card
4288,ORD_104288,1,414,CUST_0414,35,PROD_0035,Watches Pro-Series 2,Apparel & Fashion,20251015,2025-10-15,2025-10-15 00:00:00,4,LATAM,Standard,5,495.6,123.9,2478.0,2354.1,Apple Pay
4289,ORD_104289,1,432,CUST_0432,41,PROD_0041,Tech Guides Pro-Series 2,Books & Media,20250721,2025-07-21,2025-07-21 21:00:00,4,LATAM,Standard,4,539.9,107.98,2159.6,2051.62,Apple Pay
4290,ORD_104290,1,50,CUST_0050,8,PROD_0008,Audio Headphones Pro-Series 2,Consumer Electronics,20250216,2025-02-16,2025-02-16 04:00:00,4,LATAM,VIP,5,596.84,149.21,2984.2,2834.99,PayPal
4291,ORD_104291,1,252,CUST_0252,40,PROD_0040,Tech Guides Pro-Series 1,Books & Media,20250405,2025-04-05,2025-04-05 06:00:00,1,North America,Standard,5,507.6,0.0,2538.0,2538.0,Credit Card
4292,ORD_104292,1,291,CUST_0291,25,PROD_0025,Men's Jackets Pro-Series 1,Apparel & Fashion,20250213,2025-02-13,2025-02-13 21:00:00,2,EMEA,Premium,3,381.42,57.21,1144.26,1087.05,Debit Card
4293,ORD_104293,1,266,CUST_0266,40,PROD_0040,Tech Guides Pro-Series 1,Books & Media,20251219,2025-12-19,2025-12-19 14:00:00,4,LATAM,Premium,2,507.6,101.52,1015.2,913.68,Apple Pay
4294,ORD_104294,1,232,CUST_0232,19,PROD_0019,Blenders Pro-Series 1,Home & Kitchen,20260601,2026-06-01,2026-06-01 15:00:00,3,APAC,Standard,2,523.93,157.18,1047.86,890.68,PayPal
4295,ORD_104295,1,268,CUST_0268,35,PROD_0035,Watches Pro-Series 2,Apparel & Fashion,20251104,2025-11-04,2025-11-04 16:00:00,2,EMEA,Premium,2,495.6,148.68,991.2,842.52,PayPal
4296,ORD_104296,1,152,CUST_0152,12,PROD_0012,Smartwatches Pro-Series 3,Consumer Electronics,20251119,2025-11-19,2025-11-19 09:00:00,2,EMEA,Premium,3,414.15,62.12,1242.45,1180.33,Apple Pay
4297,ORD_104297,1,461,CUST_0461,30,PROD_0030,Women's Sneakers Pro-Series 3,Apparel & Fashion,20250430,2025-04-30,2025-04-30 02:00:00,2,EMEA,Standard,5,378.05,0.0,1890.25,1890.25,Apple Pay
4298,ORD_104298,1,129,CUST_0129,22,PROD_0022,Robotic Vacuums Pro-Series 1,Home & Kitchen,20250217,2025-02-17,2025-02-17 07:00:00,3,APAC,Premium,2,573.0,57.3,1146.0,1088.7,Debit Card
4299,ORD_104299,1,135,CUST_0135,29,PROD_0029,Women's Sneakers Pro-Series 2,Apparel & Fashion,20250612,2025-06-12,2025-06-12 00:00:00,4,LATAM,Standard,4,420.39,252.23,1681.56,1429.33,Debit Card
4300,ORD_104300,1,23,CUST_0023,35,PROD_0035,Watches Pro-Series 2,Apparel & Fashion,20260123,2026-01-23,2026-01-23 22:00:00,2,EMEA,Premium,5,495.6,371.7,2478.0,2106.3,Apple Pay
4301,ORD_104301,1,357,CUST_0357,33,PROD_0033,Sportswear Pro-Series 3,Apparel & Fashion,20251125,2025-11-25,2025-11-25 22:00:00,4,LATAM,Premium,1,230.01,11.5,230.01,218.51,Credit Card
4302,ORD_104302,1,107,CUST_0107,5,PROD_0005,Laptops Pro-Series 2,Consumer Electronics,20260429,2026-04-29,2026-04-29 10:00:00,2,EMEA,Premium,4,144.32,57.73,577.28,519.55,PayPal
4303,ORD_104303,1,398,CUST_0398,9,PROD_0009,Audio Headphones Pro-Series 3,Consumer Electronics,20250416,2025-04-16,2025-04-16 11:00:00,4,LATAM,Premium,2,512.06,0.0,1024.12,1024.12,Credit Card
4304,ORD_104304,1,365,CUST_0365,6,PROD_0006,Laptops Pro-Series 3,Consumer Electronics,20260508,2026-05-08,2026-05-08 09:00:00,3,APAC,Standard,3,304.52,45.68,913.56,867.88,Credit Card
4305,ORD_104305,1,413,CUST_0413,25,PROD_0025,Men's Jackets Pro-Series 1,Apparel & Fashion,20250505,2025-05-05,2025-05-05 00:00:00,1,North America,Standard,3,381.42,114.43,1144.26,1029.83,Apple Pay
4306,ORD_104306,1,404,CUST_0404,39,PROD_0039,Hardcover Novels Pro-Series 3,Books & Media,20250526,2025-05-26,2025-05-26 18:00:00,4,LATAM,Premium,3,217.64,65.29,652.92,587.63,Debit Card
4307,ORD_104307,1,477,CUST_0477,14,PROD_0014,Coffee Makers Pro-Series 2,Home & Kitchen,20251116,2025-11-16,2025-11-16 08:00:00,2,EMEA,VIP,1,94.28,14.14,94.28,80.14,Credit Card
4308,ORD_104308,1,436,CUST_0436,24,PROD_0024,Robotic Vacuums Pro-Series 3,Home & Kitchen,20250506,2025-05-06,2025-05-06 21:00:00,2,EMEA,Premium,2,106.82,10.68,213.64,202.96,Apple Pay
4309,ORD_104309,1,85,CUST_0085,40,PROD_0040,Tech Guides Pro-Series 1,Books & Media,20260818,2026-08-18,2026-08-18 14:00:00,4,LATAM,Standard,5,507.6,380.7,2538.0,2157.3,Credit Card
4310,ORD_104310,1,385,CUST_0385,3,PROD_0003,Smartphones Pro-Series 3,Consumer Electronics,20250405,2025-04-05,2025-04-05 00:00:00,2,EMEA,Standard,3,194.64,29.2,583.92,554.72,Apple Pay
4311,ORD_104311,1,308,CUST_0308,32,PROD_0032,Sportswear Pro-Series 2,Apparel & Fashion,20251105,2025-11-05,2025-11-05 19:00:00,3,APAC,Premium,5,106.55,53.28,532.75,479.47,Debit Card
4312,ORD_104312,1,272,CUST_0272,34,PROD_0034,Watches Pro-Series 1,Apparel & Fashion,20250312,2025-03-12,2025-03-12 23:00:00,1,North America,Standard,4,277.89,166.73,1111.56,944.83,Credit Card
4313,ORD_104313,1,188,CUST_0188,37,PROD_0037,Hardcover Novels Pro-Series 1,Books & Media,20250514,2025-05-14,2025-05-14 03:00:00,2,EMEA,Premium,4,271.24,108.5,1084.96,976.46,PayPal
4314,ORD_104314,1,471,CUST_0471,15,PROD_0015,Coffee Makers Pro-Series 3,Home & Kitchen,20260413,2026-04-13,2026-04-13 13:00:00,2,EMEA,Standard,4,397.04,158.82,1588.16,1429.34,Credit Card
4315,ORD_104315,1,61,CUST_0061,11,PROD_0011,Smartwatches Pro-Series 2,Consumer Electronics,20250804,2025-08-04,2025-08-04 06:00:00,2,EMEA,VIP,2,627.26,62.73,1254.52,1191.79,Apple Pay
4316,ORD_104316,1,21,CUST_0021,29,PROD_0029,Women's Sneakers Pro-Series 2,Apparel & Fashion,20250928,2025-09-28,2025-09-28 17:00:00,1,North America,Premium,3,420.39,189.18,1261.17,1071.99,PayPal
4317,ORD_104317,1,375,CUST_0375,34,PROD_0034,Watches Pro-Series 1,Apparel & Fashion,20250501,2025-05-01,2025-05-01 09:00:00,2,EMEA,Premium,4,277.89,166.73,1111.56,944.83,Apple Pay
4318,ORD_104318,1,371,CUST_0371,32,PROD_0032,Sportswear Pro-Series 2,Apparel & Fashion,20260416,2026-04-16,2026-04-16 15:00:00,3,APAC,Standard,1,106.55,15.98,106.55,90.57,Credit Card
4319,ORD_104319,1,198,CUST_0198,27,PROD_0027,Men's Jackets Pro-Series 3,Apparel & Fashion,20250815,2025-08-15,2025-08-15 12:00:00,3,APAC,VIP,4,452.99,0.0,1811.96,1811.96,Credit Card
4320,ORD_104320,1,493,CUST_0493,9,PROD_0009,Audio Headphones Pro-Series 3,Consumer Electronics,20260406,2026-04-06,2026-04-06 12:00:00,2,EMEA,Premium,5,512.06,128.01,2560.3,2432.29,Credit Card
4321,ORD_104321,1,331,CUST_0331,35,PROD_0035,Watches Pro-Series 2,Apparel & Fashion,20250705,2025-07-05,2025-07-05 21:00:00,2,EMEA,Standard,1,495.6,24.78,495.6,470.82,Debit Card
4322,ORD_104322,1,247,CUST_0247,36,PROD_0036,Watches Pro-Series 3,Apparel & Fashion,20260705,2026-07-05,2026-07-05 05:00:00,3,APAC,Premium,4,387.69,77.54,1550.76,1473.22,Debit Card
4323,ORD_104323,1,405,CUST_0405,14,PROD_0014,Coffee Makers Pro-Series 2,Home & Kitchen,20250925,2025-09-25,2025-09-25 22:00:00,2,EMEA,Standard,2,94.28,0.0,188.56,188.56,Apple Pay
4324,ORD_104324,1,301,CUST_0301,28,PROD_0028,Women's Sneakers Pro-Series 1,Apparel & Fashion,20260104,2026-01-04,2026-01-04 20:00:00,2,EMEA,Premium,1,301.74,45.26,301.74,256.48,Debit Card
4325,ORD_104325,1,455,CUST_0455,18,PROD_0018,Air Fryers Pro-Series 3,Home & Kitchen,20260211,2026-02-11,2026-02-11 01:00:00,3,APAC,Standard,2,497.95,0.0,995.9,995.9,PayPal
4326,ORD_104326,1,335,CUST_0335,17,PROD_0017,Air Fryers Pro-Series 2,Home & Kitchen,20250727,2025-07-27,2025-07-27 08:00:00,2,EMEA,Standard,3,438.78,131.63,1316.34,1184.71,Credit Card
4327,ORD_104327,1,337,CUST_0337,20,PROD_0020,Blenders Pro-Series 2,Home & Kitchen,20250426,2025-04-26,2025-04-26 16:00:00,4,LATAM,Premium,3,80.82,0.0,242.46,242.46,PayPal
4328,ORD_104328,1,61,CUST_0061,2,PROD_0002,Smartphones Pro-Series 2,Consumer Electronics,20250925,2025-09-25,2025-09-25 05:00:00,4,LATAM,VIP,2,484.7,145.41,969.4,823.99,Credit Card
4329,ORD_104329,1,10,CUST_0010,20,PROD_0020,Blenders Pro-Series 2,Home & Kitchen,20260501,2026-05-01,2026-05-01 22:00:00,2,EMEA,Standard,4,80.82,32.33,323.28,290.95,Credit Card
4330,ORD_104330,1,211,CUST_0211,22,PROD_0022,Robotic Vacuums Pro-Series 1,Home & Kitchen,20250327,2025-03-27,2025-03-27 22:00:00,3,APAC,Standard,3,573.0,171.9,1719.0,1547.1,Apple Pay
4331,ORD_104331,1,319,CUST_0319,16,PROD_0016,Air Fryers Pro-Series 1,Home & Kitchen,20250620,2025-06-20,2025-06-20 02:00:00,4,LATAM,Standard,5,403.75,100.94,2018.75,1917.81,Credit Card
4332,ORD_104332,1,100,CUST_0100,45,PROD_0045,Audiobooks Pro-Series 3,Books & Media,20250802,2025-08-02,2025-08-02 13:00:00,4,LATAM,Standard,3,512.51,230.63,1537.53,1306.9,PayPal
4333,ORD_104333,1,237,CUST_0237,28,PROD_0028,Women's Sneakers Pro-Series 1,Apparel & Fashion,20260516,2026-05-16,2026-05-16 12:00:00,4,LATAM,Standard,4,301.74,181.04,1206.96,1025.92,Apple Pay
4334,ORD_104334,1,185,CUST_0185,36,PROD_0036,Watches Pro-Series 3,Apparel & Fashion,20260805,2026-08-05,2026-08-05 06:00:00,4,LATAM,VIP,1,387.69,19.38,387.69,368.31,Apple Pay
4335,ORD_104335,1,132,CUST_0132,39,PROD_0039,Hardcover Novels Pro-Series 3,Books & Media,20250402,2025-04-02,2025-04-02 15:00:00,1,North America,Standard,5,217.64,108.82,1088.2,979.38,PayPal
4336,ORD_104336,1,492,CUST_0492,36,PROD_0036,Watches Pro-Series 3,Apparel & Fashion,20260723,2026-07-23,2026-07-23 00:00:00,3,APAC,Standard,2,387.69,116.31,775.38,659.07,Debit Card
4337,ORD_104337,1,103,CUST_0103,39,PROD_0039,Hardcover Novels Pro-Series 3,Books & Media,20250514,2025-05-14,2025-05-14 06:00:00,1,North America,Premium,4,217.64,130.58,870.56,739.98,Credit Card
4338,ORD_104338,1,17,CUST_0017,7,PROD_0007,Audio Headphones Pro-Series 1,Consumer Electronics,20260108,2026-01-08,2026-01-08 00:00:00,1,North America,Premium,1,136.35,6.82,136.35,129.53,Credit Card
4339,ORD_104339,1,270,CUST_0270,1,PROD_0001,Smartphones Pro-Series 1,Consumer Electronics,20251209,2025-12-09,2025-12-09 09:00:00,3,APAC,Standard,3,247.49,37.12,742.47,705.35,PayPal
4340,ORD_104340,1,256,CUST_0256,40,PROD_0040,Tech Guides Pro-Series 1,Books & Media,20260227,2026-02-27,2026-02-27 08:00:00,2,EMEA,Premium,1,507.6,50.76,507.6,456.84,Credit Card
4341,ORD_104341,1,443,CUST_0443,34,PROD_0034,Watches Pro-Series 1,Apparel & Fashion,20250331,2025-03-31,2025-03-31 00:00:00,4,LATAM,Standard,1,277.89,41.68,277.89,236.21,Apple Pay
4342,ORD_104342,1,311,CUST_0311,2,PROD_0002,Smartphones Pro-Series 2,Consumer Electronics,20260417,2026-04-17,2026-04-17 22:00:00,3,APAC,Standard,5,484.7,0.0,2423.5,2423.5,Apple Pay
4343,ORD_104343,1,272,CUST_0272,43,PROD_0043,Audiobooks Pro-Series 1,Books & Media,20260508,2026-05-08,2026-05-08 07:00:00,1,North America,Standard,4,262.83,157.7,1051.32,893.62,Debit Card
4344,ORD_104344,1,119,CUST_0119,25,PROD_0025,Men's Jackets Pro-Series 1,Apparel & Fashion,20260418,2026-04-18,2026-04-18 21:00:00,4,LATAM,Premium,2,381.42,0.0,762.84,762.84,Debit Card
4345,ORD_104345,1,411,CUST_0411,12,PROD_0012,Smartwatches Pro-Series 3,Consumer Electronics,20250502,2025-05-02,2025-05-02 01:00:00,2,EMEA,Standard,4,414.15,82.83,1656.6,1573.77,Debit Card
4346,ORD_104346,1,346,CUST_0346,12,PROD_0012,Smartwatches Pro-Series 3,Consumer Electronics,20251109,2025-11-09,2025-11-09 07:00:00,1,North America,Standard,3,414.15,186.37,1242.45,1056.08,Debit Card
4347,ORD_104347,1,467,CUST_0467,24,PROD_0024,Robotic Vacuums Pro-Series 3,Home & Kitchen,20250612,2025-06-12,2025-06-12 08:00:00,4,LATAM,Premium,1,106.82,10.68,106.82,96.14,Apple Pay
4348,ORD_104348,1,101,CUST_0101,11,PROD_0011,Smartwatches Pro-Series 2,Consumer Electronics,20260331,2026-03-31,2026-03-31 19:00:00,4,LATAM,Standard,4,627.26,0.0,2509.04,2509.04,Credit Card
4349,ORD_104349,1,172,CUST_0172,20,PROD_0020,Blenders Pro-Series 2,Home & Kitchen,20250429,2025-04-29,2025-04-29 21:00:00,1,North America,Standard,4,80.82,48.49,323.28,274.79,PayPal
4350,ORD_104350,1,429,CUST_0429,27,PROD_0027,Men's Jackets Pro-Series 3,Apparel & Fashion,20250707,2025-07-07,2025-07-07 23:00:00,1,North America,Standard,5,452.99,339.74,2264.95,1925.21,Apple Pay
4351,ORD_104351,1,283,CUST_0283,45,PROD_0045,Audiobooks Pro-Series 3,Books & Media,20260221,2026-02-21,2026-02-21 16:00:00,4,LATAM,Standard,1,512.51,0.0,512.51,512.51,Apple Pay
4352,ORD_104352,1,483,CUST_0483,23,PROD_0023,Robotic Vacuums Pro-Series 2,Home & Kitchen,20260501,2026-05-01,2026-05-01 06:00:00,4,LATAM,Premium,4,80.72,32.29,322.88,290.59,PayPal
4353,ORD_104353,1,141,CUST_0141,18,PROD_0018,Air Fryers Pro-Series 3,Home & Kitchen,20250719,2025-07-19,2025-07-19 13:00:00,4,LATAM,Standard,1,497.95,24.9,497.95,473.05,Debit Card
4354,ORD_104354,1,251,CUST_0251,26,PROD_0026,Men's Jackets Pro-Series 2,Apparel & Fashion,20250725,2025-07-25,2025-07-25 04:00:00,4,LATAM,Premium,4,387.88,155.15,1551.52,1396.37,Debit Card
4355,ORD_104355,1,172,CUST_0172,34,PROD_0034,Watches Pro-Series 1,Apparel & Fashion,20250928,2025-09-28,2025-09-28 23:00:00,4,LATAM,Standard,4,277.89,166.73,1111.56,944.83,Apple Pay
4356,ORD_104356,1,136,CUST_0136,29,PROD_0029,Women's Sneakers Pro-Series 2,Apparel & Fashion,20260821,2026-08-21,2026-08-21 20:00:00,1,North America,Standard,3,420.39,126.12,1261.17,1135.05,PayPal
4357,ORD_104357,1,465,CUST_0465,17,PROD_0017,Air Fryers Pro-Series 2,Home & Kitchen,20251009,2025-10-09,2025-10-09 14:00:00,3,APAC,Premium,1,438.78,21.94,438.78,416.84,Apple Pay
4358,ORD_104358,1,124,CUST_0124,29,PROD_0029,Women's Sneakers Pro-Series 2,Apparel & Fashion,20250125,2025-01-25,2025-01-25 11:00:00,4,LATAM,VIP,2,420.39,0.0,840.78,840.78,Apple Pay
4359,ORD_104359,1,204,CUST_0204,21,PROD_0021,Blenders Pro-Series 3,Home & Kitchen,20260621,2026-06-21,2026-06-21 19:00:00,2,EMEA,Standard,5,137.29,68.64,686.45,617.81,Apple Pay
4360,ORD_104360,1,226,CUST_0226,23,PROD_0023,Robotic Vacuums Pro-Series 2,Home & Kitchen,20250128,2025-01-28,2025-01-28 07:00:00,3,APAC,Standard,5,80.72,0.0,403.6,403.6,Debit Card
4361,ORD_104361,1,192,CUST_0192,15,PROD_0015,Coffee Makers Pro-Series 3,Home & Kitchen,20260622,2026-06-22,2026-06-22 00:00:00,2,EMEA,Premium,2,397.04,79.41,794.08,714.67,Debit Card
4362,ORD_104362,1,96,CUST_0096,39,PROD_0039,Hardcover Novels Pro-Series 3,Books & Media,20260818,2026-08-18,2026-08-18 06:00:00,1,North America,Standard,2,217.64,65.29,435.28,369.99,Debit Card
4363,ORD_104363,1,269,CUST_0269,3,PROD_0003,Smartphones Pro-Series 3,Consumer Electronics,20251107,2025-11-07,2025-11-07 23:00:00,3,APAC,Standard,1,194.64,29.2,194.64,165.44,PayPal
4364,ORD_104364,1,29,CUST_0029,18,PROD_0018,Air Fryers Pro-Series 3,Home & Kitchen,20260415,2026-04-15,2026-04-15 06:00:00,1,North America,Premium,3,497.95,0.0,1493.85,1493.85,Debit Card
4365,ORD_104365,1,416,CUST_0416,17,PROD_0017,Air Fryers Pro-Series 2,Home & Kitchen,20250812,2025-08-12,2025-08-12 05:00:00,1,North America,VIP,3,438.78,0.0,1316.34,1316.34,Credit Card
4366,ORD_104366,1,185,CUST_0185,34,PROD_0034,Watches Pro-Series 1,Apparel & Fashion,20250525,2025-05-25,2025-05-25 13:00:00,2,EMEA,VIP,5,277.89,208.42,1389.45,1181.03,Debit Card
4367,ORD_104367,1,457,CUST_0457,19,PROD_0019,Blenders Pro-Series 1,Home & Kitchen,20250730,2025-07-30,2025-07-30 06:00:00,4,LATAM,Premium,4,523.93,209.57,2095.72,1886.15,Debit Card
4368,ORD_104368,1,404,CUST_0404,26,PROD_0026,Men's Jackets Pro-Series 2,Apparel & Fashion,20250930,2025-09-30,2025-09-30 22:00:00,4,LATAM,Premium,1,387.88,19.39,387.88,368.49,PayPal
4369,ORD_104369,1,101,CUST_0101,37,PROD_0037,Hardcover Novels Pro-Series 1,Books & Media,20250520,2025-05-20,2025-05-20 15:00:00,4,LATAM,Standard,3,271.24,0.0,813.72,813.72,Apple Pay
4370,ORD_104370,1,363,CUST_0363,37,PROD_0037,Hardcover Novels Pro-Series 1,Books & Media,20250531,2025-05-31,2025-05-31 01:00:00,3,APAC,Standard,1,271.24,0.0,271.24,271.24,Credit Card
4371,ORD_104371,1,322,CUST_0322,32,PROD_0032,Sportswear Pro-Series 2,Apparel & Fashion,20250122,2025-01-22,2025-01-22 05:00:00,4,LATAM,Premium,1,106.55,15.98,106.55,90.57,Credit Card
4372,ORD_104372,1,201,CUST_0201,20,PROD_0020,Blenders Pro-Series 2,Home & Kitchen,20251202,2025-12-02,2025-12-02 03:00:00,3,APAC,Premium,5,80.82,60.61,404.1,343.49,Debit Card
4373,ORD_104373,1,241,CUST_0241,13,PROD_0013,Coffee Makers Pro-Series 1,Home & Kitchen,20260803,2026-08-03,2026-08-03 20:00:00,2,EMEA,Standard,2,177.25,0.0,354.5,354.5,Debit Card
4374,ORD_104374,1,129,CUST_0129,14,PROD_0014,Coffee Makers Pro-Series 2,Home & Kitchen,20250331,2025-03-31,2025-03-31 08:00:00,3,APAC,Premium,4,94.28,37.71,377.12,339.41,Apple Pay
4375,ORD_104375,1,303,CUST_0303,14,PROD_0014,Coffee Makers Pro-Series 2,Home & Kitchen,20260430,2026-04-30,2026-04-30 16:00:00,3,APAC,Standard,1,94.28,9.43,94.28,84.85,PayPal
4376,ORD_104376,1,96,CUST_0096,30,PROD_0030,Women's Sneakers Pro-Series 3,Apparel & Fashion,20260224,2026-02-24,2026-02-24 01:00:00,1,North America,Standard,4,378.05,226.83,1512.2,1285.37,Apple Pay
4377,ORD_104377,1,31,CUST_0031,31,PROD_0031,Sportswear Pro-Series 1,Apparel & Fashion,20260320,2026-03-20,2026-03-20 15:00:00,1,North America,Standard,5,610.97,0.0,3054.85,3054.85,PayPal
4378,ORD_104378,1,453,CUST_0453,26,PROD_0026,Men's Jackets Pro-Series 2,Apparel & Fashion,20250706,2025-07-06,2025-07-06 07:00:00,1,North America,Premium,2,387.88,0.0,775.76,775.76,PayPal
4379,ORD_104379,1,237,CUST_0237,17,PROD_0017,Air Fryers Pro-Series 2,Home & Kitchen,20250712,2025-07-12,2025-07-12 15:00:00,3,APAC,Standard,5,438.78,219.39,2193.9,1974.51,Credit Card
4380,ORD_104380,1,256,CUST_0256,27,PROD_0027,Men's Jackets Pro-Series 3,Apparel & Fashion,20250801,2025-08-01,2025-08-01 07:00:00,4,LATAM,Premium,1,452.99,45.3,452.99,407.69,Credit Card
4381,ORD_104381,1,34,CUST_0034,3,PROD_0003,Smartphones Pro-Series 3,Consumer Electronics,20260517,2026-05-17,2026-05-17 18:00:00,4,LATAM,VIP,3,194.64,0.0,583.92,583.92,Credit Card
4382,ORD_104382,1,21,CUST_0021,32,PROD_0032,Sportswear Pro-Series 2,Apparel & Fashion,20260314,2026-03-14,2026-03-14 08:00:00,1,North America,Premium,4,106.55,21.31,426.2,404.89,Apple Pay
4383,ORD_104383,1,375,CUST_0375,18,PROD_0018,Air Fryers Pro-Series 3,Home & Kitchen,20260328,2026-03-28,2026-03-28 16:00:00,2,EMEA,Premium,1,497.95,24.9,497.95,473.05,Apple Pay
4384,ORD_104384,1,237,CUST_0237,14,PROD_0014,Coffee Makers Pro-Series 2,Home & Kitchen,20260614,2026-06-14,2026-06-14 11:00:00,4,LATAM,Standard,3,94.28,28.28,282.84,254.56,Credit Card
4385,ORD_104385,1,318,CUST_0318,9,PROD_0009,Audio Headphones Pro-Series 3,Consumer Electronics,20251026,2025-10-26,2025-10-26 08:00:00,4,LATAM,Standard,2,512.06,0.0,1024.12,1024.12,Credit Card
4386,ORD_104386,1,444,CUST_0444,29,PROD_0029,Women's Sneakers Pro-Series 2,Apparel & Fashion,20250713,2025-07-13,2025-07-13 03:00:00,2,EMEA,Standard,4,420.39,168.16,1681.56,1513.4,PayPal
4387,ORD_104387,1,253,CUST_0253,34,PROD_0034,Watches Pro-Series 1,Apparel & Fashion,20250326,2025-03-26,2025-03-26 13:00:00,3,APAC,Premium,5,277.89,138.94,1389.45,1250.51,Apple Pay
4388,ORD_104388,1,283,CUST_0283,36,PROD_0036,Watches Pro-Series 3,Apparel & Fashion,20251001,2025-10-01,2025-10-01 01:00:00,3,APAC,Standard,5,387.69,96.92,1938.45,1841.53,Credit Card
4389,ORD_104389,1,498,CUST_0498,41,PROD_0041,Tech Guides Pro-Series 2,Books & Media,20250724,2025-07-24,2025-07-24 05:00:00,1,North America,Standard,4,539.9,215.96,2159.6,1943.64,Debit Card
4390,ORD_104390,1,423,CUST_0423,22,PROD_0022,Robotic Vacuums Pro-Series 1,Home & Kitchen,20250106,2025-01-06,2025-01-06 22:00:00,2,EMEA,Standard,4,573.0,0.0,2292.0,2292.0,Credit Card
4391,ORD_104391,1,106,CUST_0106,42,PROD_0042,Tech Guides Pro-Series 3,Books & Media,20260106,2026-01-06,2026-01-06 05:00:00,1,North America,Standard,2,201.79,60.54,403.58,343.04,Debit Card
4392,ORD_104392,1,11,CUST_0011,39,PROD_0039,Hardcover Novels Pro-Series 3,Books & Media,20250720,2025-07-20,2025-07-20 07:00:00,2,EMEA,Standard,2,217.64,43.53,435.28,391.75,Debit Card
4393,ORD_104393,1,497,CUST_0497,1,PROD_0001,Smartphones Pro-Series 1,Consumer Electronics,20251228,2025-12-28,2025-12-28 08:00:00,2,EMEA,Premium,1,247.49,37.12,247.49,210.37,Credit Card
4394,ORD_104394,1,413,CUST_0413,4,PROD_0004,Laptops Pro-Series 1,Consumer Electronics,20251228,2025-12-28,2025-12-28 08:00:00,2,EMEA,Standard,4,328.32,65.66,1313.28,1247.62,PayPal
4395,ORD_104395,1,75,CUST_0075,41,PROD_0041,Tech Guides Pro-Series 2,Books & Media,20250127,2025-01-27,2025-01-27 03:00:00,3,APAC,VIP,2,539.9,0.0,1079.8,1079.8,Apple Pay
4396,ORD_104396,1,150,CUST_0150,9,PROD_0009,Audio Headphones Pro-Series 3,Consumer Electronics,20250105,2025-01-05,2025-01-05 00:00:00,2,EMEA,VIP,1,512.06,25.6,512.06,486.46,Credit Card
4397,ORD_104397,1,65,CUST_0065,4,PROD_0004,Laptops Pro-Series 1,Consumer Electronics,20260129,2026-01-29,2026-01-29 16:00:00,3,APAC,Standard,5,328.32,0.0,1641.6,1641.6,Credit Card
4398,ORD_104398,1,466,CUST_0466,4,PROD_0004,Laptops Pro-Series 1,Consumer Electronics,20260804,2026-08-04,2026-08-04 07:00:00,3,APAC,Premium,3,328.32,98.5,984.96,886.46,Debit Card
4399,ORD_104399,1,184,CUST_0184,29,PROD_0029,Women's Sneakers Pro-Series 2,Apparel & Fashion,20250811,2025-08-11,2025-08-11 16:00:00,4,LATAM,Premium,5,420.39,315.29,2101.95,1786.66,PayPal
4400,ORD_104400,1,482,CUST_0482,10,PROD_0010,Smartwatches Pro-Series 1,Consumer Electronics,20260824,2026-08-24,2026-08-24 16:00:00,3,APAC,Standard,3,238.77,71.63,716.31,644.68,PayPal
4401,ORD_104401,1,192,CUST_0192,6,PROD_0006,Laptops Pro-Series 3,Consumer Electronics,20260623,2026-06-23,2026-06-23 03:00:00,2,EMEA,Premium,4,304.52,60.9,1218.08,1157.18,PayPal
4402,ORD_104402,1,224,CUST_0224,18,PROD_0018,Air Fryers Pro-Series 3,Home & Kitchen,20260612,2026-06-12,2026-06-12 04:00:00,2,EMEA,Premium,5,497.95,248.98,2489.75,2240.77,Credit Card
4403,ORD_104403,1,95,CUST_0095,24,PROD_0024,Robotic Vacuums Pro-Series 3,Home & Kitchen,20260601,2026-06-01,2026-06-01 10:00:00,3,APAC,Premium,4,106.82,64.09,427.28,363.19,Credit Card
4404,ORD_104404,1,303,CUST_0303,3,PROD_0003,Smartphones Pro-Series 3,Consumer Electronics,20251211,2025-12-11,2025-12-11 10:00:00,2,EMEA,Standard,1,194.64,0.0,194.64,194.64,Debit Card
4405,ORD_104405,1,135,CUST_0135,33,PROD_0033,Sportswear Pro-Series 3,Apparel & Fashion,20251203,2025-12-03,2025-12-03 09:00:00,4,LATAM,Standard,4,230.01,0.0,920.04,920.04,Apple Pay
4406,ORD_104406,1,391,CUST_0391,19,PROD_0019,Blenders Pro-Series 1,Home & Kitchen,20250116,2025-01-16,2025-01-16 22:00:00,3,APAC,Standard,5,523.93,0.0,2619.65,2619.65,Apple Pay
4407,ORD_104407,1,293,CUST_0293,9,PROD_0009,Audio Headphones Pro-Series 3,Consumer Electronics,20250201,2025-02-01,2025-02-01 16:00:00,3,APAC,Premium,3,512.06,230.43,1536.18,1305.75,Apple Pay
4408,ORD_104408,1,470,CUST_0470,22,PROD_0022,Robotic Vacuums Pro-Series 1,Home & Kitchen,20250212,2025-02-12,2025-02-12 07:00:00,1,North America,Standard,4,573.0,343.8,2292.0,1948.2,Apple Pay
4409,ORD_104409,1,308,CUST_0308,45,PROD_0045,Audiobooks Pro-Series 3,Books & Media,20251221,2025-12-21,2025-12-21 11:00:00,2,EMEA,Premium,3,512.51,153.75,1537.53,1383.78,Credit Card
4410,ORD_104410,1,388,CUST_0388,9,PROD_0009,Audio Headphones Pro-Series 3,Consumer Electronics,20250305,2025-03-05,2025-03-05 16:00:00,2,EMEA,Standard,4,512.06,307.24,2048.24,1741.0,Apple Pay
4411,ORD_104411,1,394,CUST_0394,29,PROD_0029,Women's Sneakers Pro-Series 2,Apparel & Fashion,20251104,2025-11-04,2025-11-04 14:00:00,4,LATAM,Premium,4,420.39,168.16,1681.56,1513.4,Apple Pay
4412,ORD_104412,1,190,CUST_0190,19,PROD_0019,Blenders Pro-Series 1,Home & Kitchen,20260812,2026-08-12,2026-08-12 05:00:00,1,North America,Standard,2,523.93,52.39,1047.86,995.47,Debit Card
4413,ORD_104413,1,378,CUST_0378,38,PROD_0038,Hardcover Novels Pro-Series 2,Books & Media,20250601,2025-06-01,2025-06-01 09:00:00,2,EMEA,Standard,4,157.75,94.65,631.0,536.35,Credit Card
4414,ORD_104414,1,32,CUST_0032,19,PROD_0019,Blenders Pro-Series 1,Home & Kitchen,20250118,2025-01-18,2025-01-18 15:00:00,3,APAC,Standard,3,523.93,157.18,1571.79,1414.61,Apple Pay
4415,ORD_104415,1,378,CUST_0378,27,PROD_0027,Men's Jackets Pro-Series 3,Apparel & Fashion,20260806,2026-08-06,2026-08-06 22:00:00,4,LATAM,Standard,3,452.99,0.0,1358.97,1358.97,Debit Card
4416,ORD_104416,1,102,CUST_0102,44,PROD_0044,Audiobooks Pro-Series 2,Books & Media,20260313,2026-03-13,2026-03-13 04:00:00,3,APAC,Premium,4,86.85,52.11,347.4,295.29,Credit Card
4417,ORD_104417,1,187,CUST_0187,38,PROD_0038,Hardcover Novels Pro-Series 2,Books & Media,20250607,2025-06-07,2025-06-07 10:00:00,2,EMEA,Standard,3,157.75,0.0,473.25,473.25,PayPal
4418,ORD_104418,1,229,CUST_0229,17,PROD_0017,Air Fryers Pro-Series 2,Home & Kitchen,20260407,2026-04-07,2026-04-07 13:00:00,1,North America,Standard,4,438.78,175.51,1755.12,1579.61,Credit Card
4419,ORD_104419,1,252,CUST_0252,10,PROD_0010,Smartwatches Pro-Series 1,Consumer Electronics,20250608,2025-06-08,2025-06-08 04:00:00,4,LATAM,Standard,4,238.77,95.51,955.08,859.57,PayPal
4420,ORD_104420,1,419,CUST_0419,24,PROD_0024,Robotic Vacuums Pro-Series 3,Home & Kitchen,20250306,2025-03-06,2025-03-06 09:00:00,1,North America,VIP,2,106.82,21.36,213.64,192.28,Credit Card
4421,ORD_104421,1,420,CUST_0420,4,PROD_0004,Laptops Pro-Series 1,Consumer Electronics,20260524,2026-05-24,2026-05-24 20:00:00,1,North America,Standard,3,328.32,98.5,984.96,886.46,Apple Pay
4422,ORD_104422,1,124,CUST_0124,19,PROD_0019,Blenders Pro-Series 1,Home & Kitchen,20251211,2025-12-11,2025-12-11 17:00:00,3,APAC,VIP,3,523.93,157.18,1571.79,1414.61,Apple Pay
4423,ORD_104423,1,491,CUST_0491,8,PROD_0008,Audio Headphones Pro-Series 2,Consumer Electronics,20260322,2026-03-22,2026-03-22 05:00:00,4,LATAM,Standard,5,596.84,149.21,2984.2,2834.99,PayPal
4424,ORD_104424,1,248,CUST_0248,45,PROD_0045,Audiobooks Pro-Series 3,Books & Media,20260117,2026-01-17,2026-01-17 21:00:00,4,LATAM,Standard,4,512.51,0.0,2050.04,2050.04,Apple Pay
4425,ORD_104425,1,412,CUST_0412,38,PROD_0038,Hardcover Novels Pro-Series 2,Books & Media,20250108,2025-01-08,2025-01-08 09:00:00,1,North America,Standard,1,157.75,23.66,157.75,134.09,Credit Card
4426,ORD_104426,1,41,CUST_0041,31,PROD_0031,Sportswear Pro-Series 1,Apparel & Fashion,20251028,2025-10-28,2025-10-28 06:00:00,1,North America,Standard,3,610.97,183.29,1832.91,1649.62,Debit Card
4427,ORD_104427,1,393,CUST_0393,11,PROD_0011,Smartwatches Pro-Series 2,Consumer Electronics,20260727,2026-07-27,2026-07-27 10:00:00,1,North America,VIP,5,627.26,470.44,3136.3,2665.86,PayPal
4428,ORD_104428,1,285,CUST_0285,25,PROD_0025,Men's Jackets Pro-Series 1,Apparel & Fashion,20250817,2025-08-17,2025-08-17 12:00:00,1,North America,Standard,5,381.42,95.36,1907.1,1811.74,Credit Card
4429,ORD_104429,1,269,CUST_0269,37,PROD_0037,Hardcover Novels Pro-Series 1,Books & Media,20260307,2026-03-07,2026-03-07 01:00:00,3,APAC,Standard,1,271.24,0.0,271.24,271.24,Credit Card
4430,ORD_104430,1,405,CUST_0405,36,PROD_0036,Watches Pro-Series 3,Apparel & Fashion,20260113,2026-01-13,2026-01-13 11:00:00,2,EMEA,Standard,5,387.69,0.0,1938.45,1938.45,Credit Card
4431,ORD_104431,1,431,CUST_0431,14,PROD_0014,Coffee Makers Pro-Series 2,Home & Kitchen,20250421,2025-04-21,2025-04-21 11:00:00,2,EMEA,Standard,1,94.28,4.71,94.28,89.57,Debit Card
4432,ORD_104432,1,17,CUST_0017,40,PROD_0040,Tech Guides Pro-Series 1,Books & Media,20251019,2025-10-19,2025-10-19 01:00:00,2,EMEA,Premium,2,507.6,50.76,1015.2,964.44,Debit Card
4433,ORD_104433,1,301,CUST_0301,3,PROD_0003,Smartphones Pro-Series 3,Consumer Electronics,20250906,2025-09-06,2025-09-06 15:00:00,2,EMEA,Premium,1,194.64,9.73,194.64,184.91,Debit Card
4434,ORD_104434,1,484,CUST_0484,42,PROD_0042,Tech Guides Pro-Series 3,Books & Media,20260616,2026-06-16,2026-06-16 05:00:00,1,North America,Standard,5,201.79,50.45,1008.95,958.5,Apple Pay
4435,ORD_104435,1,267,CUST_0267,7,PROD_0007,Audio Headphones Pro-Series 1,Consumer Electronics,20251018,2025-10-18,2025-10-18 14:00:00,4,LATAM,Standard,4,136.35,81.81,545.4,463.59,Debit Card
4436,ORD_104436,1,452,CUST_0452,18,PROD_0018,Air Fryers Pro-Series 3,Home & Kitchen,20250912,2025-09-12,2025-09-12 23:00:00,2,EMEA,Premium,1,497.95,24.9,497.95,473.05,Apple Pay
4437,ORD_104437,1,48,CUST_0048,12,PROD_0012,Smartwatches Pro-Series 3,Consumer Electronics,20260609,2026-06-09,2026-06-09 22:00:00,3,APAC,Standard,2,414.15,124.24,828.3,704.06,Debit Card
4438,ORD_104438,1,143,CUST_0143,10,PROD_0010,Smartwatches Pro-Series 1,Consumer Electronics,20251027,2025-10-27,2025-10-27 15:00:00,4,LATAM,Premium,3,238.77,71.63,716.31,644.68,Credit Card
4439,ORD_104439,1,332,CUST_0332,36,PROD_0036,Watches Pro-Series 3,Apparel & Fashion,20250921,2025-09-21,2025-09-21 14:00:00,2,EMEA,Standard,2,387.69,116.31,775.38,659.07,Debit Card
4440,ORD_104440,1,227,CUST_0227,39,PROD_0039,Hardcover Novels Pro-Series 3,Books & Media,20260221,2026-02-21,2026-02-21 07:00:00,3,APAC,Standard,5,217.64,0.0,1088.2,1088.2,Debit Card
4441,ORD_104441,1,140,CUST_0140,40,PROD_0040,Tech Guides Pro-Series 1,Books & Media,20260331,2026-03-31,2026-03-31 09:00:00,2,EMEA,Standard,3,507.6,228.42,1522.8,1294.38,Debit Card
4442,ORD_104442,1,478,CUST_0478,17,PROD_0017,Air Fryers Pro-Series 2,Home & Kitchen,20250401,2025-04-01,2025-04-01 09:00:00,4,LATAM,Premium,5,438.78,109.69,2193.9,2084.21,Apple Pay
4443,ORD_104443,1,415,CUST_0415,21,PROD_0021,Blenders Pro-Series 3,Home & Kitchen,20250913,2025-09-13,2025-09-13 02:00:00,3,APAC,Premium,4,137.29,82.37,549.16,466.79,Apple Pay
4444,ORD_104444,1,315,CUST_0315,18,PROD_0018,Air Fryers Pro-Series 3,Home & Kitchen,20250528,2025-05-28,2025-05-28 06:00:00,1,North America,Premium,2,497.95,149.38,995.9,846.52,Credit Card
4445,ORD_104445,1,413,CUST_0413,25,PROD_0025,Men's Jackets Pro-Series 1,Apparel & Fashion,20260723,2026-07-23,2026-07-23 18:00:00,3,APAC,Standard,5,381.42,286.06,1907.1,1621.04,Debit Card
4446,ORD_104446,1,414,CUST_0414,34,PROD_0034,Watches Pro-Series 1,Apparel & Fashion,20260305,2026-03-05,2026-03-05 21:00:00,1,North America,Standard,1,277.89,13.89,277.89,264.0,PayPal
4447,ORD_104447,1,125,CUST_0125,43,PROD_0043,Audiobooks Pro-Series 1,Books & Media,20260814,2026-08-14,2026-08-14 04:00:00,2,EMEA,Standard,3,262.83,118.27,788.49,670.22,Debit Card
4448,ORD_104448,1,463,CUST_0463,4,PROD_0004,Laptops Pro-Series 1,Consumer Electronics,20250521,2025-05-21,2025-05-21 05:00:00,2,EMEA,Premium,4,328.32,65.66,1313.28,1247.62,PayPal
4449,ORD_104449,1,286,CUST_0286,18,PROD_0018,Air Fryers Pro-Series 3,Home & Kitchen,20260513,2026-05-13,2026-05-13 22:00:00,1,North America,Standard,4,497.95,0.0,1991.8,1991.8,PayPal
4450,ORD_104450,1,252,CUST_0252,20,PROD_0020,Blenders Pro-Series 2,Home & Kitchen,20260612,2026-06-12,2026-06-12 13:00:00,3,APAC,Standard,4,80.82,16.16,323.28,307.12,Credit Card
4451,ORD_104451,1,168,CUST_0168,38,PROD_0038,Hardcover Novels Pro-Series 2,Books & Media,20250929,2025-09-29,2025-09-29 10:00:00,4,LATAM,Standard,3,157.75,70.99,473.25,402.26,Debit Card
4452,ORD_104452,1,258,CUST_0258,25,PROD_0025,Men's Jackets Pro-Series 1,Apparel & Fashion,20260116,2026-01-16,2026-01-16 14:00:00,1,North America,Standard,1,381.42,38.14,381.42,343.28,Apple Pay
4453,ORD_104453,1,68,CUST_0068,26,PROD_0026,Men's Jackets Pro-Series 2,Apparel & Fashion,20250310,2025-03-10,2025-03-10 23:00:00,4,LATAM,Standard,4,387.88,155.15,1551.52,1396.37,Apple Pay
4454,ORD_104454,1,496,CUST_0496,27,PROD_0027,Men's Jackets Pro-Series 3,Apparel & Fashion,20250928,2025-09-28,2025-09-28 06:00:00,2,EMEA,Standard,2,452.99,135.9,905.98,770.08,Credit Card
4455,ORD_104455,1,55,CUST_0055,17,PROD_0017,Air Fryers Pro-Series 2,Home & Kitchen,20260112,2026-01-12,2026-01-12 13:00:00,4,LATAM,Standard,3,438.78,65.82,1316.34,1250.52,Apple Pay
4456,ORD_104456,1,22,CUST_0022,4,PROD_0004,Laptops Pro-Series 1,Consumer Electronics,20250917,2025-09-17,2025-09-17 05:00:00,3,APAC,Standard,2,328.32,0.0,656.64,656.64,Debit Card
4457,ORD_104457,1,234,CUST_0234,7,PROD_0007,Audio Headphones Pro-Series 1,Consumer Electronics,20260330,2026-03-30,2026-03-30 08:00:00,3,APAC,VIP,2,136.35,0.0,272.7,272.7,PayPal
4458,ORD_104458,1,324,CUST_0324,37,PROD_0037,Hardcover Novels Pro-Series 1,Books & Media,20251130,2025-11-30,2025-11-30 02:00:00,1,North America,VIP,5,271.24,135.62,1356.2,1220.58,Credit Card
4459,ORD_104459,1,192,CUST_0192,41,PROD_0041,Tech Guides Pro-Series 2,Books & Media,20251215,2025-12-15,2025-12-15 13:00:00,1,North America,Premium,2,539.9,53.99,1079.8,1025.81,Apple Pay
4460,ORD_104460,1,26,CUST_0026,35,PROD_0035,Watches Pro-Series 2,Apparel & Fashion,20260715,2026-07-15,2026-07-15 10:00:00,1,North America,Premium,3,495.6,74.34,1486.8,1412.46,PayPal
4461,ORD_104461,1,289,CUST_0289,33,PROD_0033,Sportswear Pro-Series 3,Apparel & Fashion,20250710,2025-07-10,2025-07-10 22:00:00,4,LATAM,Premium,4,230.01,138.01,920.04,782.03,PayPal
4462,ORD_104462,1,344,CUST_0344,38,PROD_0038,Hardcover Novels Pro-Series 2,Books & Media,20250710,2025-07-10,2025-07-10 15:00:00,1,North America,Standard,3,157.75,23.66,473.25,449.59,PayPal
4463,ORD_104463,1,50,CUST_0050,1,PROD_0001,Smartphones Pro-Series 1,Consumer Electronics,20250729,2025-07-29,2025-07-29 17:00:00,4,LATAM,VIP,1,247.49,0.0,247.49,247.49,Debit Card
4464,ORD_104464,1,187,CUST_0187,10,PROD_0010,Smartwatches Pro-Series 1,Consumer Electronics,20250214,2025-02-14,2025-02-14 01:00:00,2,EMEA,Standard,5,238.77,0.0,1193.85,1193.85,Apple Pay
4465,ORD_104465,1,461,CUST_0461,42,PROD_0042,Tech Guides Pro-Series 3,Books & Media,20251224,2025-12-24,2025-12-24 14:00:00,3,APAC,Standard,5,201.79,151.34,1008.95,857.61,Apple Pay
4466,ORD_104466,1,434,CUST_0434,9,PROD_0009,Audio Headphones Pro-Series 3,Consumer Electronics,20250122,2025-01-22,2025-01-22 10:00:00,4,LATAM,VIP,1,512.06,25.6,512.06,486.46,Apple Pay
4467,ORD_104467,1,491,CUST_0491,8,PROD_0008,Audio Headphones Pro-Series 2,Consumer Electronics,20260316,2026-03-16,2026-03-16 03:00:00,3,APAC,Standard,2,596.84,119.37,1193.68,1074.31,PayPal
4468,ORD_104468,1,483,CUST_0483,1,PROD_0001,Smartphones Pro-Series 1,Consumer Electronics,20250215,2025-02-15,2025-02-15 09:00:00,4,LATAM,Premium,4,247.49,99.0,989.96,890.96,Credit Card
4469,ORD_104469,1,220,CUST_0220,5,PROD_0005,Laptops Pro-Series 2,Consumer Electronics,20250815,2025-08-15,2025-08-15 01:00:00,1,North America,Premium,5,144.32,36.08,721.6,685.52,PayPal
4470,ORD_104470,1,282,CUST_0282,38,PROD_0038,Hardcover Novels Pro-Series 2,Books & Media,20250422,2025-04-22,2025-04-22 12:00:00,4,LATAM,Standard,3,157.75,47.33,473.25,425.92,PayPal
4471,ORD_104471,1,145,CUST_0145,29,PROD_0029,Women's Sneakers Pro-Series 2,Apparel & Fashion,20260416,2026-04-16,2026-04-16 03:00:00,2,EMEA,Premium,2,420.39,0.0,840.78,840.78,Apple Pay
4472,ORD_104472,1,313,CUST_0313,9,PROD_0009,Audio Headphones Pro-Series 3,Consumer Electronics,20250909,2025-09-09,2025-09-09 02:00:00,4,LATAM,Standard,3,512.06,76.81,1536.18,1459.37,Credit Card
4473,ORD_104473,1,218,CUST_0218,27,PROD_0027,Men's Jackets Pro-Series 3,Apparel & Fashion,20250703,2025-07-03,2025-07-03 13:00:00,3,APAC,Standard,4,452.99,0.0,1811.96,1811.96,PayPal
4474,ORD_104474,1,206,CUST_0206,6,PROD_0006,Laptops Pro-Series 3,Consumer Electronics,20250815,2025-08-15,2025-08-15 06:00:00,4,LATAM,Standard,3,304.52,91.36,913.56,822.2,Credit Card
4475,ORD_104475,1,129,CUST_0129,30,PROD_0030,Women's Sneakers Pro-Series 3,Apparel & Fashion,20260305,2026-03-05,2026-03-05 04:00:00,3,APAC,Premium,3,378.05,113.42,1134.15,1020.73,PayPal
4476,ORD_104476,1,482,CUST_0482,9,PROD_0009,Audio Headphones Pro-Series 3,Consumer Electronics,20260308,2026-03-08,2026-03-08 14:00:00,1,North America,Standard,2,512.06,153.62,1024.12,870.5,Debit Card
4477,ORD_104477,1,233,CUST_0233,21,PROD_0021,Blenders Pro-Series 3,Home & Kitchen,20250228,2025-02-28,2025-02-28 04:00:00,1,North America,Standard,1,137.29,0.0,137.29,137.29,Apple Pay
4478,ORD_104478,1,250,CUST_0250,3,PROD_0003,Smartphones Pro-Series 3,Consumer Electronics,20260324,2026-03-24,2026-03-24 17:00:00,4,LATAM,Standard,5,194.64,0.0,973.2,973.2,Apple Pay
4479,ORD_104479,1,396,CUST_0396,5,PROD_0005,Laptops Pro-Series 2,Consumer Electronics,20260419,2026-04-19,2026-04-19 02:00:00,2,EMEA,Standard,1,144.32,0.0,144.32,144.32,Debit Card
4480,ORD_104480,1,307,CUST_0307,13,PROD_0013,Coffee Makers Pro-Series 1,Home & Kitchen,20260410,2026-04-10,2026-04-10 22:00:00,2,EMEA,Standard,2,177.25,35.45,354.5,319.05,PayPal
4481,ORD_104481,1,390,CUST_0390,45,PROD_0045,Audiobooks Pro-Series 3,Books & Media,20260812,2026-08-12,2026-08-12 07:00:00,2,EMEA,Premium,1,512.51,51.25,512.51,461.26,Apple Pay
4482,ORD_104482,1,376,CUST_0376,38,PROD_0038,Hardcover Novels Pro-Series 2,Books & Media,20260627,2026-06-27,2026-06-27 09:00:00,3,APAC,Standard,1,157.75,23.66,157.75,134.09,Apple Pay
4483,ORD_104483,1,459,CUST_0459,29,PROD_0029,Women's Sneakers Pro-Series 2,Apparel & Fashion,20260430,2026-04-30,2026-04-30 01:00:00,3,APAC,Premium,2,420.39,42.04,840.78,798.74,Credit Card
4484,ORD_104484,1,17,CUST_0017,10,PROD_0010,Smartwatches Pro-Series 1,Consumer Electronics,20260625,2026-06-25,2026-06-25 07:00:00,3,APAC,Premium,2,238.77,71.63,477.54,405.91,Apple Pay
4485,ORD_104485,1,271,CUST_0271,22,PROD_0022,Robotic Vacuums Pro-Series 1,Home & Kitchen,20260227,2026-02-27,2026-02-27 23:00:00,3,APAC,Standard,1,573.0,0.0,573.0,573.0,PayPal
4486,ORD_104486,1,36,CUST_0036,42,PROD_0042,Tech Guides Pro-Series 3,Books & Media,20250205,2025-02-05,2025-02-05 09:00:00,1,North America,Standard,3,201.79,60.54,605.37,544.83,Credit Card
4487,ORD_104487,1,26,CUST_0026,39,PROD_0039,Hardcover Novels Pro-Series 3,Books & Media,20251120,2025-11-20,2025-11-20 03:00:00,2,EMEA,Premium,2,217.64,43.53,435.28,391.75,Debit Card
4488,ORD_104488,1,127,CUST_0127,15,PROD_0015,Coffee Makers Pro-Series 3,Home & Kitchen,20260109,2026-01-09,2026-01-09 23:00:00,4,LATAM,Standard,2,397.04,39.7,794.08,754.38,Credit Card
4489,ORD_104489,1,363,CUST_0363,24,PROD_0024,Robotic Vacuums Pro-Series 3,Home & Kitchen,20251120,2025-11-20,2025-11-20 15:00:00,3,APAC,Standard,2,106.82,32.05,213.64,181.59,Credit Card
4490,ORD_104490,1,420,CUST_0420,35,PROD_0035,Watches Pro-Series 2,Apparel & Fashion,20250103,2025-01-03,2025-01-03 18:00:00,3,APAC,Standard,1,495.6,74.34,495.6,421.26,Apple Pay
4491,ORD_104491,1,476,CUST_0476,29,PROD_0029,Women's Sneakers Pro-Series 2,Apparel & Fashion,20250827,2025-08-27,2025-08-27 14:00:00,1,North America,Premium,2,420.39,0.0,840.78,840.78,Debit Card
4492,ORD_104492,1,139,CUST_0139,29,PROD_0029,Women's Sneakers Pro-Series 2,Apparel & Fashion,20250111,2025-01-11,2025-01-11 23:00:00,1,North America,Standard,1,420.39,21.02,420.39,399.37,Apple Pay
4493,ORD_104493,1,461,CUST_0461,44,PROD_0044,Audiobooks Pro-Series 2,Books & Media,20250623,2025-06-23,2025-06-23 17:00:00,2,EMEA,Standard,2,86.85,26.05,173.7,147.65,Credit Card
4494,ORD_104494,1,431,CUST_0431,35,PROD_0035,Watches Pro-Series 2,Apparel & Fashion,20260405,2026-04-05,2026-04-05 20:00:00,3,APAC,Standard,4,495.6,0.0,1982.4,1982.4,Debit Card
4495,ORD_104495,1,228,CUST_0228,24,PROD_0024,Robotic Vacuums Pro-Series 3,Home & Kitchen,20260123,2026-01-23,2026-01-23 19:00:00,1,North America,Premium,3,106.82,0.0,320.46,320.46,Debit Card
4496,ORD_104496,1,397,CUST_0397,37,PROD_0037,Hardcover Novels Pro-Series 1,Books & Media,20250831,2025-08-31,2025-08-31 22:00:00,2,EMEA,Premium,1,271.24,0.0,271.24,271.24,Credit Card
4497,ORD_104497,1,186,CUST_0186,38,PROD_0038,Hardcover Novels Pro-Series 2,Books & Media,20251222,2025-12-22,2025-12-22 23:00:00,1,North America,VIP,4,157.75,31.55,631.0,599.45,PayPal
4498,ORD_104498,1,302,CUST_0302,14,PROD_0014,Coffee Makers Pro-Series 2,Home & Kitchen,20250317,2025-03-17,2025-03-17 15:00:00,4,LATAM,Standard,3,94.28,42.43,282.84,240.41,Credit Card
4499,ORD_104499,1,366,CUST_0366,17,PROD_0017,Air Fryers Pro-Series 2,Home & Kitchen,20260616,2026-06-16,2026-06-16 19:00:00,3,APAC,Premium,1,438.78,65.82,438.78,372.96,Apple Pay
4500,ORD_104500,1,424,CUST_0424,10,PROD_0010,Smartwatches Pro-Series 1,Consumer Electronics,20251031,2025-10-31,2025-10-31 11:00:00,3,APAC,Standard,5,238.77,59.69,1193.85,1134.16,Apple Pay
4501,ORD_104501,1,340,CUST_0340,32,PROD_0032,Sportswear Pro-Series 2,Apparel & Fashion,20260424,2026-04-24,2026-04-24 00:00:00,4,LATAM,Premium,3,106.55,0.0,319.65,319.65,Apple Pay
4502,ORD_104502,1,446,CUST_0446,1,PROD_0001,Smartphones Pro-Series 1,Consumer Electronics,20260206,2026-02-06,2026-02-06 05:00:00,4,LATAM,Standard,5,247.49,123.75,1237.45,1113.7,Debit Card
4503,ORD_104503,1,483,CUST_0483,12,PROD_0012,Smartwatches Pro-Series 3,Consumer Electronics,20250531,2025-05-31,2025-05-31 20:00:00,4,LATAM,Premium,1,414.15,20.71,414.15,393.44,Debit Card
4504,ORD_104504,1,478,CUST_0478,41,PROD_0041,Tech Guides Pro-Series 2,Books & Media,20250127,2025-01-27,2025-01-27 04:00:00,4,LATAM,Premium,1,539.9,0.0,539.9,539.9,Debit Card
4505,ORD_104505,1,379,CUST_0379,8,PROD_0008,Audio Headphones Pro-Series 2,Consumer Electronics,20260609,2026-06-09,2026-06-09 00:00:00,1,North America,Standard,5,596.84,149.21,2984.2,2834.99,Debit Card
4506,ORD_104506,1,333,CUST_0333,5,PROD_0005,Laptops Pro-Series 2,Consumer Electronics,20250104,2025-01-04,2025-01-04 18:00:00,3,APAC,Premium,5,144.32,0.0,721.6,721.6,Credit Card
4507,ORD_104507,1,26,CUST_0026,13,PROD_0013,Coffee Makers Pro-Series 1,Home & Kitchen,20260424,2026-04-24,2026-04-24 01:00:00,2,EMEA,Premium,4,177.25,106.35,709.0,602.65,PayPal
4508,ORD_104508,1,177,CUST_0177,43,PROD_0043,Audiobooks Pro-Series 1,Books & Media,20260625,2026-06-25,2026-06-25 00:00:00,4,LATAM,Premium,4,262.83,157.7,1051.32,893.62,Debit Card
4509,ORD_104509,1,143,CUST_0143,43,PROD_0043,Audiobooks Pro-Series 1,Books & Media,20250220,2025-02-20,2025-02-20 02:00:00,4,LATAM,Premium,2,262.83,78.85,525.66,446.81,PayPal
4510,ORD_104510,1,289,CUST_0289,22,PROD_0022,Robotic Vacuums Pro-Series 1,Home & Kitchen,20250413,2025-04-13,2025-04-13 03:00:00,4,LATAM,Premium,5,573.0,429.75,2865.0,2435.25,Apple Pay
4511,ORD_104511,1,494,CUST_0494,32,PROD_0032,Sportswear Pro-Series 2,Apparel & Fashion,20260321,2026-03-21,2026-03-21 00:00:00,4,LATAM,Standard,2,106.55,21.31,213.1,191.79,Apple Pay
4512,ORD_104512,1,409,CUST_0409,37,PROD_0037,Hardcover Novels Pro-Series 1,Books & Media,20260204,2026-02-04,2026-02-04 22:00:00,1,North America,Standard,5,271.24,67.81,1356.2,1288.39,PayPal
4513,ORD_104513,1,444,CUST_0444,8,PROD_0008,Audio Headphones Pro-Series 2,Consumer Electronics,20250207,2025-02-07,2025-02-07 11:00:00,2,EMEA,Standard,3,596.84,268.58,1790.52,1521.94,PayPal
4514,ORD_104514,1,340,CUST_0340,30,PROD_0030,Women's Sneakers Pro-Series 3,Apparel & Fashion,20260806,2026-08-06,2026-08-06 23:00:00,3,APAC,Premium,5,378.05,94.51,1890.25,1795.74,Apple Pay
4515,ORD_104515,1,254,CUST_0254,23,PROD_0023,Robotic Vacuums Pro-Series 2,Home & Kitchen,20250215,2025-02-15,2025-02-15 01:00:00,1,North America,Premium,4,80.72,48.43,322.88,274.45,Apple Pay
4516,ORD_104516,1,328,CUST_0328,31,PROD_0031,Sportswear Pro-Series 1,Apparel & Fashion,20260622,2026-06-22,2026-06-22 13:00:00,2,EMEA,Standard,3,610.97,0.0,1832.91,1832.91,PayPal
4517,ORD_104517,1,373,CUST_0373,32,PROD_0032,Sportswear Pro-Series 2,Apparel & Fashion,20250426,2025-04-26,2025-04-26 15:00:00,3,APAC,Standard,5,106.55,79.91,532.75,452.84,Apple Pay
4518,ORD_104518,1,311,CUST_0311,16,PROD_0016,Air Fryers Pro-Series 1,Home & Kitchen,20260527,2026-05-27,2026-05-27 14:00:00,3,APAC,Standard,5,403.75,201.88,2018.75,1816.87,Apple Pay
4519,ORD_104519,1,121,CUST_0121,24,PROD_0024,Robotic Vacuums Pro-Series 3,Home & Kitchen,20250810,2025-08-10,2025-08-10 17:00:00,4,LATAM,Premium,5,106.82,80.11,534.1,453.99,Credit Card
4520,ORD_104520,1,75,CUST_0075,3,PROD_0003,Smartphones Pro-Series 3,Consumer Electronics,20250701,2025-07-01,2025-07-01 11:00:00,1,North America,VIP,5,194.64,48.66,973.2,924.54,Credit Card
4521,ORD_104521,1,219,CUST_0219,41,PROD_0041,Tech Guides Pro-Series 2,Books & Media,20260125,2026-01-25,2026-01-25 08:00:00,1,North America,Standard,2,539.9,161.97,1079.8,917.83,Debit Card
4522,ORD_104522,1,46,CUST_0046,37,PROD_0037,Hardcover Novels Pro-Series 1,Books & Media,20250425,2025-04-25,2025-04-25 18:00:00,4,LATAM,Standard,5,271.24,67.81,1356.2,1288.39,PayPal
4523,ORD_104523,1,348,CUST_0348,3,PROD_0003,Smartphones Pro-Series 3,Consumer Electronics,20260114,2026-01-14,2026-01-14 07:00:00,2,EMEA,Standard,1,194.64,9.73,194.64,184.91,Debit Card
4524,ORD_104524,1,21,CUST_0021,21,PROD_0021,Blenders Pro-Series 3,Home & Kitchen,20260725,2026-07-25,2026-07-25 06:00:00,4,LATAM,Premium,5,137.29,34.32,686.45,652.13,Debit Card
4525,ORD_104525,1,121,CUST_0121,22,PROD_0022,Robotic Vacuums Pro-Series 1,Home & Kitchen,20260118,2026-01-18,2026-01-18 07:00:00,3,APAC,Premium,2,573.0,171.9,1146.0,974.1,PayPal
4526,ORD_104526,1,307,CUST_0307,44,PROD_0044,Audiobooks Pro-Series 2,Books & Media,20250224,2025-02-24,2025-02-24 04:00:00,3,APAC,Standard,5,86.85,65.14,434.25,369.11,Apple Pay
4527,ORD_104527,1,64,CUST_0064,8,PROD_0008,Audio Headphones Pro-Series 2,Consumer Electronics,20260507,2026-05-07,2026-05-07 16:00:00,2,EMEA,VIP,5,596.84,149.21,2984.2,2834.99,Debit Card
4528,ORD_104528,1,382,CUST_0382,24,PROD_0024,Robotic Vacuums Pro-Series 3,Home & Kitchen,20250721,2025-07-21,2025-07-21 09:00:00,1,North America,Premium,4,106.82,21.36,427.28,405.92,PayPal
4529,ORD_104529,1,297,CUST_0297,15,PROD_0015,Coffee Makers Pro-Series 3,Home & Kitchen,20250511,2025-05-11,2025-05-11 04:00:00,1,North America,Standard,4,397.04,238.22,1588.16,1349.94,Debit Card
4530,ORD_104530,1,407,CUST_0407,16,PROD_0016,Air Fryers Pro-Series 1,Home & Kitchen,20251210,2025-12-10,2025-12-10 00:00:00,3,APAC,Premium,4,403.75,161.5,1615.0,1453.5,Credit Card
4531,ORD_104531,1,495,CUST_0495,31,PROD_0031,Sportswear Pro-Series 1,Apparel & Fashion,20251120,2025-11-20,2025-11-20 10:00:00,4,LATAM,Standard,4,610.97,0.0,2443.88,2443.88,Debit Card
4532,ORD_104532,1,38,CUST_0038,9,PROD_0009,Audio Headphones Pro-Series 3,Consumer Electronics,20251104,2025-11-04,2025-11-04 06:00:00,3,APAC,Standard,2,512.06,102.41,1024.12,921.71,Apple Pay
4533,ORD_104533,1,127,CUST_0127,33,PROD_0033,Sportswear Pro-Series 3,Apparel & Fashion,20250731,2025-07-31,2025-07-31 11:00:00,1,North America,Standard,1,230.01,23.0,230.01,207.01,Debit Card
4534,ORD_104534,1,439,CUST_0439,38,PROD_0038,Hardcover Novels Pro-Series 2,Books & Media,20251227,2025-12-27,2025-12-27 01:00:00,2,EMEA,Standard,4,157.75,31.55,631.0,599.45,Credit Card
4535,ORD_104535,1,18,CUST_0018,13,PROD_0013,Coffee Makers Pro-Series 1,Home & Kitchen,20251006,2025-10-06,2025-10-06 16:00:00,4,LATAM,Standard,5,177.25,88.62,886.25,797.63,Debit Card
4536,ORD_104536,1,96,CUST_0096,40,PROD_0040,Tech Guides Pro-Series 1,Books & Media,20251227,2025-12-27,2025-12-27 13:00:00,3,APAC,Standard,2,507.6,50.76,1015.2,964.44,Credit Card
4537,ORD_104537,1,194,CUST_0194,30,PROD_0030,Women's Sneakers Pro-Series 3,Apparel & Fashion,20260221,2026-02-21,2026-02-21 17:00:00,1,North America,Premium,5,378.05,189.03,1890.25,1701.22,Apple Pay
4538,ORD_104538,1,294,CUST_0294,18,PROD_0018,Air Fryers Pro-Series 3,Home & Kitchen,20250117,2025-01-17,2025-01-17 12:00:00,2,EMEA,Standard,5,497.95,248.98,2489.75,2240.77,Apple Pay
4539,ORD_104539,1,403,CUST_0403,5,PROD_0005,Laptops Pro-Series 2,Consumer Electronics,20250419,2025-04-19,2025-04-19 01:00:00,1,North America,Standard,3,144.32,21.65,432.96,411.31,Debit Card
4540,ORD_104540,1,319,CUST_0319,13,PROD_0013,Coffee Makers Pro-Series 1,Home & Kitchen,20260501,2026-05-01,2026-05-01 08:00:00,3,APAC,Standard,3,177.25,26.59,531.75,505.16,Credit Card
4541,ORD_104541,1,436,CUST_0436,34,PROD_0034,Watches Pro-Series 1,Apparel & Fashion,20250102,2025-01-02,2025-01-02 03:00:00,1,North America,Premium,5,277.89,208.42,1389.45,1181.03,Credit Card
4542,ORD_104542,1,391,CUST_0391,41,PROD_0041,Tech Guides Pro-Series 2,Books & Media,20250808,2025-08-08,2025-08-08 04:00:00,2,EMEA,Standard,3,539.9,242.95,1619.7,1376.75,Apple Pay
4543,ORD_104543,1,158,CUST_0158,33,PROD_0033,Sportswear Pro-Series 3,Apparel & Fashion,20250804,2025-08-04,2025-08-04 16:00:00,1,North America,Premium,1,230.01,0.0,230.01,230.01,Apple Pay
4544,ORD_104544,1,438,CUST_0438,13,PROD_0013,Coffee Makers Pro-Series 1,Home & Kitchen,20260527,2026-05-27,2026-05-27 01:00:00,3,APAC,Standard,4,177.25,70.9,709.0,638.1,Debit Card
4545,ORD_104545,1,48,CUST_0048,27,PROD_0027,Men's Jackets Pro-Series 3,Apparel & Fashion,20250224,2025-02-24,2025-02-24 20:00:00,3,APAC,Standard,2,452.99,135.9,905.98,770.08,PayPal
4546,ORD_104546,1,466,CUST_0466,21,PROD_0021,Blenders Pro-Series 3,Home & Kitchen,20251106,2025-11-06,2025-11-06 10:00:00,3,APAC,Premium,4,137.29,27.46,549.16,521.7,Credit Card
4547,ORD_104547,1,426,CUST_0426,15,PROD_0015,Coffee Makers Pro-Series 3,Home & Kitchen,20250702,2025-07-02,2025-07-02 03:00:00,3,APAC,Standard,3,397.04,178.67,1191.12,1012.45,PayPal
4548,ORD_104548,1,128,CUST_0128,37,PROD_0037,Hardcover Novels Pro-Series 1,Books & Media,20250528,2025-05-28,2025-05-28 21:00:00,3,APAC,Premium,1,271.24,40.69,271.24,230.55,Credit Card
4549,ORD_104549,1,342,CUST_0342,19,PROD_0019,Blenders Pro-Series 1,Home & Kitchen,20260401,2026-04-01,2026-04-01 07:00:00,2,EMEA,VIP,3,523.93,235.77,1571.79,1336.02,Debit Card
4550,ORD_104550,1,475,CUST_0475,22,PROD_0022,Robotic Vacuums Pro-Series 1,Home & Kitchen,20250305,2025-03-05,2025-03-05 19:00:00,3,APAC,Standard,4,573.0,0.0,2292.0,2292.0,Credit Card
4551,ORD_104551,1,408,CUST_0408,16,PROD_0016,Air Fryers Pro-Series 1,Home & Kitchen,20260304,2026-03-04,2026-03-04 01:00:00,1,North America,Standard,1,403.75,60.56,403.75,343.19,Apple Pay
4552,ORD_104552,1,98,CUST_0098,22,PROD_0022,Robotic Vacuums Pro-Series 1,Home & Kitchen,20250421,2025-04-21,2025-04-21 12:00:00,2,EMEA,Standard,1,573.0,57.3,573.0,515.7,Credit Card
4553,ORD_104553,1,468,CUST_0468,11,PROD_0011,Smartwatches Pro-Series 2,Consumer Electronics,20250701,2025-07-01,2025-07-01 00:00:00,2,EMEA,Standard,3,627.26,0.0,1881.78,1881.78,Debit Card
4554,ORD_104554,1,35,CUST_0035,25,PROD_0025,Men's Jackets Pro-Series 1,Apparel & Fashion,20251213,2025-12-13,2025-12-13 12:00:00,1,North America,Standard,5,381.42,190.71,1907.1,1716.39,Debit Card
4555,ORD_104555,1,425,CUST_0425,6,PROD_0006,Laptops Pro-Series 3,Consumer Electronics,20250917,2025-09-17,2025-09-17 21:00:00,3,APAC,Standard,3,304.52,0.0,913.56,913.56,PayPal
4556,ORD_104556,1,101,CUST_0101,28,PROD_0028,Women's Sneakers Pro-Series 1,Apparel & Fashion,20250812,2025-08-12,2025-08-12 21:00:00,4,LATAM,Standard,3,301.74,0.0,905.22,905.22,PayPal
4557,ORD_104557,1,482,CUST_0482,39,PROD_0039,Hardcover Novels Pro-Series 3,Books & Media,20260615,2026-06-15,2026-06-15 10:00:00,1,North America,Standard,3,217.64,97.94,652.92,554.98,Apple Pay
4558,ORD_104558,1,225,CUST_0225,42,PROD_0042,Tech Guides Pro-Series 3,Books & Media,20260720,2026-07-20,2026-07-20 03:00:00,1,North America,Premium,3,201.79,90.81,605.37,514.56,PayPal
4559,ORD_104559,1,361,CUST_0361,22,PROD_0022,Robotic Vacuums Pro-Series 1,Home & Kitchen,20260803,2026-08-03,2026-08-03 01:00:00,2,EMEA,Standard,3,573.0,85.95,1719.0,1633.05,PayPal
4560,ORD_104560,1,442,CUST_0442,8,PROD_0008,Audio Headphones Pro-Series 2,Consumer Electronics,20250329,2025-03-29,2025-03-29 18:00:00,1,North America,Standard,3,596.84,89.53,1790.52,1700.99,Apple Pay
4561,ORD_104561,1,149,CUST_0149,8,PROD_0008,Audio Headphones Pro-Series 2,Consumer Electronics,20260531,2026-05-31,2026-05-31 03:00:00,3,APAC,Premium,1,596.84,0.0,596.84,596.84,PayPal
4562,ORD_104562,1,356,CUST_0356,26,PROD_0026,Men's Jackets Pro-Series 2,Apparel & Fashion,20260610,2026-06-10,2026-06-10 11:00:00,2,EMEA,Premium,5,387.88,0.0,1939.4,1939.4,Apple Pay
4563,ORD_104563,1,165,CUST_0165,10,PROD_0010,Smartwatches Pro-Series 1,Consumer Electronics,20250622,2025-06-22,2025-06-22 13:00:00,1,North America,Standard,1,238.77,11.94,238.77,226.83,Credit Card
4564,ORD_104564,1,155,CUST_0155,3,PROD_0003,Smartphones Pro-Series 3,Consumer Electronics,20250421,2025-04-21,2025-04-21 14:00:00,2,EMEA,Standard,1,194.64,19.46,194.64,175.18,Apple Pay
4565,ORD_104565,1,258,CUST_0258,33,PROD_0033,Sportswear Pro-Series 3,Apparel & Fashion,20260323,2026-03-23,2026-03-23 19:00:00,4,LATAM,Standard,4,230.01,92.0,920.04,828.04,Apple Pay
4566,ORD_104566,1,354,CUST_0354,35,PROD_0035,Watches Pro-Series 2,Apparel & Fashion,20260711,2026-07-11,2026-07-11 02:00:00,2,EMEA,Standard,4,495.6,99.12,1982.4,1883.28,Credit Card
4567,ORD_104567,1,198,CUST_0198,30,PROD_0030,Women's Sneakers Pro-Series 3,Apparel & Fashion,20250911,2025-09-11,2025-09-11 21:00:00,3,APAC,VIP,5,378.05,0.0,1890.25,1890.25,Debit Card
4568,ORD_104568,1,356,CUST_0356,41,PROD_0041,Tech Guides Pro-Series 2,Books & Media,20251116,2025-11-16,2025-11-16 08:00:00,1,North America,Premium,3,539.9,80.98,1619.7,1538.72,PayPal
4569,ORD_104569,1,336,CUST_0336,2,PROD_0002,Smartphones Pro-Series 2,Consumer Electronics,20250427,2025-04-27,2025-04-27 17:00:00,1,North America,Premium,1,484.7,24.23,484.7,460.47,Credit Card
4570,ORD_104570,1,452,CUST_0452,9,PROD_0009,Audio Headphones Pro-Series 3,Consumer Electronics,20260614,2026-06-14,2026-06-14 10:00:00,2,EMEA,Premium,1,512.06,51.21,512.06,460.85,Debit Card
4571,ORD_104571,1,455,CUST_0455,16,PROD_0016,Air Fryers Pro-Series 1,Home & Kitchen,20260701,2026-07-01,2026-07-01 05:00:00,3,APAC,Standard,2,403.75,80.75,807.5,726.75,Credit Card
4572,ORD_104572,1,452,CUST_0452,17,PROD_0017,Air Fryers Pro-Series 2,Home & Kitchen,20250509,2025-05-09,2025-05-09 04:00:00,4,LATAM,Premium,2,438.78,131.63,877.56,745.93,Debit Card
4573,ORD_104573,1,125,CUST_0125,11,PROD_0011,Smartwatches Pro-Series 2,Consumer Electronics,20250325,2025-03-25,2025-03-25 20:00:00,1,North America,Standard,2,627.26,125.45,1254.52,1129.07,PayPal
4574,ORD_104574,1,124,CUST_0124,35,PROD_0035,Watches Pro-Series 2,Apparel & Fashion,20250917,2025-09-17,2025-09-17 05:00:00,4,LATAM,VIP,4,495.6,0.0,1982.4,1982.4,Debit Card
4575,ORD_104575,1,16,CUST_0016,20,PROD_0020,Blenders Pro-Series 2,Home & Kitchen,20260501,2026-05-01,2026-05-01 12:00:00,2,EMEA,Standard,5,80.82,20.2,404.1,383.9,Debit Card
4576,ORD_104576,1,203,CUST_0203,31,PROD_0031,Sportswear Pro-Series 1,Apparel & Fashion,20260313,2026-03-13,2026-03-13 22:00:00,3,APAC,Standard,1,610.97,91.65,610.97,519.32,Debit Card
4577,ORD_104577,1,21,CUST_0021,29,PROD_0029,Women's Sneakers Pro-Series 2,Apparel & Fashion,20250518,2025-05-18,2025-05-18 02:00:00,3,APAC,Premium,2,420.39,84.08,840.78,756.7,Credit Card
4578,ORD_104578,1,427,CUST_0427,14,PROD_0014,Coffee Makers Pro-Series 2,Home & Kitchen,20250121,2025-01-21,2025-01-21 07:00:00,1,North America,Standard,3,94.28,0.0,282.84,282.84,Credit Card
4579,ORD_104579,1,146,CUST_0146,30,PROD_0030,Women's Sneakers Pro-Series 3,Apparel & Fashion,20260520,2026-05-20,2026-05-20 04:00:00,2,EMEA,Premium,3,378.05,113.42,1134.15,1020.73,PayPal
4580,ORD_104580,1,149,CUST_0149,5,PROD_0005,Laptops Pro-Series 2,Consumer Electronics,20260319,2026-03-19,2026-03-19 11:00:00,4,LATAM,Premium,5,144.32,36.08,721.6,685.52,PayPal
4581,ORD_104581,1,386,CUST_0386,15,PROD_0015,Coffee Makers Pro-Series 3,Home & Kitchen,20260513,2026-05-13,2026-05-13 13:00:00,3,APAC,Premium,2,397.04,39.7,794.08,754.38,Credit Card
4582,ORD_104582,1,408,CUST_0408,33,PROD_0033,Sportswear Pro-Series 3,Apparel & Fashion,20260719,2026-07-19,2026-07-19 05:00:00,2,EMEA,Standard,4,230.01,46.0,920.04,874.04,PayPal
4583,ORD_104583,1,334,CUST_0334,28,PROD_0028,Women's Sneakers Pro-Series 1,Apparel & Fashion,20260416,2026-04-16,2026-04-16 17:00:00,1,North America,VIP,4,301.74,0.0,1206.96,1206.96,Apple Pay
4584,ORD_104584,1,449,CUST_0449,15,PROD_0015,Coffee Makers Pro-Series 3,Home & Kitchen,20250704,2025-07-04,2025-07-04 20:00:00,3,APAC,VIP,4,397.04,79.41,1588.16,1508.75,Credit Card
4585,ORD_104585,1,309,CUST_0309,24,PROD_0024,Robotic Vacuums Pro-Series 3,Home & Kitchen,20260618,2026-06-18,2026-06-18 19:00:00,2,EMEA,Standard,1,106.82,0.0,106.82,106.82,Debit Card
4586,ORD_104586,1,96,CUST_0096,44,PROD_0044,Audiobooks Pro-Series 2,Books & Media,20260816,2026-08-16,2026-08-16 18:00:00,1,North America,Standard,2,86.85,17.37,173.7,156.33,PayPal
4587,ORD_104587,1,240,CUST_0240,4,PROD_0004,Laptops Pro-Series 1,Consumer Electronics,20251116,2025-11-16,2025-11-16 22:00:00,3,APAC,Standard,1,328.32,49.25,328.32,279.07,Credit Card
4588,ORD_104588,1,192,CUST_0192,1,PROD_0001,Smartphones Pro-Series 1,Consumer Electronics,20260523,2026-05-23,2026-05-23 15:00:00,3,APAC,Premium,5,247.49,123.75,1237.45,1113.7,Debit Card
4589,ORD_104589,1,234,CUST_0234,25,PROD_0025,Men's Jackets Pro-Series 1,Apparel & Fashion,20250722,2025-07-22,2025-07-22 11:00:00,4,LATAM,VIP,4,381.42,76.28,1525.68,1449.4,Credit Card
4590,ORD_104590,1,479,CUST_0479,1,PROD_0001,Smartphones Pro-Series 1,Consumer Electronics,20250901,2025-09-01,2025-09-01 17:00:00,3,APAC,Standard,5,247.49,123.75,1237.45,1113.7,Credit Card
4591,ORD_104591,1,144,CUST_0144,23,PROD_0023,Robotic Vacuums Pro-Series 2,Home & Kitchen,20250921,2025-09-21,2025-09-21 17:00:00,3,APAC,Premium,2,80.72,8.07,161.44,153.37,Apple Pay
4592,ORD_104592,1,173,CUST_0173,7,PROD_0007,Audio Headphones Pro-Series 1,Consumer Electronics,20260820,2026-08-20,2026-08-20 10:00:00,2,EMEA,Premium,2,136.35,0.0,272.7,272.7,Apple Pay
4593,ORD_104593,1,151,CUST_0151,7,PROD_0007,Audio Headphones Pro-Series 1,Consumer Electronics,20250310,2025-03-10,2025-03-10 11:00:00,4,LATAM,Standard,2,136.35,27.27,272.7,245.43,Credit Card
4594,ORD_104594,1,306,CUST_0306,27,PROD_0027,Men's Jackets Pro-Series 3,Apparel & Fashion,20250412,2025-04-12,2025-04-12 00:00:00,4,LATAM,Premium,3,452.99,135.9,1358.97,1223.07,Credit Card
4595,ORD_104595,1,118,CUST_0118,26,PROD_0026,Men's Jackets Pro-Series 2,Apparel & Fashion,20250824,2025-08-24,2025-08-24 13:00:00,3,APAC,Standard,5,387.88,0.0,1939.4,1939.4,Apple Pay
4596,ORD_104596,1,34,CUST_0034,32,PROD_0032,Sportswear Pro-Series 2,Apparel & Fashion,20250201,2025-02-01,2025-02-01 08:00:00,2,EMEA,VIP,4,106.55,21.31,426.2,404.89,PayPal
4597,ORD_104597,1,69,CUST_0069,27,PROD_0027,Men's Jackets Pro-Series 3,Apparel & Fashion,20250831,2025-08-31,2025-08-31 08:00:00,4,LATAM,Standard,5,452.99,339.74,2264.95,1925.21,Credit Card
4598,ORD_104598,1,89,CUST_0089,14,PROD_0014,Coffee Makers Pro-Series 2,Home & Kitchen,20250723,2025-07-23,2025-07-23 21:00:00,1,North America,Standard,2,94.28,0.0,188.56,188.56,Debit Card
4599,ORD_104599,1,418,CUST_0418,40,PROD_0040,Tech Guides Pro-Series 1,Books & Media,20250306,2025-03-06,2025-03-06 16:00:00,2,EMEA,Standard,3,507.6,152.28,1522.8,1370.52,Debit Card
4600,ORD_104600,1,489,CUST_0489,8,PROD_0008,Audio Headphones Pro-Series 2,Consumer Electronics,20251124,2025-11-24,2025-11-24 04:00:00,1,North America,Standard,2,596.84,179.05,1193.68,1014.63,Apple Pay
4601,ORD_104601,1,126,CUST_0126,32,PROD_0032,Sportswear Pro-Series 2,Apparel & Fashion,20260819,2026-08-19,2026-08-19 13:00:00,2,EMEA,Standard,1,106.55,0.0,106.55,106.55,Apple Pay
4602,ORD_104602,1,54,CUST_0054,2,PROD_0002,Smartphones Pro-Series 2,Consumer Electronics,20250730,2025-07-30,2025-07-30 07:00:00,4,LATAM,Standard,2,484.7,48.47,969.4,920.93,Credit Card
4603,ORD_104603,1,393,CUST_0393,22,PROD_0022,Robotic Vacuums Pro-Series 1,Home & Kitchen,20260319,2026-03-19,2026-03-19 23:00:00,3,APAC,VIP,1,573.0,0.0,573.0,573.0,PayPal
4604,ORD_104604,1,261,CUST_0261,2,PROD_0002,Smartphones Pro-Series 2,Consumer Electronics,20260630,2026-06-30,2026-06-30 03:00:00,2,EMEA,VIP,4,484.7,193.88,1938.8,1744.92,Apple Pay
4605,ORD_104605,1,20,CUST_0020,3,PROD_0003,Smartphones Pro-Series 3,Consumer Electronics,20250405,2025-04-05,2025-04-05 21:00:00,2,EMEA,Standard,1,194.64,9.73,194.64,184.91,Apple Pay
4606,ORD_104606,1,130,CUST_0130,2,PROD_0002,Smartphones Pro-Series 2,Consumer Electronics,20250319,2025-03-19,2025-03-19 22:00:00,1,North America,VIP,4,484.7,0.0,1938.8,1938.8,PayPal
4607,ORD_104607,1,498,CUST_0498,28,PROD_0028,Women's Sneakers Pro-Series 1,Apparel & Fashion,20260615,2026-06-15,2026-06-15 08:00:00,1,North America,Standard,4,301.74,181.04,1206.96,1025.92,Debit Card
4608,ORD_104608,1,389,CUST_0389,5,PROD_0005,Laptops Pro-Series 2,Consumer Electronics,20250716,2025-07-16,2025-07-16 05:00:00,3,APAC,Premium,5,144.32,108.24,721.6,613.36,Credit Card
4609,ORD_104609,1,66,CUST_0066,2,PROD_0002,Smartphones Pro-Series 2,Consumer Electronics,20250803,2025-08-03,2025-08-03 21:00:00,3,APAC,Standard,2,484.7,96.94,969.4,872.46,Debit Card
4610,ORD_104610,1,371,CUST_0371,14,PROD_0014,Coffee Makers Pro-Series 2,Home & Kitchen,20250919,2025-09-19,2025-09-19 06:00:00,3,APAC,Standard,3,94.28,14.14,282.84,268.7,Credit Card
4611,ORD_104611,1,185,CUST_0185,5,PROD_0005,Laptops Pro-Series 2,Consumer Electronics,20250214,2025-02-14,2025-02-14 13:00:00,1,North America,VIP,1,144.32,14.43,144.32,129.89,Debit Card
4612,ORD_104612,1,7,CUST_0007,41,PROD_0041,Tech Guides Pro-Series 2,Books & Media,20250102,2025-01-02,2025-01-02 02:00:00,3,APAC,VIP,1,539.9,27.0,539.9,512.9,Credit Card
4613,ORD_104613,1,188,CUST_0188,22,PROD_0022,Robotic Vacuums Pro-Series 1,Home & Kitchen,20250829,2025-08-29,2025-08-29 10:00:00,4,LATAM,Premium,5,573.0,286.5,2865.0,2578.5,PayPal
4614,ORD_104614,1,242,CUST_0242,10,PROD_0010,Smartwatches Pro-Series 1,Consumer Electronics,20250218,2025-02-18,2025-02-18 23:00:00,2,EMEA,Premium,2,238.77,47.75,477.54,429.79,Debit Card
4615,ORD_104615,1,337,CUST_0337,6,PROD_0006,Laptops Pro-Series 3,Consumer Electronics,20260421,2026-04-21,2026-04-21 04:00:00,4,LATAM,Premium,4,304.52,0.0,1218.08,1218.08,Debit Card
4616,ORD_104616,1,252,CUST_0252,28,PROD_0028,Women's Sneakers Pro-Series 1,Apparel & Fashion,20260722,2026-07-22,2026-07-22 14:00:00,4,LATAM,Standard,4,301.74,120.7,1206.96,1086.26,Credit Card
4617,ORD_104617,1,246,CUST_0246,30,PROD_0030,Women's Sneakers Pro-Series 3,Apparel & Fashion,20250811,2025-08-11,2025-08-11 16:00:00,1,North America,Premium,2,378.05,37.8,756.1,718.3,Credit Card
4618,ORD_104618,1,115,CUST_0115,40,PROD_0040,Tech Guides Pro-Series 1,Books & Media,20260630,2026-06-30,2026-06-30 18:00:00,4,LATAM,Premium,2,507.6,0.0,1015.2,1015.2,Apple Pay
4619,ORD_104619,1,116,CUST_0116,3,PROD_0003,Smartphones Pro-Series 3,Consumer Electronics,20260603,2026-06-03,2026-06-03 15:00:00,3,APAC,Standard,3,194.64,0.0,583.92,583.92,Apple Pay
4620,ORD_104620,1,379,CUST_0379,33,PROD_0033,Sportswear Pro-Series 3,Apparel & Fashion,20251123,2025-11-23,2025-11-23 10:00:00,4,LATAM,Standard,5,230.01,0.0,1150.05,1150.05,Debit Card
4621,ORD_104621,1,59,CUST_0059,35,PROD_0035,Watches Pro-Series 2,Apparel & Fashion,20250817,2025-08-17,2025-08-17 08:00:00,1,North America,Standard,4,495.6,297.36,1982.4,1685.04,Apple Pay
4622,ORD_104622,1,321,CUST_0321,41,PROD_0041,Tech Guides Pro-Series 2,Books & Media,20250211,2025-02-11,2025-02-11 07:00:00,1,North America,Standard,3,539.9,242.95,1619.7,1376.75,Apple Pay
4623,ORD_104623,1,318,CUST_0318,13,PROD_0013,Coffee Makers Pro-Series 1,Home & Kitchen,20260607,2026-06-07,2026-06-07 10:00:00,1,North America,Standard,5,177.25,88.62,886.25,797.63,PayPal
4624,ORD_104624,1,72,CUST_0072,3,PROD_0003,Smartphones Pro-Series 3,Consumer Electronics,20260205,2026-02-05,2026-02-05 23:00:00,3,APAC,Premium,3,194.64,58.39,583.92,525.53,PayPal
4625,ORD_104625,1,94,CUST_0094,29,PROD_0029,Women's Sneakers Pro-Series 2,Apparel & Fashion,20250830,2025-08-30,2025-08-30 18:00:00,1,North America,Premium,5,420.39,210.19,2101.95,1891.76,Apple Pay
4626,ORD_104626,1,117,CUST_0117,34,PROD_0034,Watches Pro-Series 1,Apparel & Fashion,20250201,2025-02-01,2025-02-01 13:00:00,3,APAC,Standard,4,277.89,166.73,1111.56,944.83,Credit Card
4627,ORD_104627,1,379,CUST_0379,30,PROD_0030,Women's Sneakers Pro-Series 3,Apparel & Fashion,20250524,2025-05-24,2025-05-24 01:00:00,1,North America,Standard,3,378.05,56.71,1134.15,1077.44,Debit Card
4628,ORD_104628,1,143,CUST_0143,12,PROD_0012,Smartwatches Pro-Series 3,Consumer Electronics,20260727,2026-07-27,2026-07-27 21:00:00,1,North America,Premium,3,414.15,124.24,1242.45,1118.21,Apple Pay
4629,ORD_104629,1,345,CUST_0345,21,PROD_0021,Blenders Pro-Series 3,Home & Kitchen,20251211,2025-12-11,2025-12-11 07:00:00,3,APAC,Standard,3,137.29,0.0,411.87,411.87,Debit Card
4630,ORD_104630,1,304,CUST_0304,44,PROD_0044,Audiobooks Pro-Series 2,Books & Media,20260613,2026-06-13,2026-06-13 22:00:00,4,LATAM,Standard,4,86.85,52.11,347.4,295.29,PayPal
4631,ORD_104631,1,391,CUST_0391,3,PROD_0003,Smartphones Pro-Series 3,Consumer Electronics,20250519,2025-05-19,2025-05-19 03:00:00,1,North America,Standard,4,194.64,38.93,778.56,739.63,Credit Card
4632,ORD_104632,1,394,CUST_0394,40,PROD_0040,Tech Guides Pro-Series 1,Books & Media,20251011,2025-10-11,2025-10-11 00:00:00,3,APAC,Premium,4,507.6,0.0,2030.4,2030.4,Credit Card
4633,ORD_104633,1,207,CUST_0207,7,PROD_0007,Audio Headphones Pro-Series 1,Consumer Electronics,20250627,2025-06-27,2025-06-27 09:00:00,4,LATAM,Premium,3,136.35,61.36,409.05,347.69,Credit Card
4634,ORD_104634,1,483,CUST_0483,2,PROD_0002,Smartphones Pro-Series 2,Consumer Electronics,20251014,2025-10-14,2025-10-14 03:00:00,3,APAC,Premium,5,484.7,363.52,2423.5,2059.98,Debit Card
4635,ORD_104635,1,268,CUST_0268,27,PROD_0027,Men's Jackets Pro-Series 3,Apparel & Fashion,20260511,2026-05-11,2026-05-11 02:00:00,3,APAC,Premium,3,452.99,67.95,1358.97,1291.02,Debit Card
4636,ORD_104636,1,154,CUST_0154,32,PROD_0032,Sportswear Pro-Series 2,Apparel & Fashion,20250510,2025-05-10,2025-05-10 09:00:00,1,North America,Standard,3,106.55,47.95,319.65,271.7,Debit Card
4637,ORD_104637,1,413,CUST_0413,2,PROD_0002,Smartphones Pro-Series 2,Consumer Electronics,20250326,2025-03-26,2025-03-26 03:00:00,1,North America,Standard,5,484.7,363.52,2423.5,2059.98,Debit Card
4638,ORD_104638,1,125,CUST_0125,11,PROD_0011,Smartwatches Pro-Series 2,Consumer Electronics,20250115,2025-01-15,2025-01-15 07:00:00,3,APAC,Standard,4,627.26,0.0,2509.04,2509.04,Apple Pay
4639,ORD_104639,1,403,CUST_0403,2,PROD_0002,Smartphones Pro-Series 2,Consumer Electronics,20251028,2025-10-28,2025-10-28 07:00:00,4,LATAM,Standard,2,484.7,48.47,969.4,920.93,Apple Pay
4640,ORD_104640,1,217,CUST_0217,34,PROD_0034,Watches Pro-Series 1,Apparel & Fashion,20260121,2026-01-21,2026-01-21 21:00:00,4,LATAM,Premium,3,277.89,0.0,833.67,833.67,PayPal
4641,ORD_104641,1,409,CUST_0409,15,PROD_0015,Coffee Makers Pro-Series 3,Home & Kitchen,20250228,2025-02-28,2025-02-28 08:00:00,1,North America,Standard,4,397.04,238.22,1588.16,1349.94,PayPal
4642,ORD_104642,1,431,CUST_0431,37,PROD_0037,Hardcover Novels Pro-Series 1,Books & Media,20250925,2025-09-25,2025-09-25 12:00:00,2,EMEA,Standard,3,271.24,122.06,813.72,691.66,Credit Card
4643,ORD_104643,1,63,CUST_0063,7,PROD_0007,Audio Headphones Pro-Series 1,Consumer Electronics,20251017,2025-10-17,2025-10-17 16:00:00,2,EMEA,Standard,1,136.35,0.0,136.35,136.35,Debit Card
4644,ORD_104644,1,70,CUST_0070,16,PROD_0016,Air Fryers Pro-Series 1,Home & Kitchen,20251023,2025-10-23,2025-10-23 07:00:00,1,North America,Standard,3,403.75,121.12,1211.25,1090.13,Debit Card
4645,ORD_104645,1,262,CUST_0262,8,PROD_0008,Audio Headphones Pro-Series 2,Consumer Electronics,20260116,2026-01-16,2026-01-16 03:00:00,2,EMEA,Standard,4,596.84,238.74,2387.36,2148.62,Credit Card
4646,ORD_104646,1,12,CUST_0012,16,PROD_0016,Air Fryers Pro-Series 1,Home & Kitchen,20260502,2026-05-02,2026-05-02 01:00:00,3,APAC,VIP,2,403.75,121.12,807.5,686.38,Apple Pay
4647,ORD_104647,1,432,CUST_0432,10,PROD_0010,Smartwatches Pro-Series 1,Consumer Electronics,20250722,2025-07-22,2025-07-22 23:00:00,3,APAC,Standard,4,238.77,143.26,955.08,811.82,Apple Pay
4648,ORD_104648,1,170,CUST_0170,14,PROD_0014,Coffee Makers Pro-Series 2,Home & Kitchen,20250130,2025-01-30,2025-01-30 22:00:00,4,LATAM,Premium,2,94.28,18.86,188.56,169.7,Credit Card
4649,ORD_104649,1,64,CUST_0064,5,PROD_0005,Laptops Pro-Series 2,Consumer Electronics,20250608,2025-06-08,2025-06-08 06:00:00,3,APAC,VIP,3,144.32,0.0,432.96,432.96,Credit Card
4650,ORD_104650,1,429,CUST_0429,2,PROD_0002,Smartphones Pro-Series 2,Consumer Electronics,20250427,2025-04-27,2025-04-27 18:00:00,2,EMEA,Standard,1,484.7,72.7,484.7,412.0,Credit Card
4651,ORD_104651,1,127,CUST_0127,26,PROD_0026,Men's Jackets Pro-Series 2,Apparel & Fashion,20260516,2026-05-16,2026-05-16 03:00:00,2,EMEA,Standard,1,387.88,0.0,387.88,387.88,Apple Pay
4652,ORD_104652,1,39,CUST_0039,44,PROD_0044,Audiobooks Pro-Series 2,Books & Media,20250512,2025-05-12,2025-05-12 05:00:00,3,APAC,Standard,3,86.85,13.03,260.55,247.52,Debit Card
4653,ORD_104653,1,485,CUST_0485,16,PROD_0016,Air Fryers Pro-Series 1,Home & Kitchen,20260325,2026-03-25,2026-03-25 20:00:00,3,APAC,Standard,2,403.75,80.75,807.5,726.75,PayPal
4654,ORD_104654,1,62,CUST_0062,8,PROD_0008,Audio Headphones Pro-Series 2,Consumer Electronics,20251120,2025-11-20,2025-11-20 13:00:00,4,LATAM,Standard,1,596.84,59.68,596.84,537.16,Apple Pay
4655,ORD_104655,1,73,CUST_0073,27,PROD_0027,Men's Jackets Pro-Series 3,Apparel & Fashion,20251004,2025-10-04,2025-10-04 23:00:00,1,North America,Premium,5,452.99,226.5,2264.95,2038.45,Apple Pay
4656,ORD_104656,1,225,CUST_0225,21,PROD_0021,Blenders Pro-Series 3,Home & Kitchen,20251119,2025-11-19,2025-11-19 06:00:00,2,EMEA,Premium,4,137.29,27.46,549.16,521.7,Apple Pay
4657,ORD_104657,1,55,CUST_0055,18,PROD_0018,Air Fryers Pro-Series 3,Home & Kitchen,20250303,2025-03-03,2025-03-03 17:00:00,3,APAC,Standard,1,497.95,24.9,497.95,473.05,PayPal
4658,ORD_104658,1,178,CUST_0178,36,PROD_0036,Watches Pro-Series 3,Apparel & Fashion,20250517,2025-05-17,2025-05-17 06:00:00,3,APAC,Standard,5,387.69,96.92,1938.45,1841.53,Apple Pay
4659,ORD_104659,1,356,CUST_0356,14,PROD_0014,Coffee Makers Pro-Series 2,Home & Kitchen,20260608,2026-06-08,2026-06-08 01:00:00,3,APAC,Premium,2,94.28,0.0,188.56,188.56,Apple Pay
4660,ORD_104660,1,162,CUST_0162,3,PROD_0003,Smartphones Pro-Series 3,Consumer Electronics,20250129,2025-01-29,2025-01-29 15:00:00,4,LATAM,Premium,5,194.64,0.0,973.2,973.2,Debit Card
4661,ORD_104661,1,133,CUST_0133,19,PROD_0019,Blenders Pro-Series 1,Home & Kitchen,20250805,2025-08-05,2025-08-05 11:00:00,2,EMEA,VIP,3,523.93,78.59,1571.79,1493.2,Apple Pay
4662,ORD_104662,1,251,CUST_0251,31,PROD_0031,Sportswear Pro-Series 1,Apparel & Fashion,20260430,2026-04-30,2026-04-30 15:00:00,3,APAC,Premium,3,610.97,183.29,1832.91,1649.62,Debit Card
4663,ORD_104663,1,126,CUST_0126,3,PROD_0003,Smartphones Pro-Series 3,Consumer Electronics,20250928,2025-09-28,2025-09-28 18:00:00,3,APAC,Standard,4,194.64,77.86,778.56,700.7,Credit Card
4664,ORD_104664,1,5,CUST_0005,25,PROD_0025,Men's Jackets Pro-Series 1,Apparel & Fashion,20250219,2025-02-19,2025-02-19 13:00:00,2,EMEA,Standard,4,381.42,152.57,1525.68,1373.11,Debit Card
4665,ORD_104665,1,344,CUST_0344,30,PROD_0030,Women's Sneakers Pro-Series 3,Apparel & Fashion,20250509,2025-05-09,2025-05-09 23:00:00,3,APAC,Standard,3,378.05,56.71,1134.15,1077.44,Debit Card
4666,ORD_104666,1,117,CUST_0117,36,PROD_0036,Watches Pro-Series 3,Apparel & Fashion,20260419,2026-04-19,2026-04-19 18:00:00,3,APAC,Standard,3,387.69,174.46,1163.07,988.61,Credit Card
4667,ORD_104667,1,72,CUST_0072,8,PROD_0008,Audio Headphones Pro-Series 2,Consumer Electronics,20260820,2026-08-20,2026-08-20 03:00:00,1,North America,Premium,3,596.84,0.0,1790.52,1790.52,Debit Card
4668,ORD_104668,1,130,CUST_0130,23,PROD_0023,Robotic Vacuums Pro-Series 2,Home & Kitchen,20250610,2025-06-10,2025-06-10 11:00:00,2,EMEA,VIP,5,80.72,60.54,403.6,343.06,Credit Card
4669,ORD_104669,1,31,CUST_0031,37,PROD_0037,Hardcover Novels Pro-Series 1,Books & Media,20250405,2025-04-05,2025-04-05 13:00:00,2,EMEA,Standard,2,271.24,54.25,542.48,488.23,Debit Card
4670,ORD_104670,1,289,CUST_0289,10,PROD_0010,Smartwatches Pro-Series 1,Consumer Electronics,20250201,2025-02-01,2025-02-01 14:00:00,4,LATAM,Premium,2,238.77,47.75,477.54,429.79,Credit Card
4671,ORD_104671,1,104,CUST_0104,8,PROD_0008,Audio Headphones Pro-Series 2,Consumer Electronics,20260504,2026-05-04,2026-05-04 09:00:00,4,LATAM,VIP,1,596.84,29.84,596.84,567.0,PayPal
4672,ORD_104672,1,333,CUST_0333,15,PROD_0015,Coffee Makers Pro-Series 3,Home & Kitchen,20260116,2026-01-16,2026-01-16 01:00:00,3,APAC,Premium,2,397.04,79.41,794.08,714.67,Apple Pay
4673,ORD_104673,1,286,CUST_0286,37,PROD_0037,Hardcover Novels Pro-Series 1,Books & Media,20250608,2025-06-08,2025-06-08 14:00:00,3,APAC,Standard,2,271.24,27.12,542.48,515.36,Debit Card
4674,ORD_104674,1,303,CUST_0303,17,PROD_0017,Air Fryers Pro-Series 2,Home & Kitchen,20250403,2025-04-03,2025-04-03 15:00:00,4,LATAM,Standard,3,438.78,131.63,1316.34,1184.71,Apple Pay
4675,ORD_104675,1,320,CUST_0320,23,PROD_0023,Robotic Vacuums Pro-Series 2,Home & Kitchen,20251229,2025-12-29,2025-12-29 22:00:00,4,LATAM,Premium,5,80.72,0.0,403.6,403.6,PayPal
4676,ORD_104676,1,99,CUST_0099,7,PROD_0007,Audio Headphones Pro-Series 1,Consumer Electronics,20260405,2026-04-05,2026-04-05 23:00:00,4,LATAM,Premium,3,136.35,20.45,409.05,388.6,Debit Card
4677,ORD_104677,1,118,CUST_0118,9,PROD_0009,Audio Headphones Pro-Series 3,Consumer Electronics,20250420,2025-04-20,2025-04-20 16:00:00,2,EMEA,Standard,3,512.06,0.0,1536.18,1536.18,PayPal
4678,ORD_104678,1,495,CUST_0495,14,PROD_0014,Coffee Makers Pro-Series 2,Home & Kitchen,20250807,2025-08-07,2025-08-07 19:00:00,4,LATAM,Standard,2,94.28,28.28,188.56,160.28,Debit Card
4679,ORD_104679,1,210,CUST_0210,18,PROD_0018,Air Fryers Pro-Series 3,Home & Kitchen,20250415,2025-04-15,2025-04-15 14:00:00,1,North America,Standard,3,497.95,0.0,1493.85,1493.85,Apple Pay
4680,ORD_104680,1,340,CUST_0340,24,PROD_0024,Robotic Vacuums Pro-Series 3,Home & Kitchen,20260203,2026-02-03,2026-02-03 10:00:00,1,North America,Premium,1,106.82,5.34,106.82,101.48,Debit Card
4681,ORD_104681,1,41,CUST_0041,8,PROD_0008,Audio Headphones Pro-Series 2,Consumer Electronics,20250825,2025-08-25,2025-08-25 16:00:00,1,North America,Standard,3,596.84,0.0,1790.52,1790.52,PayPal
4682,ORD_104682,1,368,CUST_0368,39,PROD_0039,Hardcover Novels Pro-Series 3,Books & Media,20250515,2025-05-15,2025-05-15 17:00:00,2,EMEA,Premium,1,217.64,32.65,217.64,184.99,Apple Pay
4683,ORD_104683,1,183,CUST_0183,11,PROD_0011,Smartwatches Pro-Series 2,Consumer Electronics,20251213,2025-12-13,2025-12-13 18:00:00,2,EMEA,VIP,4,627.26,376.36,2509.04,2132.68,Debit Card
4684,ORD_104684,1,94,CUST_0094,14,PROD_0014,Coffee Makers Pro-Series 2,Home & Kitchen,20260509,2026-05-09,2026-05-09 08:00:00,2,EMEA,Premium,3,94.28,28.28,282.84,254.56,PayPal
4685,ORD_104685,1,451,CUST_0451,30,PROD_0030,Women's Sneakers Pro-Series 3,Apparel & Fashion,20250823,2025-08-23,2025-08-23 20:00:00,2,EMEA,VIP,2,378.05,113.42,756.1,642.68,PayPal
4686,ORD_104686,1,297,CUST_0297,12,PROD_0012,Smartwatches Pro-Series 3,Consumer Electronics,20260305,2026-03-05,2026-03-05 23:00:00,1,North America,Standard,3,414.15,0.0,1242.45,1242.45,Credit Card
4687,ORD_104687,1,195,CUST_0195,1,PROD_0001,Smartphones Pro-Series 1,Consumer Electronics,20250113,2025-01-13,2025-01-13 04:00:00,4,LATAM,Premium,4,247.49,49.5,989.96,940.46,Credit Card
4688,ORD_104688,1,458,CUST_0458,41,PROD_0041,Tech Guides Pro-Series 2,Books & Media,20250921,2025-09-21,2025-09-21 06:00:00,3,APAC,Standard,5,539.9,404.93,2699.5,2294.57,Debit Card
4689,ORD_104689,1,448,CUST_0448,32,PROD_0032,Sportswear Pro-Series 2,Apparel & Fashion,20251218,2025-12-18,2025-12-18 06:00:00,1,North America,Premium,3,106.55,31.96,319.65,287.69,Debit Card
4690,ORD_104690,1,497,CUST_0497,2,PROD_0002,Smartphones Pro-Series 2,Consumer Electronics,20250912,2025-09-12,2025-09-12 03:00:00,3,APAC,Premium,2,484.7,0.0,969.4,969.4,PayPal
4691,ORD_104691,1,233,CUST_0233,15,PROD_0015,Coffee Makers Pro-Series 3,Home & Kitchen,20250309,2025-03-09,2025-03-09 17:00:00,1,North America,Standard,5,397.04,198.52,1985.2,1786.68,Credit Card
4692,ORD_104692,1,108,CUST_0108,15,PROD_0015,Coffee Makers Pro-Series 3,Home & Kitchen,20260503,2026-05-03,2026-05-03 19:00:00,4,LATAM,Standard,4,397.04,79.41,1588.16,1508.75,Credit Card
4693,ORD_104693,1,244,CUST_0244,13,PROD_0013,Coffee Makers Pro-Series 1,Home & Kitchen,20250514,2025-05-14,2025-05-14 19:00:00,3,APAC,Premium,1,177.25,17.73,177.25,159.52,Apple Pay
4694,ORD_104694,1,351,CUST_0351,45,PROD_0045,Audiobooks Pro-Series 3,Books & Media,20250222,2025-02-22,2025-02-22 05:00:00,4,LATAM,Standard,3,512.51,0.0,1537.53,1537.53,PayPal
4695,ORD_104695,1,367,CUST_0367,2,PROD_0002,Smartphones Pro-Series 2,Consumer Electronics,20260226,2026-02-26,2026-02-26 17:00:00,1,North America,Standard,5,484.7,0.0,2423.5,2423.5,Debit Card
4696,ORD_104696,1,15,CUST_0015,36,PROD_0036,Watches Pro-Series 3,Apparel & Fashion,20250604,2025-06-04,2025-06-04 05:00:00,4,LATAM,Premium,1,387.69,19.38,387.69,368.31,Credit Card
4697,ORD_104697,1,433,CUST_0433,18,PROD_0018,Air Fryers Pro-Series 3,Home & Kitchen,20260619,2026-06-19,2026-06-19 18:00:00,3,APAC,Standard,2,497.95,49.8,995.9,946.1,Apple Pay
4698,ORD_104698,1,396,CUST_0396,3,PROD_0003,Smartphones Pro-Series 3,Consumer Electronics,20260807,2026-08-07,2026-08-07 13:00:00,2,EMEA,Standard,2,194.64,19.46,389.28,369.82,Credit Card
4699,ORD_104699,1,465,CUST_0465,40,PROD_0040,Tech Guides Pro-Series 1,Books & Media,20251202,2025-12-02,2025-12-02 19:00:00,4,LATAM,Premium,3,507.6,0.0,1522.8,1522.8,Debit Card
4700,ORD_104700,1,405,CUST_0405,40,PROD_0040,Tech Guides Pro-Series 1,Books & Media,20260105,2026-01-05,2026-01-05 14:00:00,1,North America,Standard,2,507.6,50.76,1015.2,964.44,PayPal
4701,ORD_104701,1,270,CUST_0270,35,PROD_0035,Watches Pro-Series 2,Apparel & Fashion,20250115,2025-01-15,2025-01-15 17:00:00,1,North America,Standard,4,495.6,0.0,1982.4,1982.4,Apple Pay
4702,ORD_104702,1,173,CUST_0173,1,PROD_0001,Smartphones Pro-Series 1,Consumer Electronics,20250310,2025-03-10,2025-03-10 14:00:00,2,EMEA,Premium,3,247.49,0.0,742.47,742.47,PayPal
4703,ORD_104703,1,228,CUST_0228,33,PROD_0033,Sportswear Pro-Series 3,Apparel & Fashion,20250125,2025-01-25,2025-01-25 01:00:00,4,LATAM,Premium,4,230.01,92.0,920.04,828.04,Debit Card
4704,ORD_104704,1,350,CUST_0350,35,PROD_0035,Watches Pro-Series 2,Apparel & Fashion,20251129,2025-11-29,2025-11-29 10:00:00,3,APAC,Standard,1,495.6,49.56,495.6,446.04,Credit Card
4705,ORD_104705,1,23,CUST_0023,19,PROD_0019,Blenders Pro-Series 1,Home & Kitchen,20251107,2025-11-07,2025-11-07 10:00:00,4,LATAM,Premium,2,523.93,52.39,1047.86,995.47,Debit Card
4706,ORD_104706,1,150,CUST_0150,44,PROD_0044,Audiobooks Pro-Series 2,Books & Media,20260227,2026-02-27,2026-02-27 19:00:00,4,LATAM,VIP,2,86.85,26.05,173.7,147.65,PayPal
4707,ORD_104707,1,490,CUST_0490,22,PROD_0022,Robotic Vacuums Pro-Series 1,Home & Kitchen,20260529,2026-05-29,2026-05-29 13:00:00,1,North America,VIP,5,573.0,0.0,2865.0,2865.0,Apple Pay
4708,ORD_104708,1,158,CUST_0158,15,PROD_0015,Coffee Makers Pro-Series 3,Home & Kitchen,20250518,2025-05-18,2025-05-18 01:00:00,3,APAC,Premium,3,397.04,0.0,1191.12,1191.12,Apple Pay
4709,ORD_104709,1,55,CUST_0055,32,PROD_0032,Sportswear Pro-Series 2,Apparel & Fashion,20260215,2026-02-15,2026-02-15 04:00:00,4,LATAM,Standard,3,106.55,15.98,319.65,303.67,Apple Pay
4710,ORD_104710,1,463,CUST_0463,19,PROD_0019,Blenders Pro-Series 1,Home & Kitchen,20250726,2025-07-26,2025-07-26 18:00:00,1,North America,Premium,4,523.93,314.36,2095.72,1781.36,Debit Card
4711,ORD_104711,1,227,CUST_0227,36,PROD_0036,Watches Pro-Series 3,Apparel & Fashion,20250920,2025-09-20,2025-09-20 01:00:00,4,LATAM,Standard,5,387.69,193.85,1938.45,1744.6,Apple Pay
4712,ORD_104712,1,318,CUST_0318,5,PROD_0005,Laptops Pro-Series 2,Consumer Electronics,20260403,2026-04-03,2026-04-03 08:00:00,1,North America,Standard,1,144.32,21.65,144.32,122.67,Debit Card
4713,ORD_104713,1,78,CUST_0078,28,PROD_0028,Women's Sneakers Pro-Series 1,Apparel & Fashion,20260414,2026-04-14,2026-04-14 20:00:00,3,APAC,Standard,1,301.74,45.26,301.74,256.48,PayPal
4714,ORD_104714,1,276,CUST_0276,40,PROD_0040,Tech Guides Pro-Series 1,Books & Media,20260816,2026-08-16,2026-08-16 14:00:00,3,APAC,Premium,2,507.6,152.28,1015.2,862.92,Debit Card
4715,ORD_104715,1,496,CUST_0496,11,PROD_0011,Smartwatches Pro-Series 2,Consumer Electronics,20250223,2025-02-23,2025-02-23 02:00:00,3,APAC,Standard,5,627.26,156.82,3136.3,2979.48,Credit Card
4716,ORD_104716,1,137,CUST_0137,23,PROD_0023,Robotic Vacuums Pro-Series 2,Home & Kitchen,20260318,2026-03-18,2026-03-18 23:00:00,2,EMEA,Premium,3,80.72,12.11,242.16,230.05,Debit Card
4717,ORD_104717,1,139,CUST_0139,29,PROD_0029,Women's Sneakers Pro-Series 2,Apparel & Fashion,20260714,2026-07-14,2026-07-14 00:00:00,1,North America,Standard,3,420.39,0.0,1261.17,1261.17,Debit Card
4718,ORD_104718,1,177,CUST_0177,5,PROD_0005,Laptops Pro-Series 2,Consumer Electronics,20250725,2025-07-25,2025-07-25 12:00:00,4,LATAM,Premium,3,144.32,64.94,432.96,368.02,PayPal
4719,ORD_104719,1,463,CUST_0463,38,PROD_0038,Hardcover Novels Pro-Series 2,Books & Media,20260319,2026-03-19,2026-03-19 22:00:00,2,EMEA,Premium,1,157.75,7.89,157.75,149.86,PayPal
4720,ORD_104720,1,494,CUST_0494,22,PROD_0022,Robotic Vacuums Pro-Series 1,Home & Kitchen,20260426,2026-04-26,2026-04-26 06:00:00,4,LATAM,Standard,1,573.0,28.65,573.0,544.35,Apple Pay
4721,ORD_104721,1,95,CUST_0095,5,PROD_0005,Laptops Pro-Series 2,Consumer Electronics,20260203,2026-02-03,2026-02-03 15:00:00,2,EMEA,Premium,2,144.32,0.0,288.64,288.64,Credit Card
4722,ORD_104722,1,235,CUST_0235,43,PROD_0043,Audiobooks Pro-Series 1,Books & Media,20260720,2026-07-20,2026-07-20 10:00:00,3,APAC,Premium,5,262.83,0.0,1314.15,1314.15,Apple Pay
4723,ORD_104723,1,362,CUST_0362,20,PROD_0020,Blenders Pro-Series 2,Home & Kitchen,20250828,2025-08-28,2025-08-28 04:00:00,2,EMEA,Premium,3,80.82,36.37,242.46,206.09,Debit Card
4724,ORD_104724,1,298,CUST_0298,35,PROD_0035,Watches Pro-Series 2,Apparel & Fashion,20250121,2025-01-21,2025-01-21 00:00:00,1,North America,Standard,3,495.6,223.02,1486.8,1263.78,PayPal
4725,ORD_104725,1,311,CUST_0311,3,PROD_0003,Smartphones Pro-Series 3,Consumer Electronics,20260222,2026-02-22,2026-02-22 20:00:00,2,EMEA,Standard,1,194.64,9.73,194.64,184.91,Apple Pay
4726,ORD_104726,1,421,CUST_0421,41,PROD_0041,Tech Guides Pro-Series 2,Books & Media,20250316,2025-03-16,2025-03-16 07:00:00,4,LATAM,Standard,3,539.9,80.98,1619.7,1538.72,PayPal
4727,ORD_104727,1,223,CUST_0223,35,PROD_0035,Watches Pro-Series 2,Apparel & Fashion,20260612,2026-06-12,2026-06-12 10:00:00,3,APAC,Standard,5,495.6,371.7,2478.0,2106.3,Debit Card
4728,ORD_104728,1,256,CUST_0256,3,PROD_0003,Smartphones Pro-Series 3,Consumer Electronics,20250129,2025-01-29,2025-01-29 23:00:00,4,LATAM,Premium,1,194.64,0.0,194.64,194.64,Debit Card
4729,ORD_104729,1,51,CUST_0051,18,PROD_0018,Air Fryers Pro-Series 3,Home & Kitchen,20251006,2025-10-06,2025-10-06 12:00:00,2,EMEA,Standard,2,497.95,149.38,995.9,846.52,Credit Card
4730,ORD_104730,1,376,CUST_0376,38,PROD_0038,Hardcover Novels Pro-Series 2,Books & Media,20250222,2025-02-22,2025-02-22 08:00:00,1,North America,Standard,4,157.75,63.1,631.0,567.9,Apple Pay
4731,ORD_104731,1,287,CUST_0287,29,PROD_0029,Women's Sneakers Pro-Series 2,Apparel & Fashion,20250721,2025-07-21,2025-07-21 12:00:00,1,North America,Standard,4,420.39,84.08,1681.56,1597.48,Debit Card
4732,ORD_104732,1,448,CUST_0448,6,PROD_0006,Laptops Pro-Series 3,Consumer Electronics,20260324,2026-03-24,2026-03-24 05:00:00,3,APAC,Premium,4,304.52,182.71,1218.08,1035.37,Apple Pay
4733,ORD_104733,1,167,CUST_0167,17,PROD_0017,Air Fryers Pro-Series 2,Home & Kitchen,20250107,2025-01-07,2025-01-07 23:00:00,3,APAC,Standard,5,438.78,329.08,2193.9,1864.82,Debit Card
4734,ORD_104734,1,77,CUST_0077,19,PROD_0019,Blenders Pro-Series 1,Home & Kitchen,20250505,2025-05-05,2025-05-05 16:00:00,4,LATAM,Standard,3,523.93,0.0,1571.79,1571.79,Apple Pay
4735,ORD_104735,1,260,CUST_0260,24,PROD_0024,Robotic Vacuums Pro-Series 3,Home & Kitchen,20250624,2025-06-24,2025-06-24 15:00:00,2,EMEA,Standard,1,106.82,10.68,106.82,96.14,Credit Card
4736,ORD_104736,1,241,CUST_0241,12,PROD_0012,Smartwatches Pro-Series 3,Consumer Electronics,20260531,2026-05-31,2026-05-31 16:00:00,4,LATAM,Standard,2,414.15,82.83,828.3,745.47,PayPal
4737,ORD_104737,1,83,CUST_0083,9,PROD_0009,Audio Headphones Pro-Series 3,Consumer Electronics,20250326,2025-03-26,2025-03-26 20:00:00,2,EMEA,Premium,2,512.06,51.21,1024.12,972.91,Credit Card
4738,ORD_104738,1,403,CUST_0403,2,PROD_0002,Smartphones Pro-Series 2,Consumer Electronics,20251118,2025-11-18,2025-11-18 18:00:00,1,North America,Standard,4,484.7,0.0,1938.8,1938.8,PayPal
4739,ORD_104739,1,357,CUST_0357,1,PROD_0001,Smartphones Pro-Series 1,Consumer Electronics,20250522,2025-05-22,2025-05-22 21:00:00,3,APAC,Premium,3,247.49,74.25,742.47,668.22,Apple Pay
4740,ORD_104740,1,473,CUST_0473,31,PROD_0031,Sportswear Pro-Series 1,Apparel & Fashion,20260306,2026-03-06,2026-03-06 14:00:00,1,North America,Standard,3,610.97,183.29,1832.91,1649.62,Credit Card
4741,ORD_104741,1,357,CUST_0357,25,PROD_0025,Men's Jackets Pro-Series 1,Apparel & Fashion,20260421,2026-04-21,2026-04-21 20:00:00,4,LATAM,Premium,1,381.42,38.14,381.42,343.28,Apple Pay
4742,ORD_104742,1,302,CUST_0302,15,PROD_0015,Coffee Makers Pro-Series 3,Home & Kitchen,20260304,2026-03-04,2026-03-04 17:00:00,1,North America,Standard,1,397.04,59.56,397.04,337.48,Apple Pay
4743,ORD_104743,1,335,CUST_0335,26,PROD_0026,Men's Jackets Pro-Series 2,Apparel & Fashion,20260115,2026-01-15,2026-01-15 14:00:00,4,LATAM,Standard,4,387.88,232.73,1551.52,1318.79,Apple Pay
4744,ORD_104744,1,222,CUST_0222,25,PROD_0025,Men's Jackets Pro-Series 1,Apparel & Fashion,20260501,2026-05-01,2026-05-01 23:00:00,4,LATAM,Premium,3,381.42,171.64,1144.26,972.62,Debit Card
4745,ORD_104745,1,181,CUST_0181,9,PROD_0009,Audio Headphones Pro-Series 3,Consumer Electronics,20250217,2025-02-17,2025-02-17 17:00:00,1,North America,Premium,5,512.06,256.03,2560.3,2304.27,PayPal
4746,ORD_104746,1,160,CUST_0160,22,PROD_0022,Robotic Vacuums Pro-Series 1,Home & Kitchen,20260824,2026-08-24,2026-08-24 13:00:00,3,APAC,Standard,2,573.0,0.0,1146.0,1146.0,Debit Card
4747,ORD_104747,1,148,CUST_0148,37,PROD_0037,Hardcover Novels Pro-Series 1,Books & Media,20260108,2026-01-08,2026-01-08 01:00:00,4,LATAM,Standard,5,271.24,67.81,1356.2,1288.39,Debit Card
4748,ORD_104748,1,185,CUST_0185,20,PROD_0020,Blenders Pro-Series 2,Home & Kitchen,20250528,2025-05-28,2025-05-28 14:00:00,3,APAC,VIP,2,80.82,8.08,161.64,153.56,Credit Card
4749,ORD_104749,1,352,CUST_0352,45,PROD_0045,Audiobooks Pro-Series 3,Books & Media,20260318,2026-03-18,2026-03-18 02:00:00,3,APAC,Premium,1,512.51,76.88,512.51,435.63,PayPal
4750,ORD_104750,1,402,CUST_0402,44,PROD_0044,Audiobooks Pro-Series 2,Books & Media,20260704,2026-07-04,2026-07-04 14:00:00,2,EMEA,Standard,5,86.85,65.14,434.25,369.11,Apple Pay
4751,ORD_104751,1,195,CUST_0195,31,PROD_0031,Sportswear Pro-Series 1,Apparel & Fashion,20250205,2025-02-05,2025-02-05 01:00:00,2,EMEA,Premium,3,610.97,274.94,1832.91,1557.97,Debit Card
4752,ORD_104752,1,20,CUST_0020,16,PROD_0016,Air Fryers Pro-Series 1,Home & Kitchen,20250727,2025-07-27,2025-07-27 18:00:00,2,EMEA,Standard,1,403.75,40.38,403.75,363.37,PayPal
4753,ORD_104753,1,46,CUST_0046,35,PROD_0035,Watches Pro-Series 2,Apparel & Fashion,20250226,2025-02-26,2025-02-26 06:00:00,2,EMEA,Standard,5,495.6,123.9,2478.0,2354.1,PayPal
4754,ORD_104754,1,56,CUST_0056,8,PROD_0008,Audio Headphones Pro-Series 2,Consumer Electronics,20250121,2025-01-21,2025-01-21 02:00:00,3,APAC,Standard,1,596.84,89.53,596.84,507.31,Apple Pay
4755,ORD_104755,1,273,CUST_0273,21,PROD_0021,Blenders Pro-Series 3,Home & Kitchen,20250915,2025-09-15,2025-09-15 16:00:00,3,APAC,Premium,5,137.29,102.97,686.45,583.48,Apple Pay
4756,ORD_104756,1,357,CUST_0357,19,PROD_0019,Blenders Pro-Series 1,Home & Kitchen,20260116,2026-01-16,2026-01-16 04:00:00,3,APAC,Premium,2,523.93,157.18,1047.86,890.68,Credit Card
4757,ORD_104757,1,142,CUST_0142,13,PROD_0013,Coffee Makers Pro-Series 1,Home & Kitchen,20251218,2025-12-18,2025-12-18 02:00:00,4,LATAM,Standard,5,177.25,132.94,886.25,753.31,Apple Pay
4758,ORD_104758,1,363,CUST_0363,34,PROD_0034,Watches Pro-Series 1,Apparel & Fashion,20251221,2025-12-21,2025-12-21 14:00:00,2,EMEA,Standard,3,277.89,0.0,833.67,833.67,Debit Card
4759,ORD_104759,1,103,CUST_0103,42,PROD_0042,Tech Guides Pro-Series 3,Books & Media,20260809,2026-08-09,2026-08-09 17:00:00,4,LATAM,Premium,1,201.79,10.09,201.79,191.7,Apple Pay
4760,ORD_104760,1,490,CUST_0490,28,PROD_0028,Women's Sneakers Pro-Series 1,Apparel & Fashion,20251224,2025-12-24,2025-12-24 12:00:00,4,LATAM,VIP,2,301.74,30.17,603.48,573.31,Apple Pay
4761,ORD_104761,1,341,CUST_0341,17,PROD_0017,Air Fryers Pro-Series 2,Home & Kitchen,20260705,2026-07-05,2026-07-05 13:00:00,1,North America,Standard,4,438.78,87.76,1755.12,1667.36,Apple Pay
4762,ORD_104762,1,355,CUST_0355,8,PROD_0008,Audio Headphones Pro-Series 2,Consumer Electronics,20260201,2026-02-01,2026-02-01 01:00:00,1,North America,VIP,4,596.84,119.37,2387.36,2267.99,Apple Pay
4763,ORD_104763,1,157,CUST_0157,41,PROD_0041,Tech Guides Pro-Series 2,Books & Media,20260311,2026-03-11,2026-03-11 19:00:00,4,LATAM,Premium,4,539.9,107.98,2159.6,2051.62,PayPal
4764,ORD_104764,1,480,CUST_0480,35,PROD_0035,Watches Pro-Series 2,Apparel & Fashion,20260207,2026-02-07,2026-02-07 21:00:00,3,APAC,Standard,2,495.6,148.68,991.2,842.52,Apple Pay
4765,ORD_104765,1,495,CUST_0495,38,PROD_0038,Hardcover Novels Pro-Series 2,Books & Media,20250430,2025-04-30,2025-04-30 15:00:00,4,LATAM,Standard,2,157.75,47.32,315.5,268.18,Debit Card
4766,ORD_104766,1,430,CUST_0430,39,PROD_0039,Hardcover Novels Pro-Series 3,Books & Media,20260802,2026-08-02,2026-08-02 23:00:00,1,North America,Standard,1,217.64,0.0,217.64,217.64,PayPal
4767,ORD_104767,1,311,CUST_0311,4,PROD_0004,Laptops Pro-Series 1,Consumer Electronics,20260522,2026-05-22,2026-05-22 02:00:00,3,APAC,Standard,2,328.32,0.0,656.64,656.64,PayPal
4768,ORD_104768,1,233,CUST_0233,11,PROD_0011,Smartwatches Pro-Series 2,Consumer Electronics,20260707,2026-07-07,2026-07-07 21:00:00,1,North America,Standard,2,627.26,0.0,1254.52,1254.52,Apple Pay
4769,ORD_104769,1,22,CUST_0022,41,PROD_0041,Tech Guides Pro-Series 2,Books & Media,20250319,2025-03-19,2025-03-19 18:00:00,3,APAC,Standard,3,539.9,242.95,1619.7,1376.75,PayPal
4770,ORD_104770,1,139,CUST_0139,27,PROD_0027,Men's Jackets Pro-Series 3,Apparel & Fashion,20251109,2025-11-09,2025-11-09 23:00:00,2,EMEA,Standard,2,452.99,0.0,905.98,905.98,Credit Card
4771,ORD_104771,1,218,CUST_0218,27,PROD_0027,Men's Jackets Pro-Series 3,Apparel & Fashion,20260205,2026-02-05,2026-02-05 10:00:00,2,EMEA,Standard,2,452.99,45.3,905.98,860.68,Apple Pay
4772,ORD_104772,1,80,CUST_0080,19,PROD_0019,Blenders Pro-Series 1,Home & Kitchen,20250207,2025-02-07,2025-02-07 16:00:00,2,EMEA,Premium,2,523.93,157.18,1047.86,890.68,PayPal
4773,ORD_104773,1,345,CUST_0345,35,PROD_0035,Watches Pro-Series 2,Apparel & Fashion,20251127,2025-11-27,2025-11-27 07:00:00,1,North America,Standard,3,495.6,0.0,1486.8,1486.8,PayPal
4774,ORD_104774,1,254,CUST_0254,21,PROD_0021,Blenders Pro-Series 3,Home & Kitchen,20250224,2025-02-24,2025-02-24 20:00:00,3,APAC,Premium,5,137.29,68.64,686.45,617.81,Credit Card
4775,ORD_104775,1,32,CUST_0032,10,PROD_0010,Smartwatches Pro-Series 1,Consumer Electronics,20251008,2025-10-08,2025-10-08 05:00:00,3,APAC,Standard,5,238.77,119.39,1193.85,1074.46,PayPal
4776,ORD_104776,1,250,CUST_0250,18,PROD_0018,Air Fryers Pro-Series 3,Home & Kitchen,20251221,2025-12-21,2025-12-21 01:00:00,3,APAC,Standard,1,497.95,24.9,497.95,473.05,PayPal
4777,ORD_104777,1,28,CUST_0028,38,PROD_0038,Hardcover Novels Pro-Series 2,Books & Media,20250708,2025-07-08,2025-07-08 16:00:00,4,LATAM,Premium,1,157.75,7.89,157.75,149.86,Apple Pay
4778,ORD_104778,1,155,CUST_0155,13,PROD_0013,Coffee Makers Pro-Series 1,Home & Kitchen,20251004,2025-10-04,2025-10-04 00:00:00,1,North America,Standard,1,177.25,0.0,177.25,177.25,Debit Card
4779,ORD_104779,1,343,CUST_0343,36,PROD_0036,Watches Pro-Series 3,Apparel & Fashion,20260511,2026-05-11,2026-05-11 03:00:00,2,EMEA,Standard,2,387.69,77.54,775.38,697.84,PayPal
4780,ORD_104780,1,244,CUST_0244,41,PROD_0041,Tech Guides Pro-Series 2,Books & Media,20250513,2025-05-13,2025-05-13 15:00:00,2,EMEA,Premium,4,539.9,323.94,2159.6,1835.66,Apple Pay
4781,ORD_104781,1,226,CUST_0226,26,PROD_0026,Men's Jackets Pro-Series 2,Apparel & Fashion,20251218,2025-12-18,2025-12-18 08:00:00,1,North America,Standard,4,387.88,77.58,1551.52,1473.94,Debit Card
4782,ORD_104782,1,485,CUST_0485,15,PROD_0015,Coffee Makers Pro-Series 3,Home & Kitchen,20260101,2026-01-01,2026-01-01 15:00:00,3,APAC,Standard,3,397.04,119.11,1191.12,1072.01,Credit Card
4783,ORD_104783,1,481,CUST_0481,7,PROD_0007,Audio Headphones Pro-Series 1,Consumer Electronics,20251023,2025-10-23,2025-10-23 14:00:00,2,EMEA,Standard,4,136.35,81.81,545.4,463.59,Debit Card
4784,ORD_104784,1,457,CUST_0457,44,PROD_0044,Audiobooks Pro-Series 2,Books & Media,20250419,2025-04-19,2025-04-19 10:00:00,2,EMEA,Premium,5,86.85,21.71,434.25,412.54,PayPal
4785,ORD_104785,1,237,CUST_0237,4,PROD_0004,Laptops Pro-Series 1,Consumer Electronics,20250930,2025-09-30,2025-09-30 05:00:00,2,EMEA,Standard,1,328.32,32.83,328.32,295.49,Credit Card
4786,ORD_104786,1,453,CUST_0453,17,PROD_0017,Air Fryers Pro-Series 2,Home & Kitchen,20250411,2025-04-11,2025-04-11 06:00:00,2,EMEA,Premium,2,438.78,0.0,877.56,877.56,Debit Card
4787,ORD_104787,1,317,CUST_0317,35,PROD_0035,Watches Pro-Series 2,Apparel & Fashion,20250611,2025-06-11,2025-06-11 15:00:00,3,APAC,Standard,5,495.6,123.9,2478.0,2354.1,Apple Pay
4788,ORD_104788,1,97,CUST_0097,14,PROD_0014,Coffee Makers Pro-Series 2,Home & Kitchen,20260403,2026-04-03,2026-04-03 15:00:00,1,North America,Premium,2,94.28,0.0,188.56,188.56,PayPal
4789,ORD_104789,1,353,CUST_0353,39,PROD_0039,Hardcover Novels Pro-Series 3,Books & Media,20260406,2026-04-06,2026-04-06 03:00:00,1,North America,Standard,2,217.64,65.29,435.28,369.99,Apple Pay
4790,ORD_104790,1,357,CUST_0357,24,PROD_0024,Robotic Vacuums Pro-Series 3,Home & Kitchen,20250906,2025-09-06,2025-09-06 18:00:00,3,APAC,Premium,4,106.82,0.0,427.28,427.28,Apple Pay
4791,ORD_104791,1,405,CUST_0405,6,PROD_0006,Laptops Pro-Series 3,Consumer Electronics,20250705,2025-07-05,2025-07-05 02:00:00,4,LATAM,Standard,2,304.52,30.45,609.04,578.59,Credit Card
4792,ORD_104792,1,370,CUST_0370,44,PROD_0044,Audiobooks Pro-Series 2,Books & Media,20260205,2026-02-05,2026-02-05 20:00:00,3,APAC,Premium,5,86.85,0.0,434.25,434.25,Credit Card
4793,ORD_104793,1,142,CUST_0142,17,PROD_0017,Air Fryers Pro-Series 2,Home & Kitchen,20250104,2025-01-04,2025-01-04 22:00:00,2,EMEA,Standard,4,438.78,175.51,1755.12,1579.61,PayPal
4794,ORD_104794,1,149,CUST_0149,17,PROD_0017,Air Fryers Pro-Series 2,Home & Kitchen,20260206,2026-02-06,2026-02-06 08:00:00,2,EMEA,Premium,2,438.78,131.63,877.56,745.93,Credit Card
4795,ORD_104795,1,81,CUST_0081,45,PROD_0045,Audiobooks Pro-Series 3,Books & Media,20250916,2025-09-16,2025-09-16 04:00:00,1,North America,Premium,1,512.51,76.88,512.51,435.63,PayPal
4796,ORD_104796,1,204,CUST_0204,33,PROD_0033,Sportswear Pro-Series 3,Apparel & Fashion,20250619,2025-06-19,2025-06-19 14:00:00,2,EMEA,Standard,3,230.01,34.5,690.03,655.53,Debit Card
4797,ORD_104797,1,434,CUST_0434,41,PROD_0041,Tech Guides Pro-Series 2,Books & Media,20260605,2026-06-05,2026-06-05 01:00:00,4,LATAM,VIP,5,539.9,269.95,2699.5,2429.55,Debit Card
4798,ORD_104798,1,309,CUST_0309,14,PROD_0014,Coffee Makers Pro-Series 2,Home & Kitchen,20250419,2025-04-19,2025-04-19 01:00:00,2,EMEA,Standard,5,94.28,47.14,471.4,424.26,PayPal
4799,ORD_104799,1,23,CUST_0023,38,PROD_0038,Hardcover Novels Pro-Series 2,Books & Media,20250210,2025-02-10,2025-02-10 00:00:00,1,North America,Premium,1,157.75,23.66,157.75,134.09,PayPal
4800,ORD_104800,1,264,CUST_0264,28,PROD_0028,Women's Sneakers Pro-Series 1,Apparel & Fashion,20250524,2025-05-24,2025-05-24 10:00:00,4,LATAM,Premium,4,301.74,120.7,1206.96,1086.26,Apple Pay
4801,ORD_104801,1,283,CUST_0283,27,PROD_0027,Men's Jackets Pro-Series 3,Apparel & Fashion,20260217,2026-02-17,2026-02-17 11:00:00,1,North America,Standard,4,452.99,90.6,1811.96,1721.36,Apple Pay
4802,ORD_104802,1,15,CUST_0015,16,PROD_0016,Air Fryers Pro-Series 1,Home & Kitchen,20260419,2026-04-19,2026-04-19 20:00:00,3,APAC,Premium,3,403.75,181.69,1211.25,1029.56,PayPal
4803,ORD_104803,1,365,CUST_0365,19,PROD_0019,Blenders Pro-Series 1,Home & Kitchen,20250814,2025-08-14,2025-08-14 05:00:00,4,LATAM,Standard,3,523.93,235.77,1571.79,1336.02,Apple Pay
4804,ORD_104804,1,152,CUST_0152,27,PROD_0027,Men's Jackets Pro-Series 3,Apparel & Fashion,20250308,2025-03-08,2025-03-08 10:00:00,2,EMEA,Premium,3,452.99,0.0,1358.97,1358.97,Debit Card
4805,ORD_104805,1,105,CUST_0105,21,PROD_0021,Blenders Pro-Series 3,Home & Kitchen,20251117,2025-11-17,2025-11-17 15:00:00,1,North America,Premium,5,137.29,68.64,686.45,617.81,Credit Card
4806,ORD_104806,1,292,CUST_0292,44,PROD_0044,Audiobooks Pro-Series 2,Books & Media,20260527,2026-05-27,2026-05-27 12:00:00,4,LATAM,Standard,3,86.85,26.05,260.55,234.5,Debit Card
4807,ORD_104807,1,7,CUST_0007,3,PROD_0003,Smartphones Pro-Series 3,Consumer Electronics,20251202,2025-12-02,2025-12-02 13:00:00,2,EMEA,VIP,2,194.64,58.39,389.28,330.89,Apple Pay
4808,ORD_104808,1,292,CUST_0292,26,PROD_0026,Men's Jackets Pro-Series 2,Apparel & Fashion,20250607,2025-06-07,2025-06-07 05:00:00,3,APAC,Standard,5,387.88,193.94,1939.4,1745.46,PayPal
4809,ORD_104809,1,289,CUST_0289,11,PROD_0011,Smartwatches Pro-Series 2,Consumer Electronics,20250401,2025-04-01,2025-04-01 00:00:00,2,EMEA,Premium,2,627.26,125.45,1254.52,1129.07,Credit Card
4810,ORD_104810,1,181,CUST_0181,31,PROD_0031,Sportswear Pro-Series 1,Apparel & Fashion,20250929,2025-09-29,2025-09-29 10:00:00,3,APAC,Premium,2,610.97,183.29,1221.94,1038.65,PayPal
4811,ORD_104811,1,204,CUST_0204,27,PROD_0027,Men's Jackets Pro-Series 3,Apparel & Fashion,20250824,2025-08-24,2025-08-24 15:00:00,1,North America,Standard,3,452.99,0.0,1358.97,1358.97,Apple Pay
4812,ORD_104812,1,158,CUST_0158,14,PROD_0014,Coffee Makers Pro-Series 2,Home & Kitchen,20250528,2025-05-28,2025-05-28 13:00:00,1,North America,Premium,2,94.28,28.28,188.56,160.28,Credit Card
4813,ORD_104813,1,113,CUST_0113,32,PROD_0032,Sportswear Pro-Series 2,Apparel & Fashion,20260713,2026-07-13,2026-07-13 02:00:00,2,EMEA,Standard,2,106.55,10.66,213.1,202.44,Credit Card
4814,ORD_104814,1,399,CUST_0399,13,PROD_0013,Coffee Makers Pro-Series 1,Home & Kitchen,20250117,2025-01-17,2025-01-17 19:00:00,3,APAC,Standard,2,177.25,35.45,354.5,319.05,PayPal
4815,ORD_104815,1,311,CUST_0311,41,PROD_0041,Tech Guides Pro-Series 2,Books & Media,20250606,2025-06-06,2025-06-06 05:00:00,3,APAC,Standard,1,539.9,0.0,539.9,539.9,Apple Pay
4816,ORD_104816,1,460,CUST_0460,9,PROD_0009,Audio Headphones Pro-Series 3,Consumer Electronics,20260805,2026-08-05,2026-08-05 12:00:00,3,APAC,Standard,1,512.06,76.81,512.06,435.25,Debit Card
4817,ORD_104817,1,309,CUST_0309,4,PROD_0004,Laptops Pro-Series 1,Consumer Electronics,20251203,2025-12-03,2025-12-03 06:00:00,4,LATAM,Standard,5,328.32,82.08,1641.6,1559.52,Apple Pay
4818,ORD_104818,1,235,CUST_0235,44,PROD_0044,Audiobooks Pro-Series 2,Books & Media,20260526,2026-05-26,2026-05-26 12:00:00,1,North America,Premium,1,86.85,13.03,86.85,73.82,PayPal
4819,ORD_104819,1,205,CUST_0205,28,PROD_0028,Women's Sneakers Pro-Series 1,Apparel & Fashion,20251115,2025-11-15,2025-11-15 09:00:00,4,LATAM,Standard,4,301.74,120.7,1206.96,1086.26,PayPal
4820,ORD_104820,1,420,CUST_0420,1,PROD_0001,Smartphones Pro-Series 1,Consumer Electronics,20260318,2026-03-18,2026-03-18 21:00:00,3,APAC,Standard,2,247.49,74.25,494.98,420.73,PayPal
4821,ORD_104821,1,9,CUST_0009,34,PROD_0034,Watches Pro-Series 1,Apparel & Fashion,20251231,2025-12-31,2025-12-31 23:00:00,3,APAC,Premium,3,277.89,41.68,833.67,791.99,Apple Pay
4822,ORD_104822,1,293,CUST_0293,31,PROD_0031,Sportswear Pro-Series 1,Apparel & Fashion,20260314,2026-03-14,2026-03-14 05:00:00,2,EMEA,Premium,4,610.97,366.58,2443.88,2077.3,PayPal
4823,ORD_104823,1,168,CUST_0168,29,PROD_0029,Women's Sneakers Pro-Series 2,Apparel & Fashion,20250804,2025-08-04,2025-08-04 04:00:00,2,EMEA,Standard,4,420.39,84.08,1681.56,1597.48,Apple Pay
4824,ORD_104824,1,420,CUST_0420,39,PROD_0039,Hardcover Novels Pro-Series 3,Books & Media,20260227,2026-02-27,2026-02-27 17:00:00,2,EMEA,Standard,4,217.64,0.0,870.56,870.56,Apple Pay
4825,ORD_104825,1,99,CUST_0099,44,PROD_0044,Audiobooks Pro-Series 2,Books & Media,20260424,2026-04-24,2026-04-24 05:00:00,2,EMEA,Premium,3,86.85,26.05,260.55,234.5,Debit Card
4826,ORD_104826,1,54,CUST_0054,3,PROD_0003,Smartphones Pro-Series 3,Consumer Electronics,20260303,2026-03-03,2026-03-03 12:00:00,3,APAC,Standard,1,194.64,19.46,194.64,175.18,Debit Card
4827,ORD_104827,1,25,CUST_0025,25,PROD_0025,Men's Jackets Pro-Series 1,Apparel & Fashion,20250331,2025-03-31,2025-03-31 17:00:00,4,LATAM,Standard,2,381.42,114.43,762.84,648.41,Debit Card
4828,ORD_104828,1,498,CUST_0498,17,PROD_0017,Air Fryers Pro-Series 2,Home & Kitchen,20250623,2025-06-23,2025-06-23 08:00:00,3,APAC,Standard,1,438.78,21.94,438.78,416.84,Apple Pay
4829,ORD_104829,1,491,CUST_0491,28,PROD_0028,Women's Sneakers Pro-Series 1,Apparel & Fashion,20250327,2025-03-27,2025-03-27 16:00:00,3,APAC,Standard,4,301.74,0.0,1206.96,1206.96,PayPal
4830,ORD_104830,1,25,CUST_0025,36,PROD_0036,Watches Pro-Series 3,Apparel & Fashion,20251103,2025-11-03,2025-11-03 08:00:00,2,EMEA,Standard,2,387.69,0.0,775.38,775.38,PayPal
4831,ORD_104831,1,63,CUST_0063,26,PROD_0026,Men's Jackets Pro-Series 2,Apparel & Fashion,20260712,2026-07-12,2026-07-12 00:00:00,2,EMEA,Standard,3,387.88,174.55,1163.64,989.09,Debit Card
4832,ORD_104832,1,412,CUST_0412,9,PROD_0009,Audio Headphones Pro-Series 3,Consumer Electronics,20260823,2026-08-23,2026-08-23 02:00:00,2,EMEA,Standard,4,512.06,307.24,2048.24,1741.0,PayPal
4833,ORD_104833,1,47,CUST_0047,44,PROD_0044,Audiobooks Pro-Series 2,Books & Media,20260719,2026-07-19,2026-07-19 00:00:00,2,EMEA,Standard,2,86.85,0.0,173.7,173.7,Credit Card
4834,ORD_104834,1,50,CUST_0050,33,PROD_0033,Sportswear Pro-Series 3,Apparel & Fashion,20260130,2026-01-30,2026-01-30 06:00:00,3,APAC,VIP,2,230.01,0.0,460.02,460.02,Credit Card
4835,ORD_104835,1,297,CUST_0297,7,PROD_0007,Audio Headphones Pro-Series 1,Consumer Electronics,20250606,2025-06-06,2025-06-06 07:00:00,3,APAC,Standard,2,136.35,13.63,272.7,259.07,Credit Card
4836,ORD_104836,1,417,CUST_0417,26,PROD_0026,Men's Jackets Pro-Series 2,Apparel & Fashion,20250719,2025-07-19,2025-07-19 07:00:00,2,EMEA,Standard,1,387.88,38.79,387.88,349.09,Credit Card
4837,ORD_104837,1,41,CUST_0041,11,PROD_0011,Smartwatches Pro-Series 2,Consumer Electronics,20260721,2026-07-21,2026-07-21 05:00:00,4,LATAM,Standard,1,627.26,31.36,627.26,595.9,PayPal
4838,ORD_104838,1,305,CUST_0305,28,PROD_0028,Women's Sneakers Pro-Series 1,Apparel & Fashion,20250506,2025-05-06,2025-05-06 17:00:00,4,LATAM,Standard,2,301.74,0.0,603.48,603.48,Credit Card
4839,ORD_104839,1,179,CUST_0179,39,PROD_0039,Hardcover Novels Pro-Series 3,Books & Media,20250707,2025-07-07,2025-07-07 19:00:00,1,North America,Standard,2,217.64,0.0,435.28,435.28,Debit Card
4840,ORD_104840,1,164,CUST_0164,26,PROD_0026,Men's Jackets Pro-Series 2,Apparel & Fashion,20260513,2026-05-13,2026-05-13 20:00:00,1,North America,VIP,1,387.88,0.0,387.88,387.88,Credit Card
4841,ORD_104841,1,385,CUST_0385,6,PROD_0006,Laptops Pro-Series 3,Consumer Electronics,20260819,2026-08-19,2026-08-19 20:00:00,4,LATAM,Standard,4,304.52,121.81,1218.08,1096.27,PayPal
4842,ORD_104842,1,436,CUST_0436,20,PROD_0020,Blenders Pro-Series 2,Home & Kitchen,20250628,2025-06-28,2025-06-28 09:00:00,2,EMEA,Premium,3,80.82,12.12,242.46,230.34,Debit Card
4843,ORD_104843,1,468,CUST_0468,5,PROD_0005,Laptops Pro-Series 2,Consumer Electronics,20250427,2025-04-27,2025-04-27 11:00:00,3,APAC,Standard,3,144.32,64.94,432.96,368.02,Apple Pay
4844,ORD_104844,1,60,CUST_0060,8,PROD_0008,Audio Headphones Pro-Series 2,Consumer Electronics,20260322,2026-03-22,2026-03-22 19:00:00,4,LATAM,Standard,1,596.84,89.53,596.84,507.31,Credit Card
4845,ORD_104845,1,73,CUST_0073,35,PROD_0035,Watches Pro-Series 2,Apparel & Fashion,20250517,2025-05-17,2025-05-17 15:00:00,2,EMEA,Premium,1,495.6,49.56,495.6,446.04,Credit Card
4846,ORD_104846,1,122,CUST_0122,43,PROD_0043,Audiobooks Pro-Series 1,Books & Media,20250217,2025-02-17,2025-02-17 19:00:00,1,North America,Standard,5,262.83,65.71,1314.15,1248.44,Apple Pay
4847,ORD_104847,1,59,CUST_0059,12,PROD_0012,Smartwatches Pro-Series 3,Consumer Electronics,20260805,2026-08-05,2026-08-05 20:00:00,2,EMEA,Standard,2,414.15,0.0,828.3,828.3,Debit Card
4848,ORD_104848,1,192,CUST_0192,39,PROD_0039,Hardcover Novels Pro-Series 3,Books & Media,20250113,2025-01-13,2025-01-13 00:00:00,2,EMEA,Premium,2,217.64,43.53,435.28,391.75,Credit Card
4849,ORD_104849,1,72,CUST_0072,44,PROD_0044,Audiobooks Pro-Series 2,Books & Media,20260714,2026-07-14,2026-07-14 07:00:00,3,APAC,Premium,2,86.85,26.05,173.7,147.65,Debit Card
4850,ORD_104850,1,76,CUST_0076,42,PROD_0042,Tech Guides Pro-Series 3,Books & Media,20250614,2025-06-14,2025-06-14 11:00:00,1,North America,Premium,2,201.79,0.0,403.58,403.58,PayPal
4851,ORD_104851,1,224,CUST_0224,30,PROD_0030,Women's Sneakers Pro-Series 3,Apparel & Fashion,20250425,2025-04-25,2025-04-25 03:00:00,3,APAC,Premium,3,378.05,56.71,1134.15,1077.44,PayPal
4852,ORD_104852,1,253,CUST_0253,44,PROD_0044,Audiobooks Pro-Series 2,Books & Media,20250621,2025-06-21,2025-06-21 12:00:00,1,North America,Premium,1,86.85,0.0,86.85,86.85,Debit Card
4853,ORD_104853,1,57,CUST_0057,8,PROD_0008,Audio Headphones Pro-Series 2,Consumer Electronics,20260402,2026-04-02,2026-04-02 16:00:00,4,LATAM,Standard,4,596.84,358.1,2387.36,2029.26,PayPal
4854,ORD_104854,1,164,CUST_0164,7,PROD_0007,Audio Headphones Pro-Series 1,Consumer Electronics,20250108,2025-01-08,2025-01-08 05:00:00,3,APAC,VIP,2,136.35,40.9,272.7,231.8,Apple Pay
4855,ORD_104855,1,227,CUST_0227,15,PROD_0015,Coffee Makers Pro-Series 3,Home & Kitchen,20250623,2025-06-23,2025-06-23 13:00:00,1,North America,Standard,2,397.04,39.7,794.08,754.38,Credit Card
4856,ORD_104856,1,43,CUST_0043,31,PROD_0031,Sportswear Pro-Series 1,Apparel & Fashion,20260811,2026-08-11,2026-08-11 09:00:00,3,APAC,Premium,2,610.97,0.0,1221.94,1221.94,Apple Pay
4857,ORD_104857,1,406,CUST_0406,13,PROD_0013,Coffee Makers Pro-Series 1,Home & Kitchen,20250113,2025-01-13,2025-01-13 11:00:00,1,North America,Premium,5,177.25,88.62,886.25,797.63,Credit Card
4858,ORD_104858,1,176,CUST_0176,2,PROD_0002,Smartphones Pro-Series 2,Consumer Electronics,20250304,2025-03-04,2025-03-04 21:00:00,4,LATAM,Standard,3,484.7,145.41,1454.1,1308.69,Credit Card
4859,ORD_104859,1,257,CUST_0257,21,PROD_0021,Blenders Pro-Series 3,Home & Kitchen,20260625,2026-06-25,2026-06-25 08:00:00,2,EMEA,Standard,5,137.29,68.64,686.45,617.81,Debit Card
4860,ORD_104860,1,32,CUST_0032,15,PROD_0015,Coffee Makers Pro-Series 3,Home & Kitchen,20260517,2026-05-17,2026-05-17 14:00:00,4,LATAM,Standard,5,397.04,198.52,1985.2,1786.68,Debit Card
4861,ORD_104861,1,252,CUST_0252,4,PROD_0004,Laptops Pro-Series 1,Consumer Electronics,20260408,2026-04-08,2026-04-08 19:00:00,1,North America,Standard,5,328.32,82.08,1641.6,1559.52,Credit Card
4862,ORD_104862,1,140,CUST_0140,43,PROD_0043,Audiobooks Pro-Series 1,Books & Media,20260406,2026-04-06,2026-04-06 12:00:00,3,APAC,Standard,1,262.83,26.28,262.83,236.55,PayPal
4863,ORD_104863,1,368,CUST_0368,1,PROD_0001,Smartphones Pro-Series 1,Consumer Electronics,20251126,2025-11-26,2025-11-26 10:00:00,1,North America,Premium,4,247.49,49.5,989.96,940.46,Debit Card
4864,ORD_104864,1,329,CUST_0329,39,PROD_0039,Hardcover Novels Pro-Series 3,Books & Media,20250621,2025-06-21,2025-06-21 14:00:00,4,LATAM,Standard,2,217.64,21.76,435.28,413.52,PayPal
4865,ORD_104865,1,61,CUST_0061,45,PROD_0045,Audiobooks Pro-Series 3,Books & Media,20260802,2026-08-02,2026-08-02 00:00:00,2,EMEA,VIP,2,512.51,0.0,1025.02,1025.02,Apple Pay
4866,ORD_104866,1,385,CUST_0385,11,PROD_0011,Smartwatches Pro-Series 2,Consumer Electronics,20250421,2025-04-21,2025-04-21 02:00:00,1,North America,Standard,2,627.26,125.45,1254.52,1129.07,Credit Card
4867,ORD_104867,1,436,CUST_0436,25,PROD_0025,Men's Jackets Pro-Series 1,Apparel & Fashion,20260314,2026-03-14,2026-03-14 06:00:00,1,North America,Premium,1,381.42,0.0,381.42,381.42,Apple Pay
4868,ORD_104868,1,156,CUST_0156,3,PROD_0003,Smartphones Pro-Series 3,Consumer Electronics,20250131,2025-01-31,2025-01-31 05:00:00,4,LATAM,Standard,3,194.64,0.0,583.92,583.92,Credit Card
4869,ORD_104869,1,366,CUST_0366,18,PROD_0018,Air Fryers Pro-Series 3,Home & Kitchen,20260426,2026-04-26,2026-04-26 20:00:00,4,LATAM,Premium,1,497.95,0.0,497.95,497.95,Debit Card
4870,ORD_104870,1,202,CUST_0202,18,PROD_0018,Air Fryers Pro-Series 3,Home & Kitchen,20250220,2025-02-20,2025-02-20 21:00:00,3,APAC,Standard,4,497.95,298.77,1991.8,1693.03,Debit Card
4871,ORD_104871,1,337,CUST_0337,6,PROD_0006,Laptops Pro-Series 3,Consumer Electronics,20250719,2025-07-19,2025-07-19 20:00:00,2,EMEA,Premium,3,304.52,0.0,913.56,913.56,Debit Card
4872,ORD_104872,1,325,CUST_0325,20,PROD_0020,Blenders Pro-Series 2,Home & Kitchen,20250126,2025-01-26,2025-01-26 09:00:00,1,North America,Standard,2,80.82,0.0,161.64,161.64,Credit Card
4873,ORD_104873,1,386,CUST_0386,18,PROD_0018,Air Fryers Pro-Series 3,Home & Kitchen,20250508,2025-05-08,2025-05-08 03:00:00,3,APAC,Premium,4,497.95,298.77,1991.8,1693.03,Debit Card
4874,ORD_104874,1,214,CUST_0214,5,PROD_0005,Laptops Pro-Series 2,Consumer Electronics,20260421,2026-04-21,2026-04-21 14:00:00,3,APAC,Premium,2,144.32,28.86,288.64,259.78,Debit Card
4875,ORD_104875,1,248,CUST_0248,3,PROD_0003,Smartphones Pro-Series 3,Consumer Electronics,20250130,2025-01-30,2025-01-30 03:00:00,2,EMEA,Standard,1,194.64,29.2,194.64,165.44,Debit Card
4876,ORD_104876,1,39,CUST_0039,31,PROD_0031,Sportswear Pro-Series 1,Apparel & Fashion,20251110,2025-11-10,2025-11-10 10:00:00,4,LATAM,Standard,1,610.97,30.55,610.97,580.42,PayPal
4877,ORD_104877,1,3,CUST_0003,17,PROD_0017,Air Fryers Pro-Series 2,Home & Kitchen,20250730,2025-07-30,2025-07-30 17:00:00,3,APAC,Standard,2,438.78,87.76,877.56,789.8,Debit Card
4878,ORD_104878,1,226,CUST_0226,30,PROD_0030,Women's Sneakers Pro-Series 3,Apparel & Fashion,20260601,2026-06-01,2026-06-01 05:00:00,2,EMEA,Standard,3,378.05,56.71,1134.15,1077.44,PayPal
4879,ORD_104879,1,470,CUST_0470,23,PROD_0023,Robotic Vacuums Pro-Series 2,Home & Kitchen,20250302,2025-03-02,2025-03-02 19:00:00,2,EMEA,Standard,5,80.72,40.36,403.6,363.24,Debit Card
4880,ORD_104880,1,363,CUST_0363,33,PROD_0033,Sportswear Pro-Series 3,Apparel & Fashion,20250830,2025-08-30,2025-08-30 11:00:00,4,LATAM,Standard,2,230.01,69.0,460.02,391.02,PayPal
4881,ORD_104881,1,322,CUST_0322,22,PROD_0022,Robotic Vacuums Pro-Series 1,Home & Kitchen,20250714,2025-07-14,2025-07-14 06:00:00,4,LATAM,Premium,1,573.0,28.65,573.0,544.35,Apple Pay
4882,ORD_104882,1,125,CUST_0125,37,PROD_0037,Hardcover Novels Pro-Series 1,Books & Media,20250131,2025-01-31,2025-01-31 19:00:00,4,LATAM,Standard,4,271.24,54.25,1084.96,1030.71,Apple Pay
4883,ORD_104883,1,274,CUST_0274,19,PROD_0019,Blenders Pro-Series 1,Home & Kitchen,20260129,2026-01-29,2026-01-29 09:00:00,3,APAC,Standard,2,523.93,157.18,1047.86,890.68,PayPal
4884,ORD_104884,1,120,CUST_0120,21,PROD_0021,Blenders Pro-Series 3,Home & Kitchen,20260823,2026-08-23,2026-08-23 17:00:00,4,LATAM,VIP,3,137.29,20.59,411.87,391.28,PayPal
4885,ORD_104885,1,376,CUST_0376,36,PROD_0036,Watches Pro-Series 3,Apparel & Fashion,20250321,2025-03-21,2025-03-21 17:00:00,4,LATAM,Standard,4,387.69,232.61,1550.76,1318.15,PayPal
4886,ORD_104886,1,128,CUST_0128,22,PROD_0022,Robotic Vacuums Pro-Series 1,Home & Kitchen,20250609,2025-06-09,2025-06-09 15:00:00,2,EMEA,Premium,2,573.0,114.6,1146.0,1031.4,Credit Card
4887,ORD_104887,1,81,CUST_0081,4,PROD_0004,Laptops Pro-Series 1,Consumer Electronics,20260204,2026-02-04,2026-02-04 20:00:00,1,North America,Premium,4,328.32,196.99,1313.28,1116.29,PayPal
4888,ORD_104888,1,400,CUST_0400,4,PROD_0004,Laptops Pro-Series 1,Consumer Electronics,20250909,2025-09-09,2025-09-09 08:00:00,1,North America,Premium,3,328.32,49.25,984.96,935.71,Credit Card
4889,ORD_104889,1,354,CUST_0354,13,PROD_0013,Coffee Makers Pro-Series 1,Home & Kitchen,20260119,2026-01-19,2026-01-19 12:00:00,3,APAC,Standard,3,177.25,26.59,531.75,505.16,Debit Card
4890,ORD_104890,1,88,CUST_0088,34,PROD_0034,Watches Pro-Series 1,Apparel & Fashion,20250805,2025-08-05,2025-08-05 12:00:00,4,LATAM,VIP,2,277.89,27.79,555.78,527.99,PayPal
4891,ORD_104891,1,17,CUST_0017,19,PROD_0019,Blenders Pro-Series 1,Home & Kitchen,20260109,2026-01-09,2026-01-09 14:00:00,3,APAC,Premium,3,523.93,157.18,1571.79,1414.61,Apple Pay
4892,ORD_104892,1,465,CUST_0465,42,PROD_0042,Tech Guides Pro-Series 3,Books & Media,20250501,2025-05-01,2025-05-01 23:00:00,3,APAC,Premium,2,201.79,40.36,403.58,363.22,Apple Pay
4893,ORD_104893,1,40,CUST_0040,7,PROD_0007,Audio Headphones Pro-Series 1,Consumer Electronics,20250531,2025-05-31,2025-05-31 02:00:00,4,LATAM,Standard,3,136.35,40.91,409.05,368.14,Apple Pay
4894,ORD_104894,1,171,CUST_0171,31,PROD_0031,Sportswear Pro-Series 1,Apparel & Fashion,20251028,2025-10-28,2025-10-28 18:00:00,3,APAC,Standard,2,610.97,0.0,1221.94,1221.94,Apple Pay
4895,ORD_104895,1,394,CUST_0394,20,PROD_0020,Blenders Pro-Series 2,Home & Kitchen,20250703,2025-07-03,2025-07-03 20:00:00,4,LATAM,Premium,2,80.82,0.0,161.64,161.64,Apple Pay
4896,ORD_104896,1,320,CUST_0320,8,PROD_0008,Audio Headphones Pro-Series 2,Consumer Electronics,20250318,2025-03-18,2025-03-18 05:00:00,1,North America,Premium,4,596.84,238.74,2387.36,2148.62,Debit Card
4897,ORD_104897,1,339,CUST_0339,25,PROD_0025,Men's Jackets Pro-Series 1,Apparel & Fashion,20250627,2025-06-27,2025-06-27 08:00:00,3,APAC,Premium,2,381.42,114.43,762.84,648.41,PayPal
4898,ORD_104898,1,373,CUST_0373,14,PROD_0014,Coffee Makers Pro-Series 2,Home & Kitchen,20250917,2025-09-17,2025-09-17 14:00:00,3,APAC,Standard,2,94.28,28.28,188.56,160.28,Apple Pay
4899,ORD_104899,1,185,CUST_0185,16,PROD_0016,Air Fryers Pro-Series 1,Home & Kitchen,20260807,2026-08-07,2026-08-07 03:00:00,1,North America,VIP,1,403.75,60.56,403.75,343.19,Apple Pay
4900,ORD_104900,1,189,CUST_0189,42,PROD_0042,Tech Guides Pro-Series 3,Books & Media,20250503,2025-05-03,2025-05-03 08:00:00,1,North America,Standard,5,201.79,50.45,1008.95,958.5,Apple Pay
4901,ORD_104901,1,91,CUST_0091,44,PROD_0044,Audiobooks Pro-Series 2,Books & Media,20260507,2026-05-07,2026-05-07 18:00:00,2,EMEA,Standard,1,86.85,8.69,86.85,78.16,Debit Card
4902,ORD_104902,1,134,CUST_0134,21,PROD_0021,Blenders Pro-Series 3,Home & Kitchen,20260726,2026-07-26,2026-07-26 05:00:00,2,EMEA,Premium,1,137.29,0.0,137.29,137.29,Credit Card
4903,ORD_104903,1,208,CUST_0208,20,PROD_0020,Blenders Pro-Series 2,Home & Kitchen,20250524,2025-05-24,2025-05-24 08:00:00,2,EMEA,VIP,4,80.82,48.49,323.28,274.79,PayPal
4904,ORD_104904,1,382,CUST_0382,4,PROD_0004,Laptops Pro-Series 1,Consumer Electronics,20251112,2025-11-12,2025-11-12 06:00:00,1,North America,Premium,3,328.32,147.74,984.96,837.22,Credit Card
4905,ORD_104905,1,378,CUST_0378,38,PROD_0038,Hardcover Novels Pro-Series 2,Books & Media,20260312,2026-03-12,2026-03-12 13:00:00,4,LATAM,Standard,1,157.75,0.0,157.75,157.75,Debit Card
4906,ORD_104906,1,384,CUST_0384,29,PROD_0029,Women's Sneakers Pro-Series 2,Apparel & Fashion,20260228,2026-02-28,2026-02-28 07:00:00,3,APAC,Premium,5,420.39,0.0,2101.95,2101.95,PayPal
4907,ORD_104907,1,468,CUST_0468,32,PROD_0032,Sportswear Pro-Series 2,Apparel & Fashion,20250307,2025-03-07,2025-03-07 16:00:00,1,North America,Standard,4,106.55,42.62,426.2,383.58,Credit Card
4908,ORD_104908,1,435,CUST_0435,18,PROD_0018,Air Fryers Pro-Series 3,Home & Kitchen,20260311,2026-03-11,2026-03-11 02:00:00,4,LATAM,Standard,1,497.95,49.8,497.95,448.15,Credit Card
4909,ORD_104909,1,462,CUST_0462,11,PROD_0011,Smartwatches Pro-Series 2,Consumer Electronics,20250415,2025-04-15,2025-04-15 03:00:00,3,APAC,Standard,1,627.26,31.36,627.26,595.9,PayPal
4910,ORD_104910,1,23,CUST_0023,1,PROD_0001,Smartphones Pro-Series 1,Consumer Electronics,20250325,2025-03-25,2025-03-25 13:00:00,3,APAC,Premium,1,247.49,12.37,247.49,235.12,Debit Card
4911,ORD_104911,1,476,CUST_0476,40,PROD_0040,Tech Guides Pro-Series 1,Books & Media,20250619,2025-06-19,2025-06-19 17:00:00,4,LATAM,Premium,5,507.6,126.9,2538.0,2411.1,PayPal
4912,ORD_104912,1,31,CUST_0031,36,PROD_0036,Watches Pro-Series 3,Apparel & Fashion,20250426,2025-04-26,2025-04-26 05:00:00,4,LATAM,Standard,1,387.69,38.77,387.69,348.92,Apple Pay
4913,ORD_104913,1,19,CUST_0019,30,PROD_0030,Women's Sneakers Pro-Series 3,Apparel & Fashion,20250525,2025-05-25,2025-05-25 11:00:00,4,LATAM,Standard,4,378.05,226.83,1512.2,1285.37,Apple Pay
4914,ORD_104914,1,477,CUST_0477,4,PROD_0004,Laptops Pro-Series 1,Consumer Electronics,20250617,2025-06-17,2025-06-17 01:00:00,1,North America,VIP,3,328.32,0.0,984.96,984.96,Apple Pay
4915,ORD_104915,1,132,CUST_0132,26,PROD_0026,Men's Jackets Pro-Series 2,Apparel & Fashion,20251004,2025-10-04,2025-10-04 04:00:00,1,North America,Standard,4,387.88,77.58,1551.52,1473.94,Debit Card
4916,ORD_104916,1,362,CUST_0362,35,PROD_0035,Watches Pro-Series 2,Apparel & Fashion,20250623,2025-06-23,2025-06-23 07:00:00,4,LATAM,Premium,1,495.6,49.56,495.6,446.04,Apple Pay
4917,ORD_104917,1,361,CUST_0361,21,PROD_0021,Blenders Pro-Series 3,Home & Kitchen,20250623,2025-06-23,2025-06-23 16:00:00,3,APAC,Standard,4,137.29,54.92,549.16,494.24,Debit Card
4918,ORD_104918,1,459,CUST_0459,32,PROD_0032,Sportswear Pro-Series 2,Apparel & Fashion,20260324,2026-03-24,2026-03-24 06:00:00,2,EMEA,Premium,5,106.55,26.64,532.75,506.11,Credit Card
4919,ORD_104919,1,256,CUST_0256,31,PROD_0031,Sportswear Pro-Series 1,Apparel & Fashion,20251215,2025-12-15,2025-12-15 10:00:00,4,LATAM,Premium,5,610.97,152.74,3054.85,2902.11,Debit Card
4920,ORD_104920,1,9,CUST_0009,31,PROD_0031,Sportswear Pro-Series 1,Apparel & Fashion,20260331,2026-03-31,2026-03-31 13:00:00,3,APAC,Premium,1,610.97,0.0,610.97,610.97,Apple Pay
4921,ORD_104921,1,310,CUST_0310,18,PROD_0018,Air Fryers Pro-Series 3,Home & Kitchen,20260824,2026-08-24,2026-08-24 06:00:00,1,North America,Standard,3,497.95,0.0,1493.85,1493.85,Apple Pay
4922,ORD_104922,1,29,CUST_0029,16,PROD_0016,Air Fryers Pro-Series 1,Home & Kitchen,20250824,2025-08-24,2025-08-24 18:00:00,3,APAC,Premium,4,403.75,0.0,1615.0,1615.0,PayPal
4923,ORD_104923,1,393,CUST_0393,36,PROD_0036,Watches Pro-Series 3,Apparel & Fashion,20260628,2026-06-28,2026-06-28 11:00:00,4,LATAM,VIP,5,387.69,290.77,1938.45,1647.68,Debit Card
4924,ORD_104924,1,215,CUST_0215,14,PROD_0014,Coffee Makers Pro-Series 2,Home & Kitchen,20250116,2025-01-16,2025-01-16 19:00:00,3,APAC,Premium,3,94.28,42.43,282.84,240.41,Debit Card
4925,ORD_104925,1,168,CUST_0168,6,PROD_0006,Laptops Pro-Series 3,Consumer Electronics,20250118,2025-01-18,2025-01-18 15:00:00,2,EMEA,Standard,1,304.52,0.0,304.52,304.52,Credit Card
4926,ORD_104926,1,67,CUST_0067,25,PROD_0025,Men's Jackets Pro-Series 1,Apparel & Fashion,20260528,2026-05-28,2026-05-28 09:00:00,2,EMEA,Premium,2,381.42,114.43,762.84,648.41,Apple Pay
4927,ORD_104927,1,270,CUST_0270,2,PROD_0002,Smartphones Pro-Series 2,Consumer Electronics,20251020,2025-10-20,2025-10-20 03:00:00,2,EMEA,Standard,3,484.7,145.41,1454.1,1308.69,Apple Pay
4928,ORD_104928,1,179,CUST_0179,39,PROD_0039,Hardcover Novels Pro-Series 3,Books & Media,20250304,2025-03-04,2025-03-04 16:00:00,2,EMEA,Standard,3,217.64,97.94,652.92,554.98,Apple Pay
4929,ORD_104929,1,81,CUST_0081,18,PROD_0018,Air Fryers Pro-Series 3,Home & Kitchen,20250904,2025-09-04,2025-09-04 10:00:00,2,EMEA,Premium,4,497.95,298.77,1991.8,1693.03,Apple Pay
4930,ORD_104930,1,371,CUST_0371,27,PROD_0027,Men's Jackets Pro-Series 3,Apparel & Fashion,20250208,2025-02-08,2025-02-08 14:00:00,3,APAC,Standard,3,452.99,203.85,1358.97,1155.12,PayPal
4931,ORD_104931,1,287,CUST_0287,23,PROD_0023,Robotic Vacuums Pro-Series 2,Home & Kitchen,20260513,2026-05-13,2026-05-13 08:00:00,2,EMEA,Standard,3,80.72,0.0,242.16,242.16,PayPal
4932,ORD_104932,1,481,CUST_0481,36,PROD_0036,Watches Pro-Series 3,Apparel & Fashion,20250624,2025-06-24,2025-06-24 10:00:00,3,APAC,Standard,4,387.69,232.61,1550.76,1318.15,Credit Card
4933,ORD_104933,1,252,CUST_0252,21,PROD_0021,Blenders Pro-Series 3,Home & Kitchen,20250326,2025-03-26,2025-03-26 21:00:00,2,EMEA,Standard,2,137.29,41.19,274.58,233.39,PayPal
4934,ORD_104934,1,352,CUST_0352,28,PROD_0028,Women's Sneakers Pro-Series 1,Apparel & Fashion,20251008,2025-10-08,2025-10-08 18:00:00,3,APAC,Premium,2,301.74,30.17,603.48,573.31,Debit Card
4935,ORD_104935,1,348,CUST_0348,38,PROD_0038,Hardcover Novels Pro-Series 2,Books & Media,20260524,2026-05-24,2026-05-24 08:00:00,1,North America,Standard,2,157.75,0.0,315.5,315.5,PayPal
4936,ORD_104936,1,138,CUST_0138,3,PROD_0003,Smartphones Pro-Series 3,Consumer Electronics,20260614,2026-06-14,2026-06-14 10:00:00,4,LATAM,Premium,1,194.64,0.0,194.64,194.64,Apple Pay
4937,ORD_104937,1,293,CUST_0293,6,PROD_0006,Laptops Pro-Series 3,Consumer Electronics,20250402,2025-04-02,2025-04-02 10:00:00,2,EMEA,Premium,3,304.52,45.68,913.56,867.88,Debit Card
4938,ORD_104938,1,164,CUST_0164,31,PROD_0031,Sportswear Pro-Series 1,Apparel & Fashion,20260801,2026-08-01,2026-08-01 23:00:00,3,APAC,VIP,2,610.97,122.19,1221.94,1099.75,Credit Card
4939,ORD_104939,1,483,CUST_0483,39,PROD_0039,Hardcover Novels Pro-Series 3,Books & Media,20250726,2025-07-26,2025-07-26 21:00:00,4,LATAM,Premium,4,217.64,43.53,870.56,827.03,Apple Pay
4940,ORD_104940,1,146,CUST_0146,27,PROD_0027,Men's Jackets Pro-Series 3,Apparel & Fashion,20250614,2025-06-14,2025-06-14 19:00:00,1,North America,Premium,3,452.99,67.95,1358.97,1291.02,Debit Card
4941,ORD_104941,1,139,CUST_0139,4,PROD_0004,Laptops Pro-Series 1,Consumer Electronics,20250621,2025-06-21,2025-06-21 00:00:00,3,APAC,Standard,2,328.32,0.0,656.64,656.64,Debit Card
4942,ORD_104942,1,135,CUST_0135,27,PROD_0027,Men's Jackets Pro-Series 3,Apparel & Fashion,20250909,2025-09-09,2025-09-09 06:00:00,1,North America,Standard,1,452.99,67.95,452.99,385.04,Debit Card
4943,ORD_104943,1,74,CUST_0074,34,PROD_0034,Watches Pro-Series 1,Apparel & Fashion,20250713,2025-07-13,2025-07-13 14:00:00,2,EMEA,Premium,4,277.89,111.16,1111.56,1000.4,PayPal
4944,ORD_104944,1,260,CUST_0260,3,PROD_0003,Smartphones Pro-Series 3,Consumer Electronics,20250812,2025-08-12,2025-08-12 22:00:00,3,APAC,Standard,1,194.64,0.0,194.64,194.64,Debit Card
4945,ORD_104945,1,25,CUST_0025,16,PROD_0016,Air Fryers Pro-Series 1,Home & Kitchen,20250329,2025-03-29,2025-03-29 12:00:00,2,EMEA,Standard,2,403.75,0.0,807.5,807.5,Apple Pay
4946,ORD_104946,1,45,CUST_0045,34,PROD_0034,Watches Pro-Series 1,Apparel & Fashion,20251026,2025-10-26,2025-10-26 09:00:00,3,APAC,Premium,2,277.89,83.37,555.78,472.41,Debit Card
4947,ORD_104947,1,93,CUST_0093,44,PROD_0044,Audiobooks Pro-Series 2,Books & Media,20250225,2025-02-25,2025-02-25 21:00:00,1,North America,Standard,5,86.85,21.71,434.25,412.54,Credit Card
4948,ORD_104948,1,467,CUST_0467,36,PROD_0036,Watches Pro-Series 3,Apparel & Fashion,20250816,2025-08-16,2025-08-16 15:00:00,1,North America,Premium,2,387.69,0.0,775.38,775.38,Credit Card
4949,ORD_104949,1,477,CUST_0477,27,PROD_0027,Men's Jackets Pro-Series 3,Apparel & Fashion,20260818,2026-08-18,2026-08-18 07:00:00,4,LATAM,VIP,4,452.99,271.79,1811.96,1540.17,Debit Card
4950,ORD_104950,1,123,CUST_0123,27,PROD_0027,Men's Jackets Pro-Series 3,Apparel & Fashion,20260420,2026-04-20,2026-04-20 14:00:00,3,APAC,Standard,4,452.99,271.79,1811.96,1540.17,Apple Pay
4951,ORD_104951,1,153,CUST_0153,22,PROD_0022,Robotic Vacuums Pro-Series 1,Home & Kitchen,20260101,2026-01-01,2026-01-01 11:00:00,1,North America,Premium,2,573.0,114.6,1146.0,1031.4,Credit Card
4952,ORD_104952,1,129,CUST_0129,13,PROD_0013,Coffee Makers Pro-Series 1,Home & Kitchen,20251205,2025-12-05,2025-12-05 22:00:00,3,APAC,Premium,1,177.25,0.0,177.25,177.25,Credit Card
4953,ORD_104953,1,320,CUST_0320,14,PROD_0014,Coffee Makers Pro-Series 2,Home & Kitchen,20250524,2025-05-24,2025-05-24 12:00:00,3,APAC,Premium,3,94.28,14.14,282.84,268.7,PayPal
4954,ORD_104954,1,317,CUST_0317,9,PROD_0009,Audio Headphones Pro-Series 3,Consumer Electronics,20250220,2025-02-20,2025-02-20 17:00:00,2,EMEA,Standard,2,512.06,51.21,1024.12,972.91,Credit Card
4955,ORD_104955,1,348,CUST_0348,5,PROD_0005,Laptops Pro-Series 2,Consumer Electronics,20250730,2025-07-30,2025-07-30 11:00:00,3,APAC,Standard,5,144.32,72.16,721.6,649.44,Apple Pay
4956,ORD_104956,1,12,CUST_0012,10,PROD_0010,Smartwatches Pro-Series 1,Consumer Electronics,20250130,2025-01-30,2025-01-30 14:00:00,4,LATAM,VIP,3,238.77,0.0,716.31,716.31,Debit Card
4957,ORD_104957,1,8,CUST_0008,25,PROD_0025,Men's Jackets Pro-Series 1,Apparel & Fashion,20250522,2025-05-22,2025-05-22 13:00:00,4,LATAM,Standard,3,381.42,0.0,1144.26,1144.26,Apple Pay
4958,ORD_104958,1,423,CUST_0423,20,PROD_0020,Blenders Pro-Series 2,Home & Kitchen,20250507,2025-05-07,2025-05-07 23:00:00,3,APAC,Standard,5,80.82,60.61,404.1,343.49,Debit Card
4959,ORD_104959,1,478,CUST_0478,27,PROD_0027,Men's Jackets Pro-Series 3,Apparel & Fashion,20250610,2025-06-10,2025-06-10 03:00:00,3,APAC,Premium,5,452.99,113.25,2264.95,2151.7,Apple Pay
4960,ORD_104960,1,357,CUST_0357,38,PROD_0038,Hardcover Novels Pro-Series 2,Books & Media,20250520,2025-05-20,2025-05-20 14:00:00,4,LATAM,Premium,2,157.75,0.0,315.5,315.5,PayPal
4961,ORD_104961,1,28,CUST_0028,28,PROD_0028,Women's Sneakers Pro-Series 1,Apparel & Fashion,20260821,2026-08-21,2026-08-21 09:00:00,3,APAC,Premium,4,301.74,60.35,1206.96,1146.61,Apple Pay
4962,ORD_104962,1,18,CUST_0018,11,PROD_0011,Smartwatches Pro-Series 2,Consumer Electronics,20250621,2025-06-21,2025-06-21 21:00:00,2,EMEA,Standard,3,627.26,94.09,1881.78,1787.69,Debit Card
4963,ORD_104963,1,83,CUST_0083,24,PROD_0024,Robotic Vacuums Pro-Series 3,Home & Kitchen,20260419,2026-04-19,2026-04-19 03:00:00,2,EMEA,Premium,5,106.82,53.41,534.1,480.69,Credit Card
4964,ORD_104964,1,184,CUST_0184,6,PROD_0006,Laptops Pro-Series 3,Consumer Electronics,20251104,2025-11-04,2025-11-04 19:00:00,4,LATAM,Premium,3,304.52,0.0,913.56,913.56,Apple Pay
4965,ORD_104965,1,337,CUST_0337,19,PROD_0019,Blenders Pro-Series 1,Home & Kitchen,20251118,2025-11-18,2025-11-18 12:00:00,3,APAC,Premium,4,523.93,209.57,2095.72,1886.15,Apple Pay
4966,ORD_104966,1,423,CUST_0423,38,PROD_0038,Hardcover Novels Pro-Series 2,Books & Media,20250528,2025-05-28,2025-05-28 07:00:00,1,North America,Standard,1,157.75,15.78,157.75,141.97,Credit Card
4967,ORD_104967,1,156,CUST_0156,10,PROD_0010,Smartwatches Pro-Series 1,Consumer Electronics,20260115,2026-01-15,2026-01-15 05:00:00,4,LATAM,Standard,4,238.77,95.51,955.08,859.57,Apple Pay
4968,ORD_104968,1,456,CUST_0456,1,PROD_0001,Smartphones Pro-Series 1,Consumer Electronics,20250919,2025-09-19,2025-09-19 15:00:00,1,North America,Standard,5,247.49,185.62,1237.45,1051.83,Debit Card
4969,ORD_104969,1,64,CUST_0064,44,PROD_0044,Audiobooks Pro-Series 2,Books & Media,20251221,2025-12-21,2025-12-21 01:00:00,3,APAC,VIP,4,86.85,52.11,347.4,295.29,Credit Card
4970,ORD_104970,1,251,CUST_0251,10,PROD_0010,Smartwatches Pro-Series 1,Consumer Electronics,20250822,2025-08-22,2025-08-22 13:00:00,3,APAC,Premium,1,238.77,11.94,238.77,226.83,Credit Card
4971,ORD_104971,1,159,CUST_0159,43,PROD_0043,Audiobooks Pro-Series 1,Books & Media,20250228,2025-02-28,2025-02-28 22:00:00,1,North America,Standard,4,262.83,157.7,1051.32,893.62,Credit Card
4972,ORD_104972,1,139,CUST_0139,45,PROD_0045,Audiobooks Pro-Series 3,Books & Media,20260523,2026-05-23,2026-05-23 07:00:00,4,LATAM,Standard,1,512.51,25.63,512.51,486.88,Credit Card
4973,ORD_104973,1,114,CUST_0114,43,PROD_0043,Audiobooks Pro-Series 1,Books & Media,20260228,2026-02-28,2026-02-28 03:00:00,3,APAC,Premium,1,262.83,39.42,262.83,223.41,PayPal
4974,ORD_104974,1,454,CUST_0454,18,PROD_0018,Air Fryers Pro-Series 3,Home & Kitchen,20250331,2025-03-31,2025-03-31 12:00:00,3,APAC,Standard,4,497.95,199.18,1991.8,1792.62,PayPal
4975,ORD_104975,1,148,CUST_0148,42,PROD_0042,Tech Guides Pro-Series 3,Books & Media,20260515,2026-05-15,2026-05-15 11:00:00,2,EMEA,Standard,5,201.79,50.45,1008.95,958.5,PayPal
4976,ORD_104976,1,251,CUST_0251,44,PROD_0044,Audiobooks Pro-Series 2,Books & Media,20260730,2026-07-30,2026-07-30 12:00:00,3,APAC,Premium,1,86.85,8.69,86.85,78.16,Credit Card
4977,ORD_104977,1,267,CUST_0267,33,PROD_0033,Sportswear Pro-Series 3,Apparel & Fashion,20260310,2026-03-10,2026-03-10 12:00:00,1,North America,Standard,3,230.01,69.0,690.03,621.03,Debit Card
4978,ORD_104978,1,167,CUST_0167,24,PROD_0024,Robotic Vacuums Pro-Series 3,Home & Kitchen,20250423,2025-04-23,2025-04-23 22:00:00,4,LATAM,Standard,4,106.82,0.0,427.28,427.28,Debit Card
4979,ORD_104979,1,299,CUST_0299,20,PROD_0020,Blenders Pro-Series 2,Home & Kitchen,20260301,2026-03-01,2026-03-01 17:00:00,1,North America,Standard,5,80.82,20.2,404.1,383.9,Debit Card
4980,ORD_104980,1,129,CUST_0129,27,PROD_0027,Men's Jackets Pro-Series 3,Apparel & Fashion,20250902,2025-09-02,2025-09-02 12:00:00,1,North America,Premium,3,452.99,135.9,1358.97,1223.07,Apple Pay
4981,ORD_104981,1,212,CUST_0212,8,PROD_0008,Audio Headphones Pro-Series 2,Consumer Electronics,20250503,2025-05-03,2025-05-03 22:00:00,1,North America,Premium,2,596.84,59.68,1193.68,1134.0,Apple Pay
4982,ORD_104982,1,96,CUST_0096,9,PROD_0009,Audio Headphones Pro-Series 3,Consumer Electronics,20260302,2026-03-02,2026-03-02 06:00:00,3,APAC,Standard,3,512.06,0.0,1536.18,1536.18,PayPal
4983,ORD_104983,1,311,CUST_0311,26,PROD_0026,Men's Jackets Pro-Series 2,Apparel & Fashion,20260118,2026-01-18,2026-01-18 12:00:00,1,North America,Standard,5,387.88,96.97,1939.4,1842.43,Credit Card
4984,ORD_104984,1,364,CUST_0364,28,PROD_0028,Women's Sneakers Pro-Series 1,Apparel & Fashion,20250529,2025-05-29,2025-05-29 20:00:00,4,LATAM,VIP,3,301.74,135.78,905.22,769.44,Debit Card
4985,ORD_104985,1,270,CUST_0270,31,PROD_0031,Sportswear Pro-Series 1,Apparel & Fashion,20260721,2026-07-21,2026-07-21 09:00:00,4,LATAM,Standard,2,610.97,0.0,1221.94,1221.94,Debit Card
4986,ORD_104986,1,178,CUST_0178,11,PROD_0011,Smartwatches Pro-Series 2,Consumer Electronics,20250818,2025-08-18,2025-08-18 01:00:00,4,LATAM,Standard,1,627.26,62.73,627.26,564.53,PayPal
4987,ORD_104987,1,449,CUST_0449,12,PROD_0012,Smartwatches Pro-Series 3,Consumer Electronics,20260203,2026-02-03,2026-02-03 18:00:00,2,EMEA,VIP,3,414.15,0.0,1242.45,1242.45,Debit Card
4988,ORD_104988,1,121,CUST_0121,1,PROD_0001,Smartphones Pro-Series 1,Consumer Electronics,20250914,2025-09-14,2025-09-14 04:00:00,1,North America,Premium,2,247.49,74.25,494.98,420.73,Apple Pay
4989,ORD_104989,1,470,CUST_0470,1,PROD_0001,Smartphones Pro-Series 1,Consumer Electronics,20260220,2026-02-20,2026-02-20 18:00:00,1,North America,Standard,4,247.49,148.49,989.96,841.47,PayPal
4990,ORD_104990,1,47,CUST_0047,37,PROD_0037,Hardcover Novels Pro-Series 1,Books & Media,20250421,2025-04-21,2025-04-21 19:00:00,4,LATAM,Standard,2,271.24,81.37,542.48,461.11,Credit Card
4991,ORD_104991,1,342,CUST_0342,23,PROD_0023,Robotic Vacuums Pro-Series 2,Home & Kitchen,20260621,2026-06-21,2026-06-21 11:00:00,2,EMEA,VIP,4,80.72,0.0,322.88,322.88,Debit Card
4992,ORD_104992,1,99,CUST_0099,1,PROD_0001,Smartphones Pro-Series 1,Consumer Electronics,20250603,2025-06-03,2025-06-03 05:00:00,4,LATAM,Premium,2,247.49,49.5,494.98,445.48,Debit Card
4993,ORD_104993,1,329,CUST_0329,23,PROD_0023,Robotic Vacuums Pro-Series 2,Home & Kitchen,20260427,2026-04-27,2026-04-27 06:00:00,4,LATAM,Standard,4,80.72,32.29,322.88,290.59,Debit Card
4994,ORD_104994,1,393,CUST_0393,39,PROD_0039,Hardcover Novels Pro-Series 3,Books & Media,20251024,2025-10-24,2025-10-24 05:00:00,3,APAC,VIP,1,217.64,0.0,217.64,217.64,Apple Pay
4995,ORD_104995,1,19,CUST_0019,14,PROD_0014,Coffee Makers Pro-Series 2,Home & Kitchen,20250109,2025-01-09,2025-01-09 22:00:00,2,EMEA,Standard,4,94.28,18.86,377.12,358.26,Credit Card
4996,ORD_104996,1,158,CUST_0158,34,PROD_0034,Watches Pro-Series 1,Apparel & Fashion,20250812,2025-08-12,2025-08-12 04:00:00,2,EMEA,Premium,4,277.89,111.16,1111.56,1000.4,Debit Card
4997,ORD_104997,1,407,CUST_0407,21,PROD_0021,Blenders Pro-Series 3,Home & Kitchen,20250731,2025-07-31,2025-07-31 23:00:00,2,EMEA,Premium,2,137.29,27.46,274.58,247.12,Debit Card
4998,ORD_104998,1,286,CUST_0286,33,PROD_0033,Sportswear Pro-Series 3,Apparel & Fashion,20250324,2025-03-24,2025-03-24 03:00:00,2,EMEA,Standard,1,230.01,11.5,230.01,218.51,Credit Card
4999,ORD_104999,1,361,CUST_0361,38,PROD_0038,Hardcover Novels Pro-Series 2,Books & Media,20260316,2026-03-16,2026-03-16 21:00:00,3,APAC,Standard,5,157.75,118.31,788.75,670.44,PayPal
5000,ORD_105000,1,172,CUST_0172,13,PROD_0013,Coffee Makers Pro-Series 1,Home & Kitchen,20250310,2025-03-10,2025-03-10 17:00:00,1,North America,Standard,1,177.25,0.0,177.25,177.25,PayPal
